date,position,song,artist,popularity,duration_ms,album_type,total_tracks,is_explicit,album_cover_url
2024-01-01,1,Wildflower Names,The Lantern Club feat. Nova Reyes,100.0,178107,Album,11,True,https://cdn.example.com/covers/144.jpg
2024-01-01,2,Faded Rivers,Saint Avery,100.0,216418,Album,15,False,https://cdn.example.com/covers/033.jpg
2024-01-01,3,Bitter Engines,Ruben Castellanos,100.0,183774,Album,18,False,https://cdn.example.com/covers/009.jpg
2024-01-01,4,Bitter Machines,Dust & Ember,100.0,218931,Single,1,False,https://cdn.example.com/covers/011.jpg
2024-01-01,5,Wildflower Signals,Dust & Ember,100.0,277579,Single,1,True,https://cdn.example.com/covers/146.jpg
2024-01-01,6,Ashen Rooms,Saint Avery feat. The Paper Kites Co.,100.0,221034,Album,20,True,https://cdn.example.com/covers/006.jpg
2024-01-01,7,Ashen Engines,Nova Reyes feat. Omar Diallo,100.0,213798,Single,1,True,https://cdn.example.com/covers/001.jpg
2024-01-01,8,Static Bones,Milo & The Tides,100.0,128236,Album,19,False,https://cdn.example.com/covers/109.jpg
2024-01-01,9,Sunlit Machines,Saint Avery feat. Deja Monroe,100.0,223896,Single,1,False,https://cdn.example.com/covers/127.jpg
2024-01-01,10,Faded Lines,Omar Diallo,94.0,213467,Album,10,True,https://cdn.example.com/covers/031.jpg
2024-01-01,11,Velvet Daylight,Bea Whitlock,94.0,214069,Album,6,True,https://cdn.example.com/covers/132.jpg
2024-01-01,12,Neon Wires,Deja Monroe feat. Milo & The Tides,98.0,189317,Album,20,False,https://cdn.example.com/covers/080.jpg
2024-01-01,13,Ashen Names,The Lantern Club,99.0,184103,Album,11,False,https://cdn.example.com/covers/005.jpg
2024-01-01,14,Faded Promises,The Paper Kites Co.,100.0,216898,Album,11,False,https://cdn.example.com/covers/032.jpg
2024-01-01,15,Ivory Letters,Saint Avery,93.0,230277,Single,1,False,https://cdn.example.com/covers/057.jpg
2024-01-01,16,Paper Rivers,Lorna Sky,95.0,245886,Album,12,False,https://cdn.example.com/covers/086.jpg
2024-01-01,17,Midnight Crowns,Jaxon Frey,95.0,210662,Album,13,True,https://cdn.example.com/covers/067.jpg
2024-01-01,18,Electric Weather,Dust & Ember feat. Milo & The Tides,92.0,135617,Album,11,False,https://cdn.example.com/covers/025.jpg
2024-01-01,19,Static Ghosts,Ruben Castellanos,94.0,214720,Single,1,False,https://cdn.example.com/covers/111.jpg
2024-01-01,20,Sunlit Crowns,Kira Lindqvist,93.0,189400,Single,1,False,https://cdn.example.com/covers/123.jpg
2024-01-01,21,Silver Bones,Saint Avery feat. Trey Nakamura,93.0,242348,Single,1,True,https://cdn.example.com/covers/102.jpg
2024-01-01,22,Faded Bones,Kira Lindqvist,88.0,205265,Single,1,True,https://cdn.example.com/covers/027.jpg
2024-01-01,23,Hollow Promises,Velvet Static,82.0,137625,Single,1,True,https://cdn.example.com/covers/050.jpg
2024-01-01,24,Golden Rivers,Bea Whitlock,94.0,215953,Single,1,False,https://cdn.example.com/covers/044.jpg
2024-01-01,25,Wildflower Engines,Priya Anand,91.0,211866,Album,20,False,https://cdn.example.com/covers/141.jpg
2024-01-01,26,Quiet Promises,Deja Monroe,87.0,172131,Album,16,False,https://cdn.example.com/covers/091.jpg
2024-01-01,27,Hollow Vices,Bea Whitlock,90.0,173530,Album,17,False,https://cdn.example.com/covers/053.jpg
2024-01-01,28,Restless Rivers,The Lantern Club,90.0,228103,Single,1,False,https://cdn.example.com/covers/099.jpg
2024-01-01,29,Faded Crowns,Jaxon Frey,88.0,146551,Album,17,True,https://cdn.example.com/covers/029.jpg
2024-01-01,30,Ivory Hours,Deja Monroe,89.0,236456,Album,12,False,https://cdn.example.com/covers/056.jpg
2024-01-01,31,Ivory Summers,Saint Avery,86.0,277100,Album,17,True,https://cdn.example.com/covers/058.jpg
2024-01-01,32,Lonely Machines,  LORNA SKY,80.0,254785,Single,1,True,https://cdn.example.com/covers/062.jpg
2024-01-01,33,Paper Cities,Velvet Static,83.0,195370,Album,16,False,https://cdn.example.com/covers/081.jpg
2024-01-01,34,Ashen Bones,Milo & The Tides feat. Omar Diallo,85.0,143025,Single,1,False,https://cdn.example.com/covers/000.jpg
2024-01-01,35,Lonely Names,Saint Avery,82.0,240634,Album,18,False,https://cdn.example.com/covers/063.jpg
2024-01-01,36,Quiet Cities,Halcyon Youth,79.0,190645,Album,11,True,https://cdn.example.com/covers/088.jpg
2024-01-01,37,Lonely Lines,Omar Diallo,82.0,164735,Single,1,False,https://cdn.example.com/covers/061.jpg
2024-01-01,38,Hollow Names,Milo & The Tides,76.0,205579,Single,1,True,https://cdn.example.com/covers/049.jpg
2024-01-01,39,Electric Wires,Trey Nakamura feat. Deja Monroe,82.0,227637,Album,16,False,https://cdn.example.com/covers/026.jpg
2024-01-01,40,Lonely Summers,Saint Avery,76.0,259426,Album,18,True,https://cdn.example.com/covers/065.jpg
2024-01-01,41,Silver Letters,Kira Lindqvist,80.0,135608,Single,1,False,https://cdn.example.com/covers/105.jpg
2024-01-01,42,Lonely Bones,The Paper Kites Co.,74.0,237046,Single,1,False,https://cdn.example.com/covers/060.jpg
2024-01-01,43,Neon Lines,Milo & The Tides,74.0,170991,Album,14,False,https://cdn.example.com/covers/076.jpg
2024-01-01,44,Velvet Bones,Ruben Castellanos,78.0,204364,Album,14,False,https://cdn.example.com/covers/131.jpg
2024-01-01,45,Wildflower Rooms,Saint Avery,73.0,230509,Album,12,False,https://cdn.example.com/covers/145.jpg
2024-01-01,46,Quiet Vices,The Lantern Club,71.0,227792,Single,1,False,https://cdn.example.com/covers/093.jpg
2024-01-01,47,Midnight Summers,The Lantern Club feat. Bea Whitlock,80.0,206872,Album,16,False,https://cdn.example.com/covers/073.jpg
2024-01-01,48,Bitter Signals,Jaxon Frey,65.0,168881,Single,1,False,https://cdn.example.com/covers/014.jpg
2024-01-01,49,Velvet Machines,Trey Nakamura,71.0,270666,Album,16,False,https://cdn.example.com/covers/135.jpg
2024-01-01,50,Quiet Wires,Cold Harbor,77.0,238598,Single,1,False,https://cdn.example.com/covers/094.jpg
2024-01-02,1,Wildflower Names,The Lantern Club feat. Nova Reyes,100.0,178107,Album,11,True,https://cdn.example.com/covers/144.jpg
2024-01-02,2,Faded Rivers,Saint Avery,100.0,216418,Album,15,False,https://cdn.example.com/covers/033.jpg
2024-01-02,3,Wildflower Signals,Dust & Ember,100.0,277579,Single,1,True,https://cdn.example.com/covers/146.jpg
2024-01-02,4,Bitter Machines,Dust & Ember,100.0,218931,Single,1,False,https://cdn.example.com/covers/011.jpg
2024-01-02,5,Ashen Engines,Nova Reyes feat. Omar Diallo,100.0,213798,Single,1,True,https://cdn.example.com/covers/001.jpg
2024-01-02,6,Static Bones,Milo & The Tides,100.0,128236,Album,19,False,https://cdn.example.com/covers/109.jpg
2024-01-02,7,Bitter Engines,Ruben Castellanos,99.0,183774,Album,18,False,https://cdn.example.com/covers/009.jpg
2024-01-02,8,Ashen Names,The Lantern Club,100.0,184103,Album,11,False,https://cdn.example.com/covers/005.jpg
2024-01-02,9,Ashen Rooms,Saint Avery feat. The Paper Kites Co.,100.0,221034,Album,20,True,https://cdn.example.com/covers/006.jpg
2024-01-02,10,Electric Weather,Dust & Ember feat. Milo & The Tides,100.0,135617,Album,11,False,https://cdn.example.com/covers/025.jpg
2024-01-02,11,Faded Promises,The Paper Kites Co.,100.0,216898,Album,11,False,https://cdn.example.com/covers/032.jpg
2024-01-02,12,Hollow Vices,Bea Whitlock,100.0,173530,Album,17,False,https://cdn.example.com/covers/053.jpg
2024-01-02,13,Faded Lines,Omar Diallo,96.0,213467,Album,10,True,https://cdn.example.com/covers/031.jpg
2024-01-02,14,Sunlit Machines,Saint Avery feat. Deja Monroe,94.0,223896,Single,1,False,https://cdn.example.com/covers/127.jpg
2024-01-02,15,Paper Rivers,Lorna Sky,96.0,245886,Album,12,False,https://cdn.example.com/covers/086.jpg
2024-01-02,16,Velvet Daylight,Bea Whitlock,100.0,214069,Album,6,True,https://cdn.example.com/covers/132.jpg
2024-01-02,17,Neon Wires,Deja Monroe feat. Milo & The Tides,97.0,189317,Album,20,False,https://cdn.example.com/covers/080.jpg
2024-01-02,18,Hollow Promises,Velvet Static,100.0,137625,Single,1,True,https://cdn.example.com/covers/050.jpg
2024-01-02,19,Quiet Cities,Halcyon Youth,92.0,190645,Album,11,True,https://cdn.example.com/covers/088.jpg
2024-01-02,20,Faded Bones,Kira Lindqvist,92.0,205265,Single,1,True,https://cdn.example.com/covers/027.jpg
2024-01-02,21,Lonely Names,Saint Avery,98.0,240634,Album,18,False,https://cdn.example.com/covers/063.jpg
2024-01-02,22,Wildflower Engines,Priya Anand,88.0,211866,Album,20,False,https://cdn.example.com/covers/141.jpg
2024-01-02,23,Paper Cities,Velvet Static,88.0,195370,Album,16,False,https://cdn.example.com/covers/081.jpg
2024-01-02,24,Silver Bones,Saint Avery feat. Trey Nakamura,91.0,242348,Single,1,True,https://cdn.example.com/covers/102.jpg
2024-01-02,25,Ivory Letters,Saint Avery,90.0,230277,Single,1,False,https://cdn.example.com/covers/057.jpg
2024-01-02,26,Ashen Bones,Milo & The Tides feat. Omar Diallo,85.0,143025,Single,1,False,https://cdn.example.com/covers/000.jpg
2024-01-02,27,Faded Crowns,Jaxon Frey,89.0,146551,Album,17,True,https://cdn.example.com/covers/029.jpg
2024-01-02,28,Restless Rivers,The Lantern Club,81.0,228103,Single,1,False,https://cdn.example.com/covers/099.jpg
2024-01-02,29,Midnight Crowns,Jaxon Frey,83.0,210662,Album,13,True,https://cdn.example.com/covers/067.jpg
2024-01-02,30,Sunlit Crowns,Kira Lindqvist,84.0,189400,Single,1,False,https://cdn.example.com/covers/123.jpg
2024-01-02,31,Lonely Lines,Omar Diallo,80.0,164735,Single,1,False,https://cdn.example.com/covers/061.jpg
2024-01-02,32,Hollow Names,Milo & The Tides,86.0,205579,Single,1,True,https://cdn.example.com/covers/049.jpg
2024-01-02,33,Ivory Summers,Saint Avery,82.0,277100,Album,17,True,https://cdn.example.com/covers/058.jpg
2024-01-02,34,Ivory Hours,Deja Monroe,85.0,236456,Album,12,False,https://cdn.example.com/covers/056.jpg
2024-01-02,35,Static Ghosts,Ruben Castellanos,81.0,214720,Single,1,False,https://cdn.example.com/covers/111.jpg
2024-01-02,36,Quiet Promises,Deja Monroe,76.0,172131,Album,16,False,https://cdn.example.com/covers/091.jpg
2024-01-02,37,Lonely Bones,The Paper Kites Co.,81.0,237046,Single,1,False,https://cdn.example.com/covers/060.jpg
2024-01-02,38,Golden Rivers,Bea Whitlock,82.0,215953,Single,1,False,https://cdn.example.com/covers/044.jpg
2024-01-02,39,Lonely Machines,Lorna Sky,84.0,254785,Single,1,True,https://cdn.example.com/covers/062.jpg
2024-01-02,40,Lonely Summers,Saint Avery,85.0,259426,Album,18,True,https://cdn.example.com/covers/065.jpg
2024-01-02,41,Neon Lines,Milo & The Tides,75.0,170991,Album,14,False,https://cdn.example.com/covers/076.jpg
2024-01-02,42,Sunlit Weather,Ruben Castellanos,76.0,246137,Album,11,True,https://cdn.example.com/covers/129.jpg
2024-01-02,43,Bitter Signals,Jaxon Frey,76.0,168881,Single,1,False,https://cdn.example.com/covers/014.jpg
2024-01-02,44,Quiet Wires,Cold Harbor,72.0,238598,Single,1,False,https://cdn.example.com/covers/094.jpg
2024-01-02,45,Electric Wires,Trey Nakamura feat. Deja Monroe,71.0,227637,Album,16,False,https://cdn.example.com/covers/026.jpg
2024-01-02,46,Velvet Bones,Ruben Castellanos,78.0,204364,Album,14,False,https://cdn.example.com/covers/131.jpg
2024-01-02,47,Sunlit Vices,The Lantern Club,75.0,228218,Single,1,True,https://cdn.example.com/covers/128.jpg
2024-01-02,48,Velvet Machines,Trey Nakamura,,270666,Album,16,False,https://cdn.example.com/covers/135.jpg
2024-01-02,49,Silver Letters,Kira Lindqvist,76.0,135608,Single,1,False,https://cdn.example.com/covers/105.jpg
2024-01-02,50,Quiet Vices,The Lantern Club,71.0,227792,Single,1,False,https://cdn.example.com/covers/093.jpg
2024-01-03,1,Wildflower Names,The Lantern Club feat. Nova Reyes,100.0,178107,Album,11,True,https://cdn.example.com/covers/144.jpg
2024-01-03,2,Faded Rivers,Saint Avery,100.0,216418,Album,15,False,https://cdn.example.com/covers/033.jpg
2024-01-03,3,Bitter Machines,Dust & Ember,100.0,218931,Single,1,False,https://cdn.example.com/covers/011.jpg
2024-01-03,4,Wildflower Signals,Dust & Ember,100.0,277579,Single,1,True,https://cdn.example.com/covers/146.jpg
2024-01-03,5,Ashen Engines,Nova Reyes feat. Omar Diallo,100.0,213798,Single,1,True,https://cdn.example.com/covers/001.jpg
2024-01-03,6,Faded Lines,Omar Diallo,100.0,213467,Album,10,True,https://cdn.example.com/covers/031.jpg
2024-01-03,7,Static Bones,Milo & The Tides,100.0,128236,Album,19,False,https://cdn.example.com/covers/109.jpg
2024-01-03,8,Bitter Engines,Ruben Castellanos,98.0,183774,Album,18,False,https://cdn.example.com/covers/009.jpg
2024-01-03,9,Ashen Rooms,Saint Avery feat. The Paper Kites Co.,100.0,221034,Album,20,True,https://cdn.example.com/covers/006.jpg
2024-01-03,10,Paper Rivers,Lorna Sky,98.0,245886,Album,12,False,https://cdn.example.com/covers/086.jpg
2024-01-03,11,Faded Promises,The Paper Kites Co.,100.0,216898,Album,11,False,https://cdn.example.com/covers/032.jpg
2024-01-03,12,Ashen Names,The Lantern Club,95.0,184103,Album,11,False,https://cdn.example.com/covers/005.jpg
2024-01-03,13,Velvet Daylight,Bea Whitlock,99.0,214069,Album,6,True,https://cdn.example.com/covers/132.jpg
2024-01-03,14,Electric Weather,Dust & Ember feat. Milo & The Tides,99.0,135617,Album,11,False,https://cdn.example.com/covers/025.jpg
2024-01-03,15,Hollow Vices,Bea Whitlock,92.0,173530,Album,17,False,https://cdn.example.com/covers/053.jpg
2024-01-03,16,Hollow Promises,Velvet Static,97.0,137625,Single,1,True,https://cdn.example.com/covers/050.jpg
2024-01-03,17,Faded Crowns,Jaxon Frey,96.0,146551,Album,17,True,https://cdn.example.com/covers/029.jpg
2024-01-03,18,Neon Wires,Deja Monroe feat. Milo & The Tides,98.0,189317,Album,20,False,https://cdn.example.com/covers/080.jpg
2024-01-03,19,Ivory Letters,Saint Avery,88.0,230277,Single,1,False,https://cdn.example.com/covers/057.jpg
2024-01-03,20,Wildflower Engines,Priya Anand,92.0,211866,Album,20,False,https://cdn.example.com/covers/141.jpg
2024-01-03,21,Sunlit Machines,Saint Avery feat. Deja Monroe,97.0,223896,Single,1,False,https://cdn.example.com/covers/127.jpg
2024-01-03,22,Silver Bones,Saint Avery feat. Trey Nakamura,97.0,242348,Single,1,True,https://cdn.example.com/covers/102.jpg
2024-01-03,23,Lonely Names,Saint Avery,91.0,240634,Album,18,False,https://cdn.example.com/covers/063.jpg
2024-01-03,24,Quiet Promises,Deja Monroe,94.0,172131,Album,16,False,https://cdn.example.com/covers/091.jpg
2024-01-03,25,Static Ghosts,Ruben Castellanos,,214720,Single,1,False,https://cdn.example.com/covers/111.jpg
2024-01-03,26,Ivory Hours,Deja Monroe,88.0,236456,Album,12,False,https://cdn.example.com/covers/056.jpg
2024-01-03,27,Golden Rivers,Bea Whitlock,89.0,215953,Single,1,False,https://cdn.example.com/covers/044.jpg
2024-01-03,28,Paper Cities,Velvet Static,87.0,195370,Album,16,False,https://cdn.example.com/covers/081.jpg
2024-01-03,29,Lonely Lines,Omar Diallo,88.0,164735,Single,1,False,https://cdn.example.com/covers/061.jpg
2024-01-03,30,Lonely Summers,Saint Avery,87.0,259426,Album,18,True,https://cdn.example.com/covers/065.jpg
2024-01-03,31,Hollow Names,Milo & The Tides,89.0,205579,Single,1,True,https://cdn.example.com/covers/049.jpg
2024-01-03,32,Ivory Summers,Saint Avery,84.0,277100,Album,17,True,https://cdn.example.com/covers/058.jpg
2024-01-03,33,Quiet Cities,Halcyon Youth,86.0,190645,Album,11,True,https://cdn.example.com/covers/088.jpg
2024-01-03,34,Lonely Machines,Lorna Sky,84.0,254785,Single,1,True,https://cdn.example.com/covers/062.jpg
2024-01-03,35,Faded Bones,Kira Lindqvist,78.0,205265,Single,1,True,https://cdn.example.com/covers/027.jpg
2024-01-03,36,Velvet Machines,Trey Nakamura,84.0,270666,Album,16,False,https://cdn.example.com/covers/135.jpg
2024-01-03,37,Lonely Bones,The Paper Kites Co.,80.0,237046,Single,1,False,https://cdn.example.com/covers/060.jpg
2024-01-03,38,Restless Rivers,The Lantern Club,85.0,228103,Single,1,False,https://cdn.example.com/covers/099.jpg
2024-01-03,39,Silver Letters,Kira Lindqvist,77.0,135608,Single,1,False,https://cdn.example.com/covers/105.jpg
2024-01-03,40,Ashen Bones,Milo & The Tides feat. Omar Diallo,83.0,143025,Single,1,False,https://cdn.example.com/covers/000.jpg
2024-01-03,41,Midnight Crowns,Jaxon Frey,84.0,210662,Album,13,True,https://cdn.example.com/covers/067.jpg
2024-01-03,42,Sunlit Crowns,Kira Lindqvist,83.0,189400,Single,1,False,https://cdn.example.com/covers/123.jpg
2024-01-03,43,Velvet Bones,Ruben Castellanos,75.0,204364,Album,14,False,https://cdn.example.com/covers/131.jpg
2024-01-03,44,Bitter Signals,Jaxon Frey,80.0,168881,Single,1,False,https://cdn.example.com/covers/014.jpg
2024-01-03,45,Faded Vices,Deja Monroe,74.0,106449,Album,15,False,https://cdn.example.com/covers/037.jpg
2024-01-03,46,Electric Wires,Trey Nakamura feat. Deja Monroe,78.0,227637,Album,16,False,https://cdn.example.com/covers/026.jpg
2024-01-03,47,Neon Lines,Milo & The Tides,76.0,170991,Album,14,False,https://cdn.example.com/covers/076.jpg
2024-01-03,48,Sunlit Weather,Ruben Castellanos,75.0,246137,Album,11,True,https://cdn.example.com/covers/129.jpg
2024-01-03,49,Wildflower Rooms,Saint Avery,72.0,230509,Album,12,False,https://cdn.example.com/covers/145.jpg
2024-01-03,50,Quiet Wires,Cold Harbor,76.0,238598,Single,1,False,https://cdn.example.com/covers/094.jpg
2024-01-04,1,Faded Rivers,Saint Avery,100.0,216418,Album,15,False,https://cdn.example.com/covers/033.jpg
2024-01-04,2,Bitter Machines,Dust & Ember,100.0,218931,Single,1,False,https://cdn.example.com/covers/011.jpg
2024-01-04,3,Wildflower Names,The Lantern Club feat. Nova Reyes,100.0,178107,Album,11,True,https://cdn.example.com/covers/144.jpg
2024-01-04,4,Wildflower Signals,Dust & Ember,100.0,277579,Single,1,True,https://cdn.example.com/covers/146.jpg
2024-01-04,5,Ashen Engines,Nova Reyes feat. Omar Diallo,100.0,213798,Single,1,True,https://cdn.example.com/covers/001.jpg
2024-01-04,6,Static Bones,Milo & The Tides,100.0,128236,Album,19,False,https://cdn.example.com/covers/109.jpg
2024-01-04,7,Ashen Names,The Lantern Club,99.0,184103,Album,11,False,https://cdn.example.com/covers/005.jpg
2024-01-04,8,Ashen Rooms,Saint Avery feat. The Paper Kites Co.,100.0,221034,Album,20,True,https://cdn.example.com/covers/006.jpg
2024-01-04,9,Bitter Engines,Ruben Castellanos,100.0,183774,Album,18,False,https://cdn.example.com/covers/009.jpg
2024-01-04,10,Sunlit Machines,Saint Avery feat. Deja Monroe,100.0,223896,Single,1,False,https://cdn.example.com/covers/127.jpg
2024-01-04,11,Electric Weather,Dust & Ember feat. Milo & The Tides,99.0,135617,Album,11,False,https://cdn.example.com/covers/025.jpg
2024-01-04,12,Faded Promises,The Paper Kites Co.,100.0,216898,Album,11,False,https://cdn.example.com/covers/032.jpg
2024-01-04,13,Ivory Letters,Saint Avery,100.0,230277,Single,1,False,https://cdn.example.com/covers/057.jpg
2024-01-04,14,Silver Bones,Saint Avery feat. Trey Nakamura,96.0,242348,Single,1,True,https://cdn.example.com/covers/102.jpg
2024-01-04,15,Faded Crowns,Jaxon Frey,95.0,146551,Album,17,True,https://cdn.example.com/covers/029.jpg
2024-01-04,16,Velvet Daylight,Bea Whitlock,91.0,214069,Album,6,True,https://cdn.example.com/covers/132.jpg
2024-01-04,17,Paper Rivers,Lorna Sky,95.0,245886,Album,12,False,https://cdn.example.com/covers/086.jpg
2024-01-04,18,Neon Wires,Deja Monroe feat. Milo & The Tides,97.0,189317,Album,20,False,https://cdn.example.com/covers/080.jpg
2024-01-04,19,Hollow Promises,Velvet Static,100.0,137625,Single,1,True,https://cdn.example.com/covers/050.jpg
2024-01-04,20,Hollow Vices,Bea Whitlock,93.0,173530,Album,17,False,https://cdn.example.com/covers/053.jpg
2024-01-04,21,Faded Lines,Omar Diallo,93.0,213467,Album,10,True,https://cdn.example.com/covers/031.jpg
2024-01-04,22,Quiet Promises,Deja Monroe,87.0,172131,Album,16,False,https://cdn.example.com/covers/091.jpg
2024-01-04,23,Ashen Bones,Milo & The Tides feat. Omar Diallo,89.0,143025,Single,1,False,https://cdn.example.com/covers/000.jpg
2024-01-04,24,Midnight Crowns,Jaxon Frey,90.0,210662,Album,13,True,https://cdn.example.com/covers/067.jpg
2024-01-04,25,Wildflower Engines,Priya Anand,93.0,211866,Album,20,False,https://cdn.example.com/covers/141.jpg
2024-01-04,26,Lonely Machines,Lorna Sky,89.0,254785,Single,1,True,https://cdn.example.com/covers/062.jpg
2024-01-04,27,Ivory Summers,Saint Avery,87.0,277100,Album,17,True,https://cdn.example.com/covers/058.jpg
2024-01-04,28,Lonely Lines,Omar Diallo,91.0,164735,Single,1,False,https://cdn.example.com/covers/061.jpg
2024-01-04,29,Lonely Summers,Saint Avery,85.0,259426,Album,18,True,https://cdn.example.com/covers/065.jpg
2024-01-04,30,Sunlit Crowns,Kira Lindqvist,86.0,189400,Single,1,False,https://cdn.example.com/covers/123.jpg
2024-01-04,31,Restless Rivers,The Lantern Club,87.0,228103,Single,1,False,https://cdn.example.com/covers/099.jpg
2024-01-04,32,Lonely Bones,The Paper Kites Co.,82.0,237046,Single,1,False,https://cdn.example.com/covers/060.jpg
2024-01-04,33,Static Ghosts,Ruben Castellanos,84.0,214720,Single,1,False,https://cdn.example.com/covers/111.jpg
2024-01-04,34,Paper Cities,Velvet Static,83.0,195370,Album,16,False,https://cdn.example.com/covers/081.jpg
2024-01-04,35,Quiet Cities,Halcyon Youth,88.0,190645,Album,11,True,https://cdn.example.com/covers/088.jpg
2024-01-04,36,Hollow Names,Milo & The Tides,79.0,205579,Single,1,True,https://cdn.example.com/covers/049.jpg
2024-01-04,37,Velvet Machines,Trey Nakamura,79.0,270666,Album,16,False,https://cdn.example.com/covers/135.jpg
2024-01-04,38,Ivory Hours,Deja Monroe,78.0,236456,Album,12,False,https://cdn.example.com/covers/056.jpg
2024-01-04,39,Electric Wires,Trey Nakamura feat. Deja Monroe,85.0,227637,Album,16,False,https://cdn.example.com/covers/026.jpg
2024-01-04,40,Faded Bones,Kira Lindqvist,79.0,205265,Single,1,True,https://cdn.example.com/covers/027.jpg
2024-01-04,41,Golden Rivers,Bea Whitlock,78.0,215953,Single,1,False,https://cdn.example.com/covers/044.jpg
2024-01-04,42,Bitter Signals,Jaxon Frey,82.0,168881,Single,1,False,https://cdn.example.com/covers/014.jpg
2024-01-04,43,Faded Vices,Deja Monroe,73.0,106449,Album,15,False,https://cdn.example.com/covers/037.jpg
2024-01-04,44,Lonely Names,Saint Avery,80.0,240634,Album,18,False,https://cdn.example.com/covers/063.jpg
2024-01-04,45,Velvet Bones,Ruben Castellanos,75.0,204364,Album,14,False,https://cdn.example.com/covers/131.jpg
2024-01-04,46,Silver Letters,Kira Lindqvist,73.0,135608,Single,1,False,https://cdn.example.com/covers/105.jpg
2024-01-04,47,Sunlit Weather,  RUBEN CASTELLANOS,70.0,246137,Album,11,True,https://cdn.example.com/covers/129.jpg
2024-01-04,48,Velvet Weather,Dust & Ember,70.0,271354,Album,9,False,https://cdn.example.com/covers/139.jpg
2024-01-04,49,Neon Lines,Milo & The Tides,76.0,170991,Album,14,False,https://cdn.example.com/covers/076.jpg
2024-01-04,50,Quiet Wires,Cold Harbor,70.0,238598,Single,1,False,https://cdn.example.com/covers/094.jpg
2024-01-05,1,Wildflower Names,The Lantern Club feat. Nova Reyes,100.0,178107,Album,11,True,https://cdn.example.com/covers/144.jpg
2024-01-05,2,Faded Rivers,Saint Avery,100.0,216418,Album,15,False,https://cdn.example.com/covers/033.jpg
2024-01-05,3,Static Bones,Milo & The Tides,100.0,128236,Album,19,False,https://cdn.example.com/covers/109.jpg
2024-01-05,4,Bitter Engines,Ruben Castellanos,100.0,183774,Album,18,False,https://cdn.example.com/covers/009.jpg
2024-01-05,5,Bitter Machines,Dust & Ember,100.0,218931,Single,1,False,https://cdn.example.com/covers/011.jpg
2024-01-05,6,Wildflower Signals,Dust & Ember,100.0,277579,Single,1,True,https://cdn.example.com/covers/146.jpg
2024-01-05,7,Hollow Promises,Velvet Static,100.0,137625,Single,1,True,https://cdn.example.com/covers/050.jpg
2024-01-05,8,Electric Weather,Dust & Ember feat. Milo & The Tides,100.0,135617,Album,11,False,https://cdn.example.com/covers/025.jpg
2024-01-05,9,Ashen Rooms,Saint Avery feat. The Paper Kites Co.,100.0,221034,Album,20,True,https://cdn.example.com/covers/006.jpg
2024-01-05,10,Ashen Engines,Nova Reyes feat. Omar Diallo,95.0,213798,Single,1,True,https://cdn.example.com/covers/001.jpg
2024-01-05,11,Paper Rivers,Lorna Sky,100.0,245886,Album,12,False,https://cdn.example.com/covers/086.jpg
2024-01-05,12,Hollow Vices,Bea Whitlock,98.0,173530,Album,17,False,https://cdn.example.com/covers/053.jpg
2024-01-05,13,Ashen Names,The Lantern Club,96.0,184103,Album,11,False,https://cdn.example.com/covers/005.jpg
2024-01-05,14,Faded Promises,The Paper Kites Co.,100.0,216898,Album,11,False,https://cdn.example.com/covers/032.jpg
2024-01-05,15,Velvet Daylight,Bea Whitlock,,214069,Album,6,True,https://cdn.example.com/covers/132.jpg
2024-01-05,16,Faded Lines,Omar Diallo,96.0,213467,Album,10,True,https://cdn.example.com/covers/031.jpg
2024-01-05,17,Sunlit Machines,Saint Avery feat. Deja Monroe,100.0,223896,Single,1,False,https://cdn.example.com/covers/127.jpg
2024-01-05,18,Ivory Letters,Saint Avery,90.0,230277,Single,1,False,https://cdn.example.com/covers/057.jpg
2024-01-05,19,Silver Bones,Saint Avery feat. Trey Nakamura,90.0,242348,Single,1,True,https://cdn.example.com/covers/102.jpg
2024-01-05,20,Faded Crowns,Jaxon Frey,88.0,146551,Album,17,True,https://cdn.example.com/covers/029.jpg
2024-01-05,21,Neon Wires,Deja Monroe feat. Milo & The Tides,91.0,189317,Album,20,False,https://cdn.example.com/covers/080.jpg
2024-01-05,22,Quiet Promises,Deja Monroe,88.0,172131,Album,16,False,https://cdn.example.com/covers/091.jpg
2024-01-05,23,Ashen Bones,Milo & The Tides feat. Omar Diallo,89.0,143025,Single,1,False,https://cdn.example.com/covers/000.jpg
2024-01-05,24,Electric Wires,Trey Nakamura feat. Deja Monroe,89.0,227637,Album,16,False,https://cdn.example.com/covers/026.jpg
2024-01-05,25,Midnight Crowns,Jaxon Frey,85.0,210662,Album,13,True,https://cdn.example.com/covers/067.jpg
2024-01-05,26,Paper Cities,Velvet Static,86.0,195370,Album,16,False,https://cdn.example.com/covers/081.jpg
2024-01-05,27,Quiet Cities,Halcyon Youth,89.0,190645,Album,11,True,https://cdn.example.com/covers/088.jpg
2024-01-05,28,Wildflower Engines,Priya Anand,90.0,211866,Album,20,False,https://cdn.example.com/covers/141.jpg
2024-01-05,29,Hollow Names,Milo & The Tides,87.0,205579,Single,1,True,https://cdn.example.com/covers/049.jpg
2024-01-05,30,Ivory Summers,Saint Avery,89.0,277100,Album,17,True,https://cdn.example.com/covers/058.jpg
2024-01-05,31,Lonely Machines,Lorna Sky,85.0,254785,Single,1,True,https://cdn.example.com/covers/062.jpg
2024-01-05,32,Ivory Hours,Deja Monroe,80.0,236456,Album,12,False,https://cdn.example.com/covers/056.jpg
2024-01-05,33,Sunlit Crowns,Kira Lindqvist,78.0,189400,Single,1,False,https://cdn.example.com/covers/123.jpg
2024-01-05,34,Restless Rivers,The Lantern Club,85.0,228103,Single,1,False,https://cdn.example.com/covers/099.jpg
2024-01-05,35,Bitter Signals,Jaxon Frey,88.0,168881,Single,1,False,https://cdn.example.com/covers/014.jpg
2024-01-05,36,Faded Vices,Deja Monroe,76.0,106449,Album,15,False,https://cdn.example.com/covers/037.jpg
2024-01-05,37,Faded Bones,Kira Lindqvist,82.0,205265,Single,1,True,https://cdn.example.com/covers/027.jpg
2024-01-05,38,Lonely Bones,The Paper Kites Co.,84.0,237046,Single,1,False,https://cdn.example.com/covers/060.jpg
2024-01-05,39,Velvet Machines,Trey Nakamura,80.0,270666,Album,16,False,https://cdn.example.com/covers/135.jpg
2024-01-05,40,Sunlit Weather,Ruben Castellanos,77.0,246137,Album,11,True,https://cdn.example.com/covers/129.jpg
2024-01-05,41,Lonely Lines,Omar Diallo,78.0,164735,Single,1,False,https://cdn.example.com/covers/061.jpg
2024-01-05,42,Lonely Summers,Saint Avery,83.0,259426,Album,18,True,https://cdn.example.com/covers/065.jpg
2024-01-05,43,Static Ghosts,Ruben Castellanos,75.0,214720,Single,1,False,https://cdn.example.com/covers/111.jpg
2024-01-05,44,Silver Letters,Kira Lindqvist,78.0,135608,Single,1,False,https://cdn.example.com/covers/105.jpg
2024-01-05,45,Quiet Wires,Cold Harbor,72.0,238598,Single,1,False,https://cdn.example.com/covers/094.jpg
2024-01-05,46,Faded Rooms,Halcyon Youth,81.0,171510,Album,8,True,https://cdn.example.com/covers/034.jpg
2024-01-05,47,Golden Rivers,Bea Whitlock,71.0,215953,Single,1,False,https://cdn.example.com/covers/044.jpg
2024-01-05,48,Midnight Summers,The Lantern Club feat. Bea Whitlock,78.0,206872,Album,16,False,https://cdn.example.com/covers/073.jpg
2024-01-05,49,Midnight Rooms,Omar Diallo,,154119,Album,9,True,https://cdn.example.com/covers/072.jpg
2024-01-05,50,Velvet Hours,Lorna Sky feat. Ruben Castellanos,67.0,221443,Album,11,True,https://cdn.example.com/covers/134.jpg
2024-01-06,1,Wildflower Names,The Lantern Club feat. Nova Reyes,100.0,178107,Album,11,True,https://cdn.example.com/covers/144.jpg
2024-01-06,2,Static Bones,Milo & The Tides,100.0,128236,Album,19,False,https://cdn.example.com/covers/109.jpg
2024-01-06,3,Faded Rivers,Saint Avery,100.0,216418,Album,15,False,https://cdn.example.com/covers/033.jpg
2024-01-06,4,Bitter Machines,Dust & Ember,100.0,218931,Single,1,False,https://cdn.example.com/covers/011.jpg
2024-01-06,5,Ashen Rooms,Saint Avery feat. The Paper Kites Co.,100.0,221034,Album,20,True,https://cdn.example.com/covers/006.jpg
2024-01-06,6,Faded Promises,The Paper Kites Co.,100.0,216898,Album,11,False,https://cdn.example.com/covers/032.jpg
2024-01-06,7,Bitter Engines,Ruben Castellanos,96.0,183774,Album,18,False,https://cdn.example.com/covers/009.jpg
2024-01-06,8,Electric Weather,Dust & Ember feat. Milo & The Tides,100.0,135617,Album,11,False,https://cdn.example.com/covers/025.jpg
2024-01-06,9,Wildflower Signals,Dust & Ember,100.0,277579,Single,1,True,https://cdn.example.com/covers/146.jpg
2024-01-06,10,Ashen Engines,Nova Reyes feat. Omar Diallo,100.0,213798,Single,1,True,https://cdn.example.com/covers/001.jpg
2024-01-06,11,Ashen Names,The Lantern Club,100.0,184103,Album,11,False,https://cdn.example.com/covers/005.jpg
2024-01-06,12,Silver Bones,Saint Avery feat. Trey Nakamura,100.0,242348,Single,1,True,https://cdn.example.com/covers/102.jpg
2024-01-06,13,Sunlit Machines,Saint Avery feat. Deja Monroe,99.0,223896,Single,1,False,https://cdn.example.com/covers/127.jpg
2024-01-06,14,Faded Lines,Omar Diallo,99.0,213467,Album,10,True,https://cdn.example.com/covers/031.jpg
2024-01-06,15,Paper Rivers,Lorna Sky,100.0,245886,Album,12,False,https://cdn.example.com/covers/086.jpg
2024-01-06,16,Velvet Daylight,Bea Whitlock,94.0,214069,Album,6,True,https://cdn.example.com/covers/132.jpg
2024-01-06,17,Neon Wires,Deja Monroe feat. Milo & The Tides,92.0,189317,Album,20,False,https://cdn.example.com/covers/080.jpg
2024-01-06,18,Ivory Letters,Saint Avery,92.0,230277,Single,1,False,https://cdn.example.com/covers/057.jpg
2024-01-06,19,Paper Cities,Velvet Static,92.0,195370,Album,16,False,https://cdn.example.com/covers/081.jpg
2024-01-06,20,Hollow Promises,Velvet Static,95.0,137625,Single,1,True,https://cdn.example.com/covers/050.jpg
2024-01-06,21,Faded Crowns,Jaxon Frey,97.0,146551,Album,17,True,https://cdn.example.com/covers/029.jpg
2024-01-06,22,Lonely Machines,Lorna Sky,92.0,254785,Single,1,True,https://cdn.example.com/covers/062.jpg
2024-01-06,23,Quiet Promises,Deja Monroe,91.0,172131,Album,16,False,https://cdn.example.com/covers/091.jpg
2024-01-06,24,Faded Vices,  DEJA MONROE,96.0,106449,Album,15,False,https://cdn.example.com/covers/037.jpg
2024-01-06,25,Midnight Crowns,Jaxon Frey,93.0,210662,Album,13,True,https://cdn.example.com/covers/067.jpg
2024-01-06,26,Hollow Vices,Bea Whitlock,85.0,173530,Album,17,False,https://cdn.example.com/covers/053.jpg
2024-01-06,27,Electric Wires,Trey Nakamura feat. Deja Monroe,87.0,227637,Album,16,False,https://cdn.example.com/covers/026.jpg
2024-01-06,28,Restless Rivers,The Lantern Club,84.0,228103,Single,1,False,https://cdn.example.com/covers/099.jpg
2024-01-06,29,Lonely Lines,Omar Diallo,84.0,164735,Single,1,False,https://cdn.example.com/covers/061.jpg
2024-01-06,30,Ashen Bones,Milo & The Tides feat. Omar Diallo,81.0,143025,Single,1,False,https://cdn.example.com/covers/000.jpg
2024-01-06,31,Velvet Machines,Trey Nakamura,86.0,270666,Album,16,False,https://cdn.example.com/covers/135.jpg
2024-01-06,32,Sunlit Crowns,Kira Lindqvist,89.0,189400,Single,1,False,https://cdn.example.com/covers/123.jpg
2024-01-06,33,Wildflower Engines,Priya Anand,85.0,211866,Album,20,False,https://cdn.example.com/covers/141.jpg
2024-01-06,34,Hollow Names,Milo & The Tides,83.0,205579,Single,1,True,https://cdn.example.com/covers/049.jpg
2024-01-06,35,Quiet Cities,Halcyon Youth,80.0,190645,Album,11,True,https://cdn.example.com/covers/088.jpg
2024-01-06,36,Lonely Summers,Saint Avery,85.0,259426,Album,18,True,https://cdn.example.com/covers/065.jpg
2024-01-06,37,Ivory Summers,  SAINT AVERY,82.0,277100,Album,17,True,https://cdn.example.com/covers/058.jpg
2024-01-06,38,Lonely Bones,The Paper Kites Co.,83.0,237046,Single,1,False,https://cdn.example.com/covers/060.jpg
2024-01-06,39,Silver Letters,Kira Lindqvist,76.0,135608,Single,1,False,https://cdn.example.com/covers/105.jpg
2024-01-06,40,Static Ghosts,Ruben Castellanos,82.0,214720,Single,1,False,https://cdn.example.com/covers/111.jpg
2024-01-06,41,Lonely Names,Saint Avery,79.0,240634,Album,18,False,https://cdn.example.com/covers/063.jpg
2024-01-06,42,Golden Rivers,Bea Whitlock,86.0,215953,Single,1,False,https://cdn.example.com/covers/044.jpg
2024-01-06,43,Quiet Vices,The Lantern Club,73.0,227792,Single,1,False,https://cdn.example.com/covers/093.jpg
2024-01-06,44,Hollow Ghosts,  DUST & EMBER,74.0,181921,Album,10,True,https://cdn.example.com/covers/048.jpg
2024-01-06,45,Ivory Hours,Deja Monroe,73.0,236456,Album,12,False,https://cdn.example.com/covers/056.jpg
2024-01-06,46,Velvet Hours,Lorna Sky feat. Ruben Castellanos,73.0,221443,Album,11,True,https://cdn.example.com/covers/134.jpg
2024-01-06,47,Sunlit Weather,Ruben Castellanos,70.0,246137,Album,11,True,https://cdn.example.com/covers/129.jpg
2024-01-06,48,Bitter Signals,Jaxon Frey,72.0,168881,Single,1,False,https://cdn.example.com/covers/014.jpg
2024-01-06,49,Midnight Summers,The Lantern Club feat. Bea Whitlock,76.0,206872,Album,16,False,https://cdn.example.com/covers/073.jpg
2024-01-06,50,Quiet Wires,Cold Harbor,70.0,238598,Single,1,False,https://cdn.example.com/covers/094.jpg
2024-01-07,1,Wildflower Names,The Lantern Club feat. Nova Reyes,100.0,178107,Album,11,True,https://cdn.example.com/covers/144.jpg
2024-01-07,2,Bitter Machines,Dust & Ember,100.0,218931,Single,1,False,https://cdn.example.com/covers/011.jpg
2024-01-07,3,Wildflower Signals,Dust & Ember,100.0,277579,Single,1,True,https://cdn.example.com/covers/146.jpg
2024-01-07,4,Hollow Promises,Velvet Static,100.0,137625,Single,1,True,https://cdn.example.com/covers/050.jpg
2024-01-07,5,Faded Rivers,Saint Avery,99.0,216418,Album,15,False,https://cdn.example.com/covers/033.jpg
2024-01-07,6,Ashen Rooms,Saint Avery feat. The Paper Kites Co.,100.0,221034,Album,20,True,https://cdn.example.com/covers/006.jpg
2024-01-07,7,Static Bones,Milo & The Tides,100.0,128236,Album,19,False,https://cdn.example.com/covers/109.jpg
2024-01-07,8,Electric Weather,Dust & Ember feat. Milo & The Tides,96.0,135617,Album,11,False,https://cdn.example.com/covers/025.jpg
2024-01-07,9,Hollow Vices,Bea Whitlock,100.0,173530,Album,17,False,https://cdn.example.com/covers/053.jpg
2024-01-07,10,Sunlit Machines,Saint Avery feat. Deja Monroe,93.0,223896,Single,1,False,https://cdn.example.com/covers/127.jpg
2024-01-07,11,Faded Promises,The Paper Kites Co.,94.0,216898,Album,11,False,https://cdn.example.com/covers/032.jpg
2024-01-07,12,Ashen Engines,Nova Reyes feat. Omar Diallo,98.0,213798,Single,1,True,https://cdn.example.com/covers/001.jpg
2024-01-07,13,Faded Crowns,Jaxon Frey,95.0,146551,Album,17,True,https://cdn.example.com/covers/029.jpg
2024-01-07,14,Bitter Engines,Ruben Castellanos,96.0,183774,Album,18,False,https://cdn.example.com/covers/009.jpg
2024-01-07,15,Ashen Names,The Lantern Club,96.0,184103,Album,11,False,https://cdn.example.com/covers/005.jpg
2024-01-07,16,Neon Wires,Deja Monroe feat. Milo & The Tides,99.0,189317,Album,20,False,https://cdn.example.com/covers/080.jpg
2024-01-07,17,Silver Bones,Saint Avery feat. Trey Nakamura,96.0,242348,Single,1,True,https://cdn.example.com/covers/102.jpg
2024-01-07,18,Quiet Promises,Deja Monroe,98.0,172131,Album,16,False,https://cdn.example.com/covers/091.jpg
2024-01-07,19,Faded Lines,Omar Diallo,97.0,213467,Album,10,True,https://cdn.example.com/covers/031.jpg
2024-01-07,20,Paper Rivers,Lorna Sky,92.0,245886,Album,12,False,https://cdn.example.com/covers/086.jpg
2024-01-07,21,Ivory Letters,Saint Avery,93.0,230277,Single,1,False,https://cdn.example.com/covers/057.jpg
2024-01-07,22,Velvet Daylight,Bea Whitlock,96.0,214069,Album,6,True,https://cdn.example.com/covers/132.jpg
2024-01-07,23,Hollow Names,Milo & The Tides,93.0,205579,Single,1,True,https://cdn.example.com/covers/049.jpg
2024-01-07,24,Silver Letters,Kira Lindqvist,94.0,135608,Single,1,False,https://cdn.example.com/covers/105.jpg
2024-01-07,25,Faded Vices,Deja Monroe,86.0,106449,Album,15,False,https://cdn.example.com/covers/037.jpg
2024-01-07,26,Ivory Summers,Saint Avery,82.0,277100,Album,17,True,https://cdn.example.com/covers/058.jpg
2024-01-07,27,Restless Rivers,The Lantern Club,87.0,228103,Single,1,False,https://cdn.example.com/covers/099.jpg
2024-01-07,28,Midnight Crowns,Jaxon Frey,91.0,210662,Album,13,True,https://cdn.example.com/covers/067.jpg
2024-01-07,29,Electric Wires,Trey Nakamura feat. Deja Monroe,87.0,227637,Album,16,False,https://cdn.example.com/covers/026.jpg
2024-01-07,30,Lonely Lines,Omar Diallo,91.0,164735,Single,1,False,https://cdn.example.com/covers/061.jpg
2024-01-07,31,Lonely Bones,The Paper Kites Co.,86.0,237046,Single,1,False,https://cdn.example.com/covers/060.jpg
2024-01-07,32,Paper Cities,Velvet Static,83.0,195370,Album,16,False,https://cdn.example.com/covers/081.jpg
2024-01-07,33,Quiet Cities,Halcyon Youth,80.0,190645,Album,11,True,https://cdn.example.com/covers/088.jpg
2024-01-07,34,Ashen Bones,Milo & The Tides feat. Omar Diallo,82.0,143025,Single,1,False,https://cdn.example.com/covers/000.jpg
2024-01-07,35,Lonely Machines,Lorna Sky,80.0,254785,Single,1,True,https://cdn.example.com/covers/062.jpg
2024-01-07,36,Golden Rivers,Bea Whitlock,78.0,215953,Single,1,False,https://cdn.example.com/covers/044.jpg
2024-01-07,37,Midnight Summers,The Lantern Club feat. Bea Whitlock,75.0,206872,Album,16,False,https://cdn.example.com/covers/073.jpg
2024-01-07,38,Bitter Signals,Jaxon Frey,81.0,168881,Single,1,False,https://cdn.example.com/covers/014.jpg
2024-01-07,39,Velvet Hours,Lorna Sky feat. Ruben Castellanos,78.0,221443,Album,11,True,https://cdn.example.com/covers/134.jpg
2024-01-07,40,Wildflower Engines,Priya Anand,82.0,211866,Album,20,False,https://cdn.example.com/covers/141.jpg
2024-01-07,41,Hollow Ghosts,Dust & Ember,80.0,181921,Album,10,True,https://cdn.example.com/covers/048.jpg
2024-01-07,42,Lonely Summers,Saint Avery,84.0,259426,Album,18,True,https://cdn.example.com/covers/065.jpg
2024-01-07,43,Static Wires,The Paper Kites Co. feat. Ruben Castellanos,71.0,171130,Single,1,False,https://cdn.example.com/covers/115.jpg
2024-01-07,44,Lonely Names,Saint Avery,72.0,240634,Album,18,False,https://cdn.example.com/covers/063.jpg
2024-01-07,45,Sunlit Crowns,Kira Lindqvist,78.0,189400,Single,1,False,https://cdn.example.com/covers/123.jpg
2024-01-07,46,Velvet Bones,Ruben Castellanos,73.0,204364,Album,14,False,https://cdn.example.com/covers/131.jpg
2024-01-07,47,Ivory Hours,Deja Monroe,80.0,236456,Album,12,False,https://cdn.example.com/covers/056.jpg
2024-01-07,48,Static Ghosts,Ruben Castellanos,73.0,214720,Single,1,False,https://cdn.example.com/covers/111.jpg
2024-01-07,49,Sunlit Weather,Ruben Castellanos,74.0,246137,Album,11,True,https://cdn.example.com/covers/129.jpg
2024-01-07,50,Velvet Machines,Trey Nakamura,75.0,270666,Album,16,False,https://cdn.example.com/covers/135.jpg
2024-01-08,1,Wildflower Names,The Lantern Club feat. Nova Reyes,100.0,178107,Album,11,True,https://cdn.example.com/covers/144.jpg
2024-01-08,2,Wildflower Signals,Dust & Ember,100.0,277579,Single,1,True,https://cdn.example.com/covers/146.jpg
2024-01-08,3,Faded Rivers,Saint Avery,100.0,216418,Album,15,False,https://cdn.example.com/covers/033.jpg
2024-01-08,4,Bitter Machines,Dust & Ember,100.0,218931,Single,1,False,https://cdn.example.com/covers/011.jpg
2024-01-08,5,Ashen Engines,Nova Reyes feat. Omar Diallo,99.0,213798,Single,1,True,https://cdn.example.com/covers/001.jpg
2024-01-08,6,Hollow Promises,Velvet Static,100.0,137625,Single,1,True,https://cdn.example.com/covers/050.jpg
2024-01-08,7,Electric Weather,Dust & Ember feat. Milo & The Tides,99.0,135617,Album,11,False,https://cdn.example.com/covers/025.jpg
2024-01-08,8,Static Bones,Milo & The Tides,100.0,128236,Album,19,False,https://cdn.example.com/covers/109.jpg
2024-01-08,9,Ashen Rooms,Saint Avery feat. The Paper Kites Co.,99.0,221034,Album,20,True,https://cdn.example.com/covers/006.jpg
2024-01-08,10,Bitter Engines,Ruben Castellanos,100.0,183774,Album,18,False,https://cdn.example.com/covers/009.jpg
2024-01-08,11,Neon Wires,Deja Monroe feat. Milo & The Tides,100.0,189317,Album,20,False,https://cdn.example.com/covers/080.jpg
2024-01-08,12,Faded Crowns,Jaxon Frey,99.0,146551,Album,17,True,https://cdn.example.com/covers/029.jpg
2024-01-08,13,Ivory Letters,Saint Avery,98.0,230277,Single,1,False,https://cdn.example.com/covers/057.jpg
2024-01-08,14,Faded Promises,The Paper Kites Co.,92.0,216898,Album,11,False,https://cdn.example.com/covers/032.jpg
2024-01-08,15,Ashen Names,The Lantern Club,100.0,184103,Album,11,False,https://cdn.example.com/covers/005.jpg
2024-01-08,16,Paper Rivers,Lorna Sky,97.0,245886,Album,12,False,https://cdn.example.com/covers/086.jpg
2024-01-08,17,Sunlit Machines,Saint Avery feat. Deja Monroe,92.0,223896,Single,1,False,https://cdn.example.com/covers/127.jpg
2024-01-08,18,Hollow Vices,Bea Whitlock,95.0,173530,Album,17,False,https://cdn.example.com/covers/053.jpg
2024-01-08,19,Lonely Machines,Lorna Sky,95.0,254785,Single,1,True,https://cdn.example.com/covers/062.jpg
2024-01-08,20,Silver Bones,Saint Avery feat. Trey Nakamura,92.0,242348,Single,1,True,https://cdn.example.com/covers/102.jpg
2024-01-08,21,Velvet Daylight,Bea Whitlock,85.0,214069,Album,6,True,https://cdn.example.com/covers/132.jpg
2024-01-08,22,Hollow Names,Milo & The Tides,92.0,205579,Single,1,True,https://cdn.example.com/covers/049.jpg
2024-01-08,23,Electric Wires,Trey Nakamura feat. Deja Monroe,86.0,227637,Album,16,False,https://cdn.example.com/covers/026.jpg
2024-01-08,24,Restless Rivers,The Lantern Club,88.0,228103,Single,1,False,https://cdn.example.com/covers/099.jpg
2024-01-08,25,Quiet Promises,Deja Monroe,95.0,172131,Album,16,False,https://cdn.example.com/covers/091.jpg
2024-01-08,26,Velvet Hours,Lorna Sky feat. Ruben Castellanos,88.0,221443,Album,11,True,https://cdn.example.com/covers/134.jpg
2024-01-08,27,Wildflower Engines,Priya Anand,86.0,211866,Album,20,False,https://cdn.example.com/covers/141.jpg
2024-01-08,28,Paper Cities,Velvet Static,89.0,195370,Album,16,False,https://cdn.example.com/covers/081.jpg
2024-01-08,29,Velvet Machines,Trey Nakamura,87.0,270666,Album,16,False,https://cdn.example.com/covers/135.jpg
2024-01-08,30,Faded Vices,Deja Monroe,86.0,106449,Album,15,False,https://cdn.example.com/covers/037.jpg
2024-01-08,31,Faded Lines,Omar Diallo,86.0,213467,Album,10,True,https://cdn.example.com/covers/031.jpg
2024-01-08,32,Sunlit Crowns,Kira Lindqvist,86.0,189400,Single,1,False,https://cdn.example.com/covers/123.jpg
2024-01-08,33,Lonely Bones,The Paper Kites Co.,86.0,237046,Single,1,False,https://cdn.example.com/covers/060.jpg
2024-01-08,34,Lonely Lines,Omar Diallo,84.0,164735,Single,1,False,https://cdn.example.com/covers/061.jpg
2024-01-08,35,Quiet Cities,Halcyon Youth,76.0,190645,Album,11,True,https://cdn.example.com/covers/088.jpg
2024-01-08,36,Midnight Crowns,Jaxon Frey,85.0,210662,Album,13,True,https://cdn.example.com/covers/067.jpg
2024-01-08,37,Silver Letters,Kira Lindqvist,80.0,135608,Single,1,False,https://cdn.example.com/covers/105.jpg
2024-01-08,38,Ivory Hours,Deja Monroe,80.0,236456,Album,12,False,https://cdn.example.com/covers/056.jpg
2024-01-08,39,Ivory Summers,Saint Avery,84.0,277100,Album,17,True,https://cdn.example.com/covers/058.jpg
2024-01-08,40,Ashen Bones,Milo & The Tides feat. Omar Diallo,71.0,143025,Single,1,False,https://cdn.example.com/covers/000.jpg
2024-01-08,41,Golden Rivers,Bea Whitlock,83.0,215953,Single,1,False,https://cdn.example.com/covers/044.jpg
2024-01-08,42,Static Ghosts,Ruben Castellanos,74.0,214720,Single,1,False,https://cdn.example.com/covers/111.jpg
2024-01-08,43,Lonely Summers,Saint Avery,70.0,259426,Album,18,True,https://cdn.example.com/covers/065.jpg
2024-01-08,44,Bitter Signals,Jaxon Frey,77.0,168881,Single,1,False,https://cdn.example.com/covers/014.jpg
2024-01-08,45,Static Wires,The Paper Kites Co. feat. Ruben Castellanos,73.0,171130,Single,1,False,https://cdn.example.com/covers/115.jpg
2024-01-08,46,Faded Bones,Kira Lindqvist,78.0,205265,Single,1,True,https://cdn.example.com/covers/027.jpg
2024-01-08,47,Velvet Bones,Ruben Castellanos,80.0,204364,Album,14,False,https://cdn.example.com/covers/131.jpg
2024-01-08,48,Sunlit Weather,Ruben Castellanos,80.0,246137,Album,11,True,https://cdn.example.com/covers/129.jpg
2024-01-08,49,Midnight Summers,The Lantern Club feat. Bea Whitlock,71.0,206872,Album,16,False,https://cdn.example.com/covers/073.jpg
2024-01-08,50,Velvet Weather,Dust & Ember,75.0,271354,Album,9,False,https://cdn.example.com/covers/139.jpg
2024-01-09,1,Wildflower Names,The Lantern Club feat. Nova Reyes,100.0,178107,Album,11,True,https://cdn.example.com/covers/144.jpg
2024-01-09,2,Hollow Promises,Velvet Static,100.0,137625,Single,1,True,https://cdn.example.com/covers/050.jpg
2024-01-09,3,Faded Rivers,Saint Avery,100.0,216418,Album,15,False,https://cdn.example.com/covers/033.jpg
2024-01-09,4,Bitter Machines,Dust & Ember,100.0,218931,Single,1,False,https://cdn.example.com/covers/011.jpg
2024-01-09,5,Wildflower Signals,Dust & Ember,100.0,277579,Single,1,True,https://cdn.example.com/covers/146.jpg
2024-01-09,6,Faded Promises,The Paper Kites Co.,100.0,216898,Album,11,False,https://cdn.example.com/covers/032.jpg
2024-01-09,7,Electric Weather,Dust & Ember feat. Milo & The Tides,100.0,135617,Album,11,False,https://cdn.example.com/covers/025.jpg
2024-01-09,8,Static Bones,Milo & The Tides,100.0,128236,Album,19,False,https://cdn.example.com/covers/109.jpg
2024-01-09,9,Ashen Rooms,Saint Avery feat. The Paper Kites Co.,100.0,221034,Album,20,True,https://cdn.example.com/covers/006.jpg
2024-01-09,10,Ashen Engines,Nova Reyes feat. Omar Diallo,100.0,213798,Single,1,True,https://cdn.example.com/covers/001.jpg
2024-01-09,11,Ivory Letters,Saint Avery,100.0,230277,Single,1,False,https://cdn.example.com/covers/057.jpg
2024-01-09,12,Bitter Engines,Ruben Castellanos,100.0,183774,Album,18,False,https://cdn.example.com/covers/009.jpg
2024-01-09,13,Hollow Vices,Bea Whitlock,98.0,173530,Album,17,False,https://cdn.example.com/covers/053.jpg
2024-01-09,14,Faded Crowns,Jaxon Frey,96.0,146551,Album,17,True,https://cdn.example.com/covers/029.jpg
2024-01-09,15,Velvet Daylight,Bea Whitlock,96.0,214069,Album,6,True,https://cdn.example.com/covers/132.jpg
2024-01-09,16,Faded Lines,Omar Diallo,98.0,213467,Album,10,True,https://cdn.example.com/covers/031.jpg
2024-01-09,17,Ashen Names,The Lantern Club,98.0,184103,Album,11,False,https://cdn.example.com/covers/005.jpg
2024-01-09,18,Sunlit Machines,Saint Avery feat. Deja Monroe,93.0,223896,Single,1,False,https://cdn.example.com/covers/127.jpg
2024-01-09,19,Paper Rivers,Lorna Sky,96.0,245886,Album,12,False,https://cdn.example.com/covers/086.jpg
2024-01-09,20,Faded Vices,Deja Monroe,86.0,106449,Album,15,False,https://cdn.example.com/covers/037.jpg
2024-01-09,21,Neon Wires,Deja Monroe feat. Milo & The Tides,94.0,189317,Album,20,False,https://cdn.example.com/covers/080.jpg
2024-01-09,22,Midnight Crowns,Jaxon Frey,98.0,210662,Album,13,True,https://cdn.example.com/covers/067.jpg
2024-01-09,23,Paper Cities,Velvet Static,92.0,195370,Album,16,False,https://cdn.example.com/covers/081.jpg
2024-01-09,24,Lonely Lines,Omar Diallo,88.0,164735,Single,1,False,https://cdn.example.com/covers/061.jpg
2024-01-09,25,Ivory Summers,Saint Avery,86.0,277100,Album,17,True,https://cdn.example.com/covers/058.jpg
2024-01-09,26,Ashen Bones,Milo & The Tides feat. Omar Diallo,92.0,143025,Single,1,False,https://cdn.example.com/covers/000.jpg
2024-01-09,27,Quiet Promises,Deja Monroe,85.0,172131,Album,16,False,https://cdn.example.com/covers/091.jpg
2024-01-09,28,Lonely Bones,The Paper Kites Co.,89.0,237046,Single,1,False,https://cdn.example.com/covers/060.jpg
2024-01-09,29,Silver Bones,Saint Avery feat. Trey Nakamura,,242348,Single,1,True,https://cdn.example.com/covers/102.jpg
2024-01-09,30,Quiet Cities,Halcyon Youth,78.0,190645,Album,11,True,https://cdn.example.com/covers/088.jpg
2024-01-09,31,Electric Wires,Trey Nakamura feat. Deja Monroe,92.0,227637,Album,16,False,https://cdn.example.com/covers/026.jpg
2024-01-09,32,Lonely Machines,Lorna Sky,78.0,254785,Single,1,True,https://cdn.example.com/covers/062.jpg
2024-01-09,33,Midnight Summers,The Lantern Club feat. Bea Whitlock,80.0,206872,Album,16,False,https://cdn.example.com/covers/073.jpg
2024-01-09,34,Velvet Hours,Lorna Sky feat. Ruben Castellanos,80.0,221443,Album,11,True,https://cdn.example.com/covers/134.jpg
2024-01-09,35,Velvet Machines,Trey Nakamura,87.0,270666,Album,16,False,https://cdn.example.com/covers/135.jpg
2024-01-09,36,Hollow Names,Milo & The Tides,79.0,205579,Single,1,True,https://cdn.example.com/covers/049.jpg
2024-01-09,37,Bitter Signals,Jaxon Frey,87.0,168881,Single,1,False,https://cdn.example.com/covers/014.jpg
2024-01-09,38,Ivory Hours,Deja Monroe,79.0,236456,Album,12,False,https://cdn.example.com/covers/056.jpg
2024-01-09,39,Wildflower Engines,Priya Anand,79.0,211866,Album,20,False,https://cdn.example.com/covers/141.jpg
2024-01-09,40,Silver Letters,Kira Lindqvist,78.0,135608,Single,1,False,https://cdn.example.com/covers/105.jpg
2024-01-09,41,Hollow Ghosts,Dust & Ember,80.0,181921,Album,10,True,https://cdn.example.com/covers/048.jpg
2024-01-09,42,Restless Rivers,The Lantern Club,80.0,228103,Single,1,False,https://cdn.example.com/covers/099.jpg
2024-01-09,43,Golden Rivers,Bea Whitlock,81.0,215953,Single,1,False,https://cdn.example.com/covers/044.jpg
2024-01-09,44,Velvet Bones,Ruben Castellanos,77.0,204364,Album,14,False,https://cdn.example.com/covers/131.jpg
2024-01-09,45,Lonely Summers,Saint Avery,75.0,259426,Album,18,True,https://cdn.example.com/covers/065.jpg
2024-01-09,46,Faded Bones,Kira Lindqvist,78.0,205265,Single,1,True,https://cdn.example.com/covers/027.jpg
2024-01-09,47,Wildflower Vices,Dust & Ember feat. Deja Monroe,73.0,193125,Single,1,True,https://cdn.example.com/covers/148.jpg
2024-01-09,48,Velvet Weather,Dust & Ember,73.0,271354,Album,9,False,https://cdn.example.com/covers/139.jpg
2024-01-09,49,Neon Lines,Milo & The Tides,69.0,170991,Album,14,False,https://cdn.example.com/covers/076.jpg
2024-01-09,50,Lonely Names,Saint Avery,69.0,240634,Album,18,False,https://cdn.example.com/covers/063.jpg
2024-01-10,1,Wildflower Names,The Lantern Club feat. Nova Reyes,100.0,178107,Album,11,True,https://cdn.example.com/covers/144.jpg
2024-01-10,2,Wildflower Signals,Dust & Ember,100.0,277579,Single,1,True,https://cdn.example.com/covers/146.jpg
2024-01-10,3,Faded Rivers,Saint Avery,100.0,216418,Album,15,False,https://cdn.example.com/covers/033.jpg
2024-01-10,4,Electric Weather,Dust & Ember feat. Milo & The Tides,100.0,135617,Album,11,False,https://cdn.example.com/covers/025.jpg
2024-01-10,5,Bitter Machines,Dust & Ember,100.0,218931,Single,1,False,https://cdn.example.com/covers/011.jpg
2024-01-10,6,Faded Promises,The Paper Kites Co.,100.0,216898,Album,11,False,https://cdn.example.com/covers/032.jpg
2024-01-10,7,Ashen Rooms,Saint Avery feat. The Paper Kites Co.,100.0,221034,Album,20,True,https://cdn.example.com/covers/006.jpg
2024-01-10,8,Hollow Promises,Velvet Static,100.0,137625,Single,1,True,https://cdn.example.com/covers/050.jpg
2024-01-10,9,Hollow Vices,Bea Whitlock,100.0,173530,Album,17,False,https://cdn.example.com/covers/053.jpg
2024-01-10,10,Bitter Engines,Ruben Castellanos,100.0,183774,Album,18,False,https://cdn.example.com/covers/009.jpg
2024-01-10,11,Ashen Engines,Nova Reyes feat. Omar Diallo,100.0,213798,Single,1,True,https://cdn.example.com/covers/001.jpg
2024-01-10,12,Static Bones,Milo & The Tides,98.0,128236,Album,19,False,https://cdn.example.com/covers/109.jpg
2024-01-10,13,Faded Crowns,Jaxon Frey,100.0,146551,Album,17,True,https://cdn.example.com/covers/029.jpg
2024-01-10,14,Paper Rivers,Lorna Sky,95.0,245886,Album,12,False,https://cdn.example.com/covers/086.jpg
2024-01-10,15,Ivory Letters,Saint Avery,96.0,230277,Single,1,False,https://cdn.example.com/covers/057.jpg
2024-01-10,16,Faded Lines,Omar Diallo,92.0,213467,Album,10,True,https://cdn.example.com/covers/031.jpg
2024-01-10,17,Sunlit Machines,Saint Avery feat. Deja Monroe,98.0,223896,Single,1,False,https://cdn.example.com/covers/127.jpg
2024-01-10,18,Silver Bones,Saint Avery feat. Trey Nakamura,98.0,242348,Single,1,True,https://cdn.example.com/covers/102.jpg
2024-01-10,19,Neon Wires,Deja Monroe feat. Milo & The Tides,93.0,189317,Album,20,False,https://cdn.example.com/covers/080.jpg
2024-01-10,20,Velvet Machines,Trey Nakamura,95.0,270666,Album,16,False,https://cdn.example.com/covers/135.jpg
2024-01-10,21,Midnight Crowns,Jaxon Frey,94.0,210662,Album,13,True,https://cdn.example.com/covers/067.jpg
2024-01-10,22,Faded Vices,Deja Monroe,87.0,106449,Album,15,False,https://cdn.example.com/covers/037.jpg
2024-01-10,23,Electric Wires,Trey Nakamura feat. Deja Monroe,93.0,227637,Album,16,False,https://cdn.example.com/covers/026.jpg
2024-01-10,24,Paper Cities,Velvet Static,86.0,195370,Album,16,False,https://cdn.example.com/covers/081.jpg
2024-01-10,25,Lonely Machines,Lorna Sky,93.0,254785,Single,1,True,https://cdn.example.com/covers/062.jpg
2024-01-10,26,Quiet Promises,Deja Monroe,86.0,172131,Album,16,False,https://cdn.example.com/covers/091.jpg
2024-01-10,27,Ashen Names,The Lantern Club,84.0,184103,Album,11,False,https://cdn.example.com/covers/005.jpg
2024-01-10,28,Lonely Lines,Omar Diallo,87.0,164735,Single,1,False,https://cdn.example.com/covers/061.jpg
2024-01-10,29,Velvet Hours,Lorna Sky feat. Ruben Castellanos,90.0,221443,Album,11,True,https://cdn.example.com/covers/134.jpg
2024-01-10,30,Quiet Cities,Halcyon Youth,83.0,190645,Album,11,True,https://cdn.example.com/covers/088.jpg
2024-01-10,31,Lonely Bones,The Paper Kites Co.,81.0,237046,Single,1,False,https://cdn.example.com/covers/060.jpg
2024-01-10,32,Midnight Summers,The Lantern Club feat. Bea Whitlock,82.0,206872,Album,16,False,https://cdn.example.com/covers/073.jpg
2024-01-10,33,Ivory Summers,Saint Avery,81.0,277100,Album,17,True,https://cdn.example.com/covers/058.jpg
2024-01-10,34,Velvet Daylight,Bea Whitlock,89.0,214069,Album,6,True,https://cdn.example.com/covers/132.jpg
2024-01-10,35,Ashen Bones,Milo & The Tides feat. Omar Diallo,77.0,143025,Single,1,False,https://cdn.example.com/covers/000.jpg
2024-01-10,36,Restless Rivers,The Lantern Club,86.0,228103,Single,1,False,https://cdn.example.com/covers/099.jpg
2024-01-10,37,Sunlit Crowns,Kira Lindqvist,83.0,189400,Single,1,False,https://cdn.example.com/covers/123.jpg
2024-01-10,38,Wildflower Engines,Priya Anand,80.0,211866,Album,20,False,https://cdn.example.com/covers/141.jpg
2024-01-10,39,Sunlit Weather,Ruben Castellanos,80.0,246137,Album,11,True,https://cdn.example.com/covers/129.jpg
2024-01-10,40,Hollow Names,Milo & The Tides,76.0,205579,Single,1,True,https://cdn.example.com/covers/049.jpg
2024-01-10,41,Ivory Hours,Deja Monroe,76.0,236456,Album,12,False,https://cdn.example.com/covers/056.jpg
2024-01-10,42,Velvet Weather,Dust & Ember,79.0,271354,Album,9,False,https://cdn.example.com/covers/139.jpg
2024-01-10,43,Silver Letters,Kira Lindqvist,79.0,135608,Single,1,False,https://cdn.example.com/covers/105.jpg
2024-01-10,44,Golden Rivers,Bea Whitlock,75.0,215953,Single,1,False,https://cdn.example.com/covers/044.jpg
2024-01-10,45,Static Wires,The Paper Kites Co. feat. Ruben Castellanos,74.0,171130,Single,1,False,https://cdn.example.com/covers/115.jpg
2024-01-10,46,Bitter Signals,Jaxon Frey,77.0,168881,Single,1,False,https://cdn.example.com/covers/014.jpg
2024-01-10,47,Hollow Ghosts,Dust & Ember,74.0,181921,Album,10,True,https://cdn.example.com/covers/048.jpg
2024-01-10,48,Lonely Names,Saint Avery,76.0,240634,Album,18,False,https://cdn.example.com/covers/063.jpg
2024-01-10,49,Faded Ghosts,Halcyon Youth,71.0,191474,Single,1,False,https://cdn.example.com/covers/030.jpg
2024-01-10,50,Velvet Bones,Ruben Castellanos,77.0,204364,Album,14,False,https://cdn.example.com/covers/131.jpg
2024-01-11,1,Wildflower Names,The Lantern Club feat. Nova Reyes,100.0,178107,Album,11,True,https://cdn.example.com/covers/144.jpg
2024-01-11,2,Faded Rivers,Saint Avery,100.0,216418,Album,15,False,https://cdn.example.com/covers/033.jpg
2024-01-11,3,Electric Weather,Dust & Ember feat. Milo & The Tides,100.0,135617,Album,11,False,https://cdn.example.com/covers/025.jpg
2024-01-11,4,Wildflower Signals,Dust & Ember,100.0,277579,Single,1,True,https://cdn.example.com/covers/146.jpg
2024-01-11,5,Ashen Rooms,  SAINT AVERY FEAT. THE PAPER KITES CO.,100.0,221034,Album,20,True,https://cdn.example.com/covers/006.jpg
2024-01-11,6,Bitter Machines,Dust & Ember,100.0,218931,Single,1,False,https://cdn.example.com/covers/011.jpg
2024-01-11,7,Hollow Promises,Velvet Static,100.0,137625,Single,1,True,https://cdn.example.com/covers/050.jpg
2024-01-11,8,Static Bones,Milo & The Tides,96.0,128236,Album,19,False,https://cdn.example.com/covers/109.jpg
2024-01-11,9,Faded Promises,The Paper Kites Co.,99.0,216898,Album,11,False,https://cdn.example.com/covers/032.jpg
2024-01-11,10,Bitter Engines,Ruben Castellanos,100.0,183774,Album,18,False,https://cdn.example.com/covers/009.jpg
2024-01-11,11,Ivory Letters,Saint Avery,91.0,230277,Single,1,False,https://cdn.example.com/covers/057.jpg
2024-01-11,12,Faded Crowns,Jaxon Frey,93.0,146551,Album,17,True,https://cdn.example.com/covers/029.jpg
2024-01-11,13,Ashen Engines,Nova Reyes feat. Omar Diallo,93.0,213798,Single,1,True,https://cdn.example.com/covers/001.jpg
2024-01-11,14,Hollow Vices,Bea Whitlock,97.0,173530,Album,17,False,https://cdn.example.com/covers/053.jpg
2024-01-11,15,Velvet Hours,Lorna Sky feat. Ruben Castellanos,96.0,221443,Album,11,True,https://cdn.example.com/covers/134.jpg
2024-01-11,16,Sunlit Machines,Saint Avery feat. Deja Monroe,99.0,223896,Single,1,False,https://cdn.example.com/covers/127.jpg
2024-01-11,17,Silver Bones,Saint Avery feat. Trey Nakamura,96.0,242348,Single,1,True,https://cdn.example.com/covers/102.jpg
2024-01-11,18,Paper Rivers,Lorna Sky,95.0,245886,Album,12,False,https://cdn.example.com/covers/086.jpg
2024-01-11,19,Velvet Daylight,Bea Whitlock,95.0,214069,Album,6,True,https://cdn.example.com/covers/132.jpg
2024-01-11,20,Neon Wires,Deja Monroe feat. Milo & The Tides,93.0,189317,Album,20,False,https://cdn.example.com/covers/080.jpg
2024-01-11,21,Faded Vices,Deja Monroe,94.0,106449,Album,15,False,https://cdn.example.com/covers/037.jpg
2024-01-11,22,Lonely Machines,Lorna Sky,94.0,254785,Single,1,True,https://cdn.example.com/covers/062.jpg
2024-01-11,23,Ashen Names,The Lantern Club,89.0,184103,Album,11,False,https://cdn.example.com/covers/005.jpg
2024-01-11,24,Paper Cities,Velvet Static,92.0,195370,Album,16,False,https://cdn.example.com/covers/081.jpg
2024-01-11,25,Faded Lines,Omar Diallo,89.0,213467,Album,10,True,https://cdn.example.com/covers/031.jpg
2024-01-11,26,Velvet Machines,Trey Nakamura,88.0,270666,Album,16,False,https://cdn.example.com/covers/135.jpg
2024-01-11,27,Midnight Crowns,Jaxon Frey,88.0,210662,Album,13,True,https://cdn.example.com/covers/067.jpg
2024-01-11,28,Ivory Summers,Saint Avery,87.0,277100,Album,17,True,https://cdn.example.com/covers/058.jpg
2024-01-11,29,Lonely Bones,The Paper Kites Co.,87.0,237046,Single,1,False,https://cdn.example.com/covers/060.jpg
2024-01-11,30,Quiet Promises,Deja Monroe,91.0,172131,Album,16,False,https://cdn.example.com/covers/091.jpg
2024-01-11,31,Midnight Summers,The Lantern Club feat. Bea Whitlock,88.0,206872,Album,16,False,https://cdn.example.com/covers/073.jpg
2024-01-11,32,Lonely Lines,Omar Diallo,84.0,164735,Single,1,False,https://cdn.example.com/covers/061.jpg
2024-01-11,33,Electric Wires,Trey Nakamura feat. Deja Monroe,84.0,227637,Album,16,False,https://cdn.example.com/covers/026.jpg
2024-01-11,34,Ashen Bones,Milo & The Tides feat. Omar Diallo,84.0,143025,Single,1,False,https://cdn.example.com/covers/000.jpg
2024-01-11,35,Silver Letters,Kira Lindqvist,84.0,135608,Single,1,False,https://cdn.example.com/covers/105.jpg
2024-01-11,36,Hollow Names,Milo & The Tides,84.0,205579,Single,1,True,https://cdn.example.com/covers/049.jpg
2024-01-11,37,Ivory Hours,Deja Monroe,77.0,236456,Album,12,False,https://cdn.example.com/covers/056.jpg
2024-01-11,38,Hollow Ghosts,Dust & Ember,75.0,181921,Album,10,True,https://cdn.example.com/covers/048.jpg
2024-01-11,39,Wildflower Engines,Priya Anand,78.0,211866,Album,20,False,https://cdn.example.com/covers/141.jpg
2024-01-11,40,Quiet Cities,Halcyon Youth,82.0,190645,Album,11,True,https://cdn.example.com/covers/088.jpg
2024-01-11,41,Restless Rivers,The Lantern Club,81.0,228103,Single,1,False,https://cdn.example.com/covers/099.jpg
2024-01-11,42,Sunlit Weather,Ruben Castellanos,77.0,246137,Album,11,True,https://cdn.example.com/covers/129.jpg
2024-01-11,43,Golden Rivers,Bea Whitlock,77.0,215953,Single,1,False,https://cdn.example.com/covers/044.jpg
2024-01-11,44,Bitter Signals,Jaxon Frey,82.0,168881,Single,1,False,https://cdn.example.com/covers/014.jpg
2024-01-11,45,Sunlit Crowns,Kira Lindqvist,77.0,189400,Single,1,False,https://cdn.example.com/covers/123.jpg
2024-01-11,46,Restless Ghosts,Milo & The Tides,72.0,132699,Single,1,True,https://cdn.example.com/covers/097.jpg
2024-01-11,47,Static Wires,The Paper Kites Co. feat. Ruben Castellanos,70.0,171130,Single,1,False,https://cdn.example.com/covers/115.jpg
2024-01-11,48,Velvet Bones,Ruben Castellanos,76.0,204364,Album,14,False,https://cdn.example.com/covers/131.jpg
2024-01-11,49,Sunlit Highways,Kira Lindqvist,72.0,259501,Album,7,True,https://cdn.example.com/covers/125.jpg
2024-01-11,50,Wildflower Vices,Dust & Ember feat. Deja Monroe,76.0,193125,Single,1,True,https://cdn.example.com/covers/148.jpg
2024-01-12,1,Wildflower Names,The Lantern Club feat. Nova Reyes,100.0,178107,Album,11,True,https://cdn.example.com/covers/144.jpg
2024-01-12,2,Electric Weather,Dust & Ember feat. Milo & The Tides,100.0,135617,Album,11,False,https://cdn.example.com/covers/025.jpg
2024-01-12,3,Hollow Promises,Velvet Static,100.0,137625,Single,1,True,https://cdn.example.com/covers/050.jpg
2024-01-12,4,Ashen Rooms,Saint Avery feat. The Paper Kites Co.,100.0,221034,Album,20,True,https://cdn.example.com/covers/006.jpg
2024-01-12,5,Wildflower Signals,Dust & Ember,100.0,277579,Single,1,True,https://cdn.example.com/covers/146.jpg
2024-01-12,6,Faded Rivers,Saint Avery,100.0,216418,Album,15,False,https://cdn.example.com/covers/033.jpg
2024-01-12,7,Static Bones,Milo & The Tides,100.0,128236,Album,19,False,https://cdn.example.com/covers/109.jpg
2024-01-12,8,Faded Promises,The Paper Kites Co.,100.0,216898,Album,11,False,https://cdn.example.com/covers/032.jpg
2024-01-12,9,Faded Crowns,Jaxon Frey,100.0,146551,Album,17,True,https://cdn.example.com/covers/029.jpg
2024-01-12,10,Ashen Engines,Nova Reyes feat. Omar Diallo,100.0,213798,Single,1,True,https://cdn.example.com/covers/001.jpg
2024-01-12,11,Ivory Letters,Saint Avery,99.0,230277,Single,1,False,https://cdn.example.com/covers/057.jpg
2024-01-12,12,Bitter Machines,Dust & Ember,97.0,218931,Single,1,False,https://cdn.example.com/covers/011.jpg
2024-01-12,13,Bitter Engines,Ruben Castellanos,97.0,183774,Album,18,False,https://cdn.example.com/covers/009.jpg
2024-01-12,14,Hollow Vices,Bea Whitlock,90.0,173530,Album,17,False,https://cdn.example.com/covers/053.jpg
2024-01-12,15,Neon Wires,Deja Monroe feat. Milo & The Tides,95.0,189317,Album,20,False,https://cdn.example.com/covers/080.jpg
2024-01-12,16,Silver Bones,Saint Avery feat. Trey Nakamura,99.0,242348,Single,1,True,https://cdn.example.com/covers/102.jpg
2024-01-12,17,Faded Lines,Omar Diallo,95.0,213467,Album,10,True,https://cdn.example.com/covers/031.jpg
2024-01-12,18,Velvet Hours,Lorna Sky feat. Ruben Castellanos,96.0,221443,Album,11,True,https://cdn.example.com/covers/134.jpg
2024-01-12,19,Faded Vices,Deja Monroe,93.0,106449,Album,15,False,https://cdn.example.com/covers/037.jpg
2024-01-12,20,Hollow Names,Milo & The Tides,85.0,205579,Single,1,True,https://cdn.example.com/covers/049.jpg
2024-01-12,21,Paper Rivers,Lorna Sky,92.0,245886,Album,12,False,https://cdn.example.com/covers/086.jpg
2024-01-12,22,Ashen Names,The Lantern Club,90.0,184103,Album,11,False,https://cdn.example.com/covers/005.jpg
2024-01-12,23,Ivory Summers,Saint Avery,92.0,277100,Album,17,True,https://cdn.example.com/covers/058.jpg
2024-01-12,24,Paper Cities,Velvet Static,96.0,195370,Album,16,False,https://cdn.example.com/covers/081.jpg
2024-01-12,25,Velvet Machines,Trey Nakamura,87.0,270666,Album,16,False,https://cdn.example.com/covers/135.jpg
2024-01-12,26,Velvet Daylight,Bea Whitlock,90.0,214069,Album,6,True,https://cdn.example.com/covers/132.jpg
2024-01-12,27,Quiet Promises,Deja Monroe,83.0,172131,Album,16,False,https://cdn.example.com/covers/091.jpg
2024-01-12,28,Electric Wires,Trey Nakamura feat. Deja Monroe,87.0,227637,Album,16,False,https://cdn.example.com/covers/026.jpg
2024-01-12,29,Sunlit Machines,Saint Avery feat. Deja Monroe,90.0,223896,Single,1,False,https://cdn.example.com/covers/127.jpg
2024-01-12,30,Lonely Bones,The Paper Kites Co.,86.0,237046,Single,1,False,https://cdn.example.com/covers/060.jpg
2024-01-12,31,Lonely Lines,Omar Diallo,86.0,164735,Single,1,False,https://cdn.example.com/covers/061.jpg
2024-01-12,32,Quiet Cities,Halcyon Youth,84.0,190645,Album,11,True,https://cdn.example.com/covers/088.jpg
2024-01-12,33,Midnight Crowns,Jaxon Frey,80.0,210662,Album,13,True,https://cdn.example.com/covers/067.jpg
2024-01-12,34,Silver Letters,Kira Lindqvist,83.0,135608,Single,1,False,https://cdn.example.com/covers/105.jpg
2024-01-12,35,Midnight Summers,The Lantern Club feat. Bea Whitlock,84.0,206872,Album,16,False,https://cdn.example.com/covers/073.jpg
2024-01-12,36,Wildflower Vices,Dust & Ember feat. Deja Monroe,90.0,193125,Single,1,True,https://cdn.example.com/covers/148.jpg
2024-01-12,37,Restless Rivers,The Lantern Club,84.0,228103,Single,1,False,https://cdn.example.com/covers/099.jpg
2024-01-12,38,Ashen Bones,Milo & The Tides feat. Omar Diallo,76.0,143025,Single,1,False,https://cdn.example.com/covers/000.jpg
2024-01-12,39,Sunlit Highways,Kira Lindqvist,82.0,259501,Album,7,True,https://cdn.example.com/covers/125.jpg
2024-01-12,40,Golden Rivers,Bea Whitlock,77.0,215953,Single,1,False,https://cdn.example.com/covers/044.jpg
2024-01-12,41,Lonely Machines,Lorna Sky,82.0,254785,Single,1,True,https://cdn.example.com/covers/062.jpg
2024-01-12,42,Lonely Summers,Saint Avery,79.0,259426,Album,18,True,https://cdn.example.com/covers/065.jpg
2024-01-12,43,Velvet Bones,Ruben Castellanos,80.0,204364,Album,14,False,https://cdn.example.com/covers/131.jpg
2024-01-12,44,Bitter Signals,Jaxon Frey,74.0,168881,Single,1,False,https://cdn.example.com/covers/014.jpg
2024-01-12,45,Golden Engines,Saint Avery,76.0,237976,Album,18,True,https://cdn.example.com/covers/042.jpg
2024-01-12,46,Static Wires,The Paper Kites Co. feat. Ruben Castellanos,74.0,171130,Single,1,False,https://cdn.example.com/covers/115.jpg
2024-01-12,47,Hollow Ghosts,Dust & Ember,74.0,181921,Album,10,True,https://cdn.example.com/covers/048.jpg
2024-01-12,48,Wildflower Engines,Priya Anand,67.0,211866,Album,20,False,https://cdn.example.com/covers/141.jpg
2024-01-12,49,Ivory Hours,Deja Monroe,71.0,236456,Album,12,False,https://cdn.example.com/covers/056.jpg
2024-01-12,50,Velvet Weather,Dust & Ember,,271354,Album,9,False,https://cdn.example.com/covers/139.jpg
2024-01-13,1,Wildflower Names,The Lantern Club feat. Nova Reyes,100.0,178107,Album,11,True,https://cdn.example.com/covers/144.jpg
2024-01-13,2,Bitter Machines,Dust & Ember,100.0,218931,Single,1,False,https://cdn.example.com/covers/011.jpg
2024-01-13,3,Faded Rivers,Saint Avery,100.0,216418,Album,15,False,https://cdn.example.com/covers/033.jpg
2024-01-13,4,Electric Weather,Dust & Ember feat. Milo & The Tides,100.0,135617,Album,11,False,https://cdn.example.com/covers/025.jpg
2024-01-13,5,Hollow Promises,Velvet Static,100.0,137625,Single,1,True,https://cdn.example.com/covers/050.jpg
2024-01-13,6,Wildflower Signals,Dust & Ember,100.0,277579,Single,1,True,https://cdn.example.com/covers/146.jpg
2024-01-13,7,Faded Crowns,Jaxon Frey,100.0,146551,Album,17,True,https://cdn.example.com/covers/029.jpg
2024-01-13,8,Static Bones,Milo & The Tides,100.0,128236,Album,19,False,https://cdn.example.com/covers/109.jpg
2024-01-13,9,Bitter Engines,Ruben Castellanos,100.0,183774,Album,18,False,https://cdn.example.com/covers/009.jpg
2024-01-13,10,Faded Promises,The Paper Kites Co.,100.0,216898,Album,11,False,https://cdn.example.com/covers/032.jpg
2024-01-13,11,Ashen Rooms,Saint Avery feat. The Paper Kites Co.,98.0,221034,Album,20,True,https://cdn.example.com/covers/006.jpg
2024-01-13,12,Ivory Letters,Saint Avery,100.0,230277,Single,1,False,https://cdn.example.com/covers/057.jpg
2024-01-13,13,Hollow Vices,Bea Whitlock,97.0,173530,Album,17,False,https://cdn.example.com/covers/053.jpg
2024-01-13,14,Paper Cities,Velvet Static,91.0,195370,Album,16,False,https://cdn.example.com/covers/081.jpg
2024-01-13,15,Sunlit Machines,Saint Avery feat. Deja Monroe,90.0,223896,Single,1,False,https://cdn.example.com/covers/127.jpg
2024-01-13,16,Ashen Engines,Nova Reyes feat. Omar Diallo,96.0,213798,Single,1,True,https://cdn.example.com/covers/001.jpg
2024-01-13,17,Velvet Hours,Lorna Sky feat. Ruben Castellanos,95.0,221443,Album,11,True,https://cdn.example.com/covers/134.jpg
2024-01-13,18,Faded Vices,Deja Monroe,98.0,106449,Album,15,False,https://cdn.example.com/covers/037.jpg
2024-01-13,19,Neon Wires,Deja Monroe feat. Milo & The Tides,94.0,189317,Album,20,False,https://cdn.example.com/covers/080.jpg
2024-01-13,20,Faded Lines,Omar Diallo,95.0,213467,Album,10,True,https://cdn.example.com/covers/031.jpg
2024-01-13,21,Paper Rivers,Lorna Sky,97.0,245886,Album,12,False,https://cdn.example.com/covers/086.jpg
2024-01-13,22,Velvet Machines,Trey Nakamura,86.0,270666,Album,16,False,https://cdn.example.com/covers/135.jpg
2024-01-13,23,Silver Bones,Saint Avery feat. Trey Nakamura,90.0,242348,Single,1,True,https://cdn.example.com/covers/102.jpg
2024-01-13,24,Ivory Summers,Saint Avery,84.0,277100,Album,17,True,https://cdn.example.com/covers/058.jpg
2024-01-13,25,Midnight Crowns,Jaxon Frey,93.0,210662,Album,13,True,https://cdn.example.com/covers/067.jpg
2024-01-13,26,Lonely Bones,The Paper Kites Co.,90.0,237046,Single,1,False,https://cdn.example.com/covers/060.jpg
2024-01-13,27,Quiet Promises,Deja Monroe,91.0,172131,Album,16,False,https://cdn.example.com/covers/091.jpg
2024-01-13,28,Ashen Names,The Lantern Club,88.0,184103,Album,11,False,https://cdn.example.com/covers/005.jpg
2024-01-13,29,Lonely Lines,Omar Diallo,89.0,164735,Single,1,False,https://cdn.example.com/covers/061.jpg
2024-01-13,30,Electric Wires,Trey Nakamura feat. Deja Monroe,87.0,227637,Album,16,False,https://cdn.example.com/covers/026.jpg
2024-01-13,31,Ashen Bones,Milo & The Tides feat. Omar Diallo,85.0,143025,Single,1,False,https://cdn.example.com/covers/000.jpg
2024-01-13,32,Velvet Daylight,Bea Whitlock,87.0,214069,Album,6,True,https://cdn.example.com/covers/132.jpg
2024-01-13,33,Hollow Names,Milo & The Tides,81.0,205579,Single,1,True,https://cdn.example.com/covers/049.jpg
2024-01-13,34,Silver Letters,Kira Lindqvist,87.0,135608,Single,1,False,https://cdn.example.com/covers/105.jpg
2024-01-13,35,Quiet Cities,Halcyon Youth,84.0,190645,Album,11,True,https://cdn.example.com/covers/088.jpg
2024-01-13,36,Golden Rivers,Bea Whitlock,79.0,215953,Single,1,False,https://cdn.example.com/covers/044.jpg
2024-01-13,37,Ivory Hours,Deja Monroe,83.0,236456,Album,12,False,https://cdn.example.com/covers/056.jpg
2024-01-13,38,Lonely Machines,Lorna Sky,83.0,254785,Single,1,True,https://cdn.example.com/covers/062.jpg
2024-01-13,39,Midnight Summers,The Lantern Club feat. Bea Whitlock,83.0,206872,Album,16,False,https://cdn.example.com/covers/073.jpg
2024-01-13,40,Hollow Ghosts,Dust & Ember,78.0,181921,Album,10,True,https://cdn.example.com/covers/048.jpg
2024-01-13,41,Wildflower Vices,Dust & Ember feat. Deja Monroe,76.0,193125,Single,1,True,https://cdn.example.com/covers/148.jpg
2024-01-13,42,Golden Engines,Saint Avery,76.0,237976,Album,18,True,https://cdn.example.com/covers/042.jpg
2024-01-13,43,Lonely Summers,Saint Avery,73.0,259426,Album,18,True,https://cdn.example.com/covers/065.jpg
2024-01-13,44,Velvet Bones,Ruben Castellanos,82.0,204364,Album,14,False,https://cdn.example.com/covers/131.jpg
2024-01-13,45,Wildflower Engines,Priya Anand,74.0,211866,Album,20,False,https://cdn.example.com/covers/141.jpg
2024-01-13,46,Bitter Signals,Jaxon Frey,79.0,168881,Single,1,False,https://cdn.example.com/covers/014.jpg
2024-01-13,47,Static Wires,The Paper Kites Co. feat. Ruben Castellanos,76.0,171130,Single,1,False,https://cdn.example.com/covers/115.jpg
2024-01-13,48,Velvet Weather,Dust & Ember,78.0,271354,Album,9,False,https://cdn.example.com/covers/139.jpg
2024-01-13,49,Restless Rivers,The Lantern Club,75.0,228103,Single,1,False,https://cdn.example.com/covers/099.jpg
2024-01-13,50,Restless Ghosts,Milo & The Tides,68.0,132699,Single,1,True,https://cdn.example.com/covers/097.jpg
2024-01-14,1,Hollow Promises,Velvet Static,100.0,137625,Single,1,True,https://cdn.example.com/covers/050.jpg
2024-01-14,2,Wildflower Names,The Lantern Club feat. Nova Reyes,100.0,178107,Album,11,True,https://cdn.example.com/covers/144.jpg
2024-01-14,3,Ashen Rooms,Saint Avery feat. The Paper Kites Co.,100.0,221034,Album,20,True,https://cdn.example.com/covers/006.jpg
2024-01-14,4,Faded Promises,The Paper Kites Co.,100.0,216898,Album,11,False,https://cdn.example.com/covers/032.jpg
2024-01-14,5,Faded Crowns,Jaxon Frey,100.0,146551,Album,17,True,https://cdn.example.com/covers/029.jpg
2024-01-14,6,Faded Rivers,Saint Avery,100.0,216418,Album,15,False,https://cdn.example.com/covers/033.jpg
2024-01-14,7,Bitter Machines,Dust & Ember,99.0,218931,Single,1,False,https://cdn.example.com/covers/011.jpg
2024-01-14,8,Wildflower Signals,Dust & Ember,100.0,277579,Single,1,True,https://cdn.example.com/covers/146.jpg
2024-01-14,9,Electric Weather,Dust & Ember feat. Milo & The Tides,100.0,135617,Album,11,False,https://cdn.example.com/covers/025.jpg
2024-01-14,10,Static Bones,Milo & The Tides,100.0,128236,Album,19,False,https://cdn.example.com/covers/109.jpg
2024-01-14,11,Hollow Vices,Bea Whitlock,95.0,173530,Album,17,False,https://cdn.example.com/covers/053.jpg
2024-01-14,12,Ivory Letters,Saint Avery,100.0,230277,Single,1,False,https://cdn.example.com/covers/057.jpg
2024-01-14,13,Faded Vices,Deja Monroe,100.0,106449,Album,15,False,https://cdn.example.com/covers/037.jpg
2024-01-14,14,Ivory Summers,Saint Avery,99.0,277100,Album,17,True,https://cdn.example.com/covers/058.jpg
2024-01-14,15,Faded Lines,Omar Diallo,97.0,213467,Album,10,True,https://cdn.example.com/covers/031.jpg
2024-01-14,16,Velvet Hours,Lorna Sky feat. Ruben Castellanos,98.0,221443,Album,11,True,https://cdn.example.com/covers/134.jpg
2024-01-14,17,Ashen Names,The Lantern Club,98.0,184103,Album,11,False,https://cdn.example.com/covers/005.jpg
2024-01-14,18,Bitter Engines,Ruben Castellanos,92.0,183774,Album,18,False,https://cdn.example.com/covers/009.jpg
2024-01-14,19,Paper Rivers,Lorna Sky,96.0,245886,Album,12,False,https://cdn.example.com/covers/086.jpg
2024-01-14,20,Neon Wires,Deja Monroe feat. Milo & The Tides,92.0,189317,Album,20,False,https://cdn.example.com/covers/080.jpg
2024-01-14,21,Ashen Engines,Nova Reyes feat. Omar Diallo,88.0,213798,Single,1,True,https://cdn.example.com/covers/001.jpg
2024-01-14,22,Paper Cities,Velvet Static,84.0,195370,Album,16,False,https://cdn.example.com/covers/081.jpg
2024-01-14,23,Midnight Crowns,Jaxon Frey,86.0,210662,Album,13,True,https://cdn.example.com/covers/067.jpg
2024-01-14,24,Quiet Promises,Deja Monroe,91.0,172131,Album,16,False,https://cdn.example.com/covers/091.jpg
2024-01-14,25,Velvet Machines,Trey Nakamura,89.0,270666,Album,16,False,https://cdn.example.com/covers/135.jpg
2024-01-14,26,Electric Wires,Trey Nakamura feat. Deja Monroe,91.0,227637,Album,16,False,https://cdn.example.com/covers/026.jpg
2024-01-14,27,Lonely Bones,The Paper Kites Co.,80.0,237046,Single,1,False,https://cdn.example.com/covers/060.jpg
2024-01-14,28,Silver Bones,Saint Avery feat. Trey Nakamura,89.0,242348,Single,1,True,https://cdn.example.com/covers/102.jpg
2024-01-14,29,Sunlit Machines,Saint Avery feat. Deja Monroe,94.0,223896,Single,1,False,https://cdn.example.com/covers/127.jpg
2024-01-14,30,Midnight Summers,The Lantern Club feat. Bea Whitlock,93.0,206872,Album,16,False,https://cdn.example.com/covers/073.jpg
2024-01-14,31,Quiet Cities,Halcyon Youth,90.0,190645,Album,11,True,https://cdn.example.com/covers/088.jpg
2024-01-14,32,Lonely Lines,Omar Diallo,92.0,164735,Single,1,False,https://cdn.example.com/covers/061.jpg
2024-01-14,33,Silver Letters,Kira Lindqvist,80.0,135608,Single,1,False,https://cdn.example.com/covers/105.jpg
2024-01-14,34,Golden Engines,Saint Avery,82.0,237976,Album,18,True,https://cdn.example.com/covers/042.jpg
2024-01-14,35,Lonely Machines,Lorna Sky,79.0,254785,Single,1,True,https://cdn.example.com/covers/062.jpg
2024-01-14,36,Hollow Names,Milo & The Tides,84.0,205579,Single,1,True,https://cdn.example.com/covers/049.jpg
2024-01-14,37,Bitter Signals,Jaxon Frey,81.0,168881,Single,1,False,https://cdn.example.com/covers/014.jpg
2024-01-14,38,Velvet Daylight,Bea Whitlock,79.0,214069,Album,6,True,https://cdn.example.com/covers/132.jpg
2024-01-14,39,Ivory Hours,Deja Monroe,79.0,236456,Album,12,False,https://cdn.example.com/covers/056.jpg
2024-01-14,40,Wildflower Vices,Dust & Ember feat. Deja Monroe,84.0,193125,Single,1,True,https://cdn.example.com/covers/148.jpg
2024-01-14,41,Ashen Bones,Milo & The Tides feat. Omar Diallo,79.0,143025,Single,1,False,https://cdn.example.com/covers/000.jpg
2024-01-14,42,Restless Rivers,The Lantern Club,80.0,228103,Single,1,False,https://cdn.example.com/covers/099.jpg
2024-01-14,43,Hollow Ghosts,Dust & Ember,77.0,181921,Album,10,True,https://cdn.example.com/covers/048.jpg
2024-01-14,44,Sunlit Crowns,Kira Lindqvist,77.0,189400,Single,1,False,https://cdn.example.com/covers/123.jpg
2024-01-14,45,Velvet Weather,Dust & Ember,76.0,271354,Album,9,False,https://cdn.example.com/covers/139.jpg
2024-01-14,46,Static Wires,The Paper Kites Co. feat. Ruben Castellanos,71.0,171130,Single,1,False,https://cdn.example.com/covers/115.jpg
2024-01-14,47,Golden Rivers,Bea Whitlock,69.0,215953,Single,1,False,https://cdn.example.com/covers/044.jpg
2024-01-14,48,Sunlit Highways,Kira Lindqvist,73.0,259501,Album,7,True,https://cdn.example.com/covers/125.jpg
2024-01-14,49,Restless Ghosts,Milo & The Tides,64.0,132699,Single,1,True,https://cdn.example.com/covers/097.jpg
2024-01-14,50,Wildflower Engines,Priya Anand,68.0,211866,Album,20,False,https://cdn.example.com/covers/141.jpg
2024-01-15,1,Hollow Promises,Velvet Static,100.0,137625,Single,1,True,https://cdn.example.com/covers/050.jpg
2024-01-15,2,Wildflower Names,The Lantern Club feat. Nova Reyes,100.0,178107,Album,11,True,https://cdn.example.com/covers/144.jpg
2024-01-15,3,Electric Weather,Dust & Ember feat. Milo & The Tides,100.0,135617,Album,11,False,https://cdn.example.com/covers/025.jpg
2024-01-15,4,Bitter Machines,Dust & Ember,100.0,218931,Single,1,False,https://cdn.example.com/covers/011.jpg
2024-01-15,5,Faded Promises,The Paper Kites Co.,100.0,216898,Album,11,False,https://cdn.example.com/covers/032.jpg
2024-01-15,6,Ashen Rooms,Saint Avery feat. The Paper Kites Co.,100.0,221034,Album,20,True,https://cdn.example.com/covers/006.jpg
2024-01-15,7,Faded Rivers,Saint Avery,100.0,216418,Album,15,False,https://cdn.example.com/covers/033.jpg
2024-01-15,8,Faded Crowns,Jaxon Frey,100.0,146551,Album,17,True,https://cdn.example.com/covers/029.jpg
2024-01-15,9,Static Bones,Milo & The Tides,100.0,128236,Album,19,False,https://cdn.example.com/covers/109.jpg
2024-01-15,10,Bitter Engines,Ruben Castellanos,100.0,183774,Album,18,False,https://cdn.example.com/covers/009.jpg
2024-01-15,11,Ashen Engines,Nova Reyes feat. Omar Diallo,100.0,213798,Single,1,True,https://cdn.example.com/covers/001.jpg
2024-01-15,12,Velvet Hours,Lorna Sky feat. Ruben Castellanos,94.0,221443,Album,11,True,https://cdn.example.com/covers/134.jpg
2024-01-15,13,Wildflower Signals,Dust & Ember,95.0,277579,Single,1,True,https://cdn.example.com/covers/146.jpg
2024-01-15,14,Velvet Machines,Trey Nakamura,89.0,270666,Album,16,False,https://cdn.example.com/covers/135.jpg
2024-01-15,15,Hollow Vices,Bea Whitlock,91.0,173530,Album,17,False,https://cdn.example.com/covers/053.jpg
2024-01-15,16,Ivory Letters,Saint Avery,98.0,230277,Single,1,False,https://cdn.example.com/covers/057.jpg
2024-01-15,17,Ivory Summers,Saint Avery,95.0,277100,Album,17,True,https://cdn.example.com/covers/058.jpg
2024-01-15,18,Neon Wires,Deja Monroe feat. Milo & The Tides,98.0,189317,Album,20,False,https://cdn.example.com/covers/080.jpg
2024-01-15,19,Sunlit Machines,Saint Avery feat. Deja Monroe,97.0,223896,Single,1,False,https://cdn.example.com/covers/127.jpg
2024-01-15,20,Faded Vices,Deja Monroe,93.0,106449,Album,15,False,https://cdn.example.com/covers/037.jpg
2024-01-15,21,Silver Bones,Saint Avery feat. Trey Nakamura,89.0,242348,Single,1,True,https://cdn.example.com/covers/102.jpg
2024-01-15,22,Quiet Promises,Deja Monroe,93.0,172131,Album,16,False,https://cdn.example.com/covers/091.jpg
2024-01-15,23,Ashen Bones,Milo & The Tides feat. Omar Diallo,96.0,143025,Single,1,False,https://cdn.example.com/covers/000.jpg
2024-01-15,24,Lonely Machines,Lorna Sky,90.0,254785,Single,1,True,https://cdn.example.com/covers/062.jpg
2024-01-15,25,Midnight Summers,The Lantern Club feat. Bea Whitlock,95.0,206872,Album,16,False,https://cdn.example.com/covers/073.jpg
2024-01-15,26,Faded Lines,Omar Diallo,90.0,213467,Album,10,True,https://cdn.example.com/covers/031.jpg
2024-01-15,27,Paper Cities,Velvet Static,85.0,195370,Album,16,False,https://cdn.example.com/covers/081.jpg
2024-01-15,28,Paper Rivers,Lorna Sky,96.0,245886,Album,12,False,https://cdn.example.com/covers/086.jpg
2024-01-15,29,Midnight Crowns,Jaxon Frey,92.0,210662,Album,13,True,https://cdn.example.com/covers/067.jpg
2024-01-15,30,Hollow Ghosts,Dust & Ember,85.0,181921,Album,10,True,https://cdn.example.com/covers/048.jpg
2024-01-15,31,Electric Wires,Trey Nakamura feat. Deja Monroe,91.0,227637,Album,16,False,https://cdn.example.com/covers/026.jpg
2024-01-15,32,Lonely Bones,The Paper Kites Co.,87.0,237046,Single,1,False,https://cdn.example.com/covers/060.jpg
2024-01-15,33,Velvet Daylight,Bea Whitlock,81.0,214069,Album,6,True,https://cdn.example.com/covers/132.jpg
2024-01-15,34,Hollow Names,Milo & The Tides,82.0,205579,Single,1,True,https://cdn.example.com/covers/049.jpg
2024-01-15,35,Ashen Names,The Lantern Club,87.0,184103,Album,11,False,https://cdn.example.com/covers/005.jpg
2024-01-15,36,Wildflower Vices,Dust & Ember feat. Deja Monroe,86.0,193125,Single,1,True,https://cdn.example.com/covers/148.jpg
2024-01-15,37,Lonely Lines,Omar Diallo,81.0,164735,Single,1,False,https://cdn.example.com/covers/061.jpg
2024-01-15,38,Quiet Cities,Halcyon Youth,82.0,190645,Album,11,True,https://cdn.example.com/covers/088.jpg
2024-01-15,39,Lonely Summers,Saint Avery,83.0,259426,Album,18,True,https://cdn.example.com/covers/065.jpg
2024-01-15,40,Restless Rivers,The Lantern Club,80.0,228103,Single,1,False,https://cdn.example.com/covers/099.jpg
2024-01-15,41,Bitter Signals,Jaxon Frey,81.0,168881,Single,1,False,https://cdn.example.com/covers/014.jpg
2024-01-15,42,Golden Engines,Saint Avery,77.0,237976,Album,18,True,https://cdn.example.com/covers/042.jpg
2024-01-15,43,Silver Letters,Kira Lindqvist,70.0,135608,Single,1,False,https://cdn.example.com/covers/105.jpg
2024-01-15,44,Sunlit Highways,Kira Lindqvist,76.0,259501,Album,7,True,https://cdn.example.com/covers/125.jpg
2024-01-15,45,Velvet Weather,Dust & Ember,80.0,271354,Album,9,False,https://cdn.example.com/covers/139.jpg
2024-01-15,46,Wildflower Engines,Priya Anand,73.0,211866,Album,20,False,https://cdn.example.com/covers/141.jpg
2024-01-15,47,Velvet Bones,Ruben Castellanos,74.0,204364,Album,14,False,https://cdn.example.com/covers/131.jpg
2024-01-15,48,Static Wires,The Paper Kites Co. feat. Ruben Castellanos,75.0,171130,Single,1,False,https://cdn.example.com/covers/115.jpg
2024-01-15,49,Ivory Hours,Deja Monroe,68.0,236456,Album,12,False,https://cdn.example.com/covers/056.jpg
2024-01-15,50,Sunlit Weather,Ruben Castellanos,75.0,246137,Album,11,True,https://cdn.example.com/covers/129.jpg
2024-01-16,1,Hollow Promises,Velvet Static,100.0,137625,Single,1,True,https://cdn.example.com/covers/050.jpg
2024-01-16,2,Electric Weather,Dust & Ember feat. Milo & The Tides,100.0,135617,Album,11,False,https://cdn.example.com/covers/025.jpg
2024-01-16,3,Wildflower Names,The Lantern Club feat. Nova Reyes,100.0,178107,Album,11,True,https://cdn.example.com/covers/144.jpg
2024-01-16,4,Faded Promises,The Paper Kites Co.,100.0,216898,Album,11,False,https://cdn.example.com/covers/032.jpg
2024-01-16,5,Faded Rivers,Saint Avery,100.0,216418,Album,15,False,https://cdn.example.com/covers/033.jpg
2024-01-16,6,Faded Crowns,Jaxon Frey,100.0,146551,Album,17,True,https://cdn.example.com/covers/029.jpg
2024-01-16,7,Wildflower Signals,Dust & Ember,,277579,Single,1,True,https://cdn.example.com/covers/146.jpg
2024-01-16,8,Ashen Rooms,Saint Avery feat. The Paper Kites Co.,100.0,221034,Album,20,True,https://cdn.example.com/covers/006.jpg
2024-01-16,9,Bitter Machines,Dust & Ember,100.0,218931,Single,1,False,https://cdn.example.com/covers/011.jpg
2024-01-16,10,Ivory Letters,Saint Avery,100.0,230277,Single,1,False,https://cdn.example.com/covers/057.jpg
2024-01-16,11,Paper Cities,Velvet Static,100.0,195370,Album,16,False,https://cdn.example.com/covers/081.jpg
2024-01-16,12,Static Bones,Milo & The Tides,98.0,128236,Album,19,False,https://cdn.example.com/covers/109.jpg
2024-01-16,13,Ashen Engines,Nova Reyes feat. Omar Diallo,97.0,213798,Single,1,True,https://cdn.example.com/covers/001.jpg
2024-01-16,14,Faded Vices,Deja Monroe,95.0,106449,Album,15,False,https://cdn.example.com/covers/037.jpg
2024-01-16,15,Hollow Vices,Bea Whitlock,100.0,173530,Album,17,False,https://cdn.example.com/covers/053.jpg
2024-01-16,16,Bitter Engines,Ruben Castellanos,92.0,183774,Album,18,False,https://cdn.example.com/covers/009.jpg
2024-01-16,17,Velvet Hours,Lorna Sky feat. Ruben Castellanos,94.0,221443,Album,11,True,https://cdn.example.com/covers/134.jpg
2024-01-16,18,Ivory Summers,Saint Avery,94.0,277100,Album,17,True,https://cdn.example.com/covers/058.jpg
2024-01-16,19,Sunlit Machines,Saint Avery feat. Deja Monroe,91.0,223896,Single,1,False,https://cdn.example.com/covers/127.jpg
2024-01-16,20,Golden Engines,Saint Avery,92.0,237976,Album,18,True,https://cdn.example.com/covers/042.jpg
2024-01-16,21,Electric Wires,Trey Nakamura feat. Deja Monroe,91.0,227637,Album,16,False,https://cdn.example.com/covers/026.jpg
2024-01-16,22,Paper Rivers,Lorna Sky,91.0,245886,Album,12,False,https://cdn.example.com/covers/086.jpg
2024-01-16,23,Velvet Machines,Trey Nakamura,94.0,270666,Album,16,False,https://cdn.example.com/covers/135.jpg
2024-01-16,24,Lonely Bones,The Paper Kites Co.,95.0,237046,Single,1,False,https://cdn.example.com/covers/060.jpg
2024-01-16,25,Faded Lines,Omar Diallo,90.0,213467,Album,10,True,https://cdn.example.com/covers/031.jpg
2024-01-16,26,Quiet Promises,Deja Monroe,84.0,172131,Album,16,False,https://cdn.example.com/covers/091.jpg
2024-01-16,27,Velvet Daylight,Bea Whitlock,88.0,214069,Album,6,True,https://cdn.example.com/covers/132.jpg
2024-01-16,28,Silver Bones,Saint Avery feat. Trey Nakamura,87.0,242348,Single,1,True,https://cdn.example.com/covers/102.jpg
2024-01-16,29,Neon Wires,Deja Monroe feat. Milo & The Tides,86.0,189317,Album,20,False,https://cdn.example.com/covers/080.jpg
2024-01-16,30,Midnight Crowns,Jaxon Frey,87.0,210662,Album,13,True,https://cdn.example.com/covers/067.jpg
2024-01-16,31,Lonely Machines,Lorna Sky,87.0,254785,Single,1,True,https://cdn.example.com/covers/062.jpg
2024-01-16,32,Midnight Summers,The Lantern Club feat. Bea Whitlock,90.0,206872,Album,16,False,https://cdn.example.com/covers/073.jpg
2024-01-16,33,Ashen Bones,Milo & The Tides feat. Omar Diallo,83.0,143025,Single,1,False,https://cdn.example.com/covers/000.jpg
2024-01-16,34,Hollow Names,Milo & The Tides,81.0,205579,Single,1,True,https://cdn.example.com/covers/049.jpg
2024-01-16,35,Hollow Ghosts,Dust & Ember,82.0,181921,Album,10,True,https://cdn.example.com/covers/048.jpg
2024-01-16,36,Silver Letters,Kira Lindqvist,82.0,135608,Single,1,False,https://cdn.example.com/covers/105.jpg
2024-01-16,37,Sunlit Highways,Kira Lindqvist,79.0,259501,Album,7,True,https://cdn.example.com/covers/125.jpg
2024-01-16,38,Lonely Lines,Omar Diallo,78.0,164735,Single,1,False,https://cdn.example.com/covers/061.jpg
2024-01-16,39,Ashen Names,The Lantern Club,81.0,184103,Album,11,False,https://cdn.example.com/covers/005.jpg
2024-01-16,40,Restless Rivers,The Lantern Club,81.0,228103,Single,1,False,https://cdn.example.com/covers/099.jpg
2024-01-16,41,Velvet Weather,Dust & Ember,76.0,271354,Album,9,False,https://cdn.example.com/covers/139.jpg
2024-01-16,42,Bitter Signals,Jaxon Frey,77.0,168881,Single,1,False,https://cdn.example.com/covers/014.jpg
2024-01-16,43,Wildflower Vices,Dust & Ember feat. Deja Monroe,76.0,193125,Single,1,True,https://cdn.example.com/covers/148.jpg
2024-01-16,44,Quiet Cities,Halcyon Youth,74.0,190645,Album,11,True,https://cdn.example.com/covers/088.jpg
2024-01-16,45,Ivory Hours,Deja Monroe,73.0,236456,Album,12,False,https://cdn.example.com/covers/056.jpg
2024-01-16,46,Golden Rivers,Bea Whitlock,71.0,215953,Single,1,False,https://cdn.example.com/covers/044.jpg
2024-01-16,47,Neon Summers,Dust & Ember feat. Saint Avery,75.0,172623,Single,1,True,https://cdn.example.com/covers/079.jpg
2024-01-16,48,Sunlit Weather,Ruben Castellanos,76.0,246137,Album,11,True,https://cdn.example.com/covers/129.jpg
2024-01-16,49,Lonely Summers,Saint Avery,68.0,259426,Album,18,True,https://cdn.example.com/covers/065.jpg
2024-01-16,50,Velvet Bones,Ruben Castellanos,76.0,204364,Album,14,False,https://cdn.example.com/covers/131.jpg
2024-01-17,1,Wildflower Names,The Lantern Club feat. Nova Reyes,100.0,178107,Album,11,True,https://cdn.example.com/covers/144.jpg
2024-01-17,2,Electric Weather,Dust & Ember feat. Milo & The Tides,100.0,135617,Album,11,False,https://cdn.example.com/covers/025.jpg
2024-01-17,3,Faded Promises,The Paper Kites Co.,100.0,216898,Album,11,False,https://cdn.example.com/covers/032.jpg
2024-01-17,4,Hollow Promises,Velvet Static,100.0,137625,Single,1,True,https://cdn.example.com/covers/050.jpg
2024-01-17,5,Wildflower Signals,Dust & Ember,100.0,277579,Single,1,True,https://cdn.example.com/covers/146.jpg
2024-01-17,6,Faded Rivers,Saint Avery,100.0,216418,Album,15,False,https://cdn.example.com/covers/033.jpg
2024-01-17,7,Bitter Machines,Dust & Ember,100.0,218931,Single,1,False,https://cdn.example.com/covers/011.jpg
2024-01-17,8,Ivory Letters,Saint Avery,98.0,230277,Single,1,False,https://cdn.example.com/covers/057.jpg
2024-01-17,9,Ashen Rooms,Saint Avery feat. The Paper Kites Co.,100.0,221034,Album,20,True,https://cdn.example.com/covers/006.jpg
2024-01-17,10,Faded Crowns,Jaxon Frey,100.0,146551,Album,17,True,https://cdn.example.com/covers/029.jpg
2024-01-17,11,Hollow Vices,Bea Whitlock,97.0,173530,Album,17,False,https://cdn.example.com/covers/053.jpg
2024-01-17,12,Velvet Hours,Lorna Sky feat. Ruben Castellanos,96.0,221443,Album,11,True,https://cdn.example.com/covers/134.jpg
2024-01-17,13,Faded Vices,Deja Monroe,94.0,106449,Album,15,False,https://cdn.example.com/covers/037.jpg
2024-01-17,14,Static Bones,Milo & The Tides,100.0,128236,Album,19,False,https://cdn.example.com/covers/109.jpg
2024-01-17,15,Ashen Engines,Nova Reyes feat. Omar Diallo,98.0,213798,Single,1,True,https://cdn.example.com/covers/001.jpg
2024-01-17,16,Paper Cities,Velvet Static,97.0,195370,Album,16,False,https://cdn.example.com/covers/081.jpg
2024-01-17,17,Bitter Engines,Ruben Castellanos,100.0,183774,Album,18,False,https://cdn.example.com/covers/009.jpg
2024-01-17,18,Lonely Bones,The Paper Kites Co.,97.0,237046,Single,1,False,https://cdn.example.com/covers/060.jpg
2024-01-17,19,Paper Rivers,Lorna Sky,93.0,245886,Album,12,False,https://cdn.example.com/covers/086.jpg
2024-01-17,20,Quiet Promises,Deja Monroe,98.0,172131,Album,16,False,https://cdn.example.com/covers/091.jpg
2024-01-17,21,Electric Wires,Trey Nakamura feat. Deja Monroe,94.0,227637,Album,16,False,https://cdn.example.com/covers/026.jpg
2024-01-17,22,Ivory Summers,Saint Avery,95.0,277100,Album,17,True,https://cdn.example.com/covers/058.jpg
2024-01-17,23,Sunlit Machines,Saint Avery feat. Deja Monroe,91.0,223896,Single,1,False,https://cdn.example.com/covers/127.jpg
2024-01-17,24,Faded Lines,Omar Diallo,86.0,213467,Album,10,True,https://cdn.example.com/covers/031.jpg
2024-01-17,25,Midnight Crowns,Jaxon Frey,92.0,210662,Album,13,True,https://cdn.example.com/covers/067.jpg
2024-01-17,26,Neon Wires,Deja Monroe feat. Milo & The Tides,86.0,189317,Album,20,False,https://cdn.example.com/covers/080.jpg
2024-01-17,27,Golden Engines,Saint Avery,87.0,237976,Album,18,True,https://cdn.example.com/covers/042.jpg
2024-01-17,28,Silver Bones,Saint Avery feat. Trey Nakamura,87.0,242348,Single,1,True,https://cdn.example.com/covers/102.jpg
2024-01-17,29,Lonely Machines,Lorna Sky,81.0,254785,Single,1,True,https://cdn.example.com/covers/062.jpg
2024-01-17,30,Velvet Machines,Trey Nakamura,82.0,270666,Album,16,False,https://cdn.example.com/covers/135.jpg
2024-01-17,31,Velvet Daylight,Bea Whitlock,94.0,214069,Album,6,True,https://cdn.example.com/covers/132.jpg
2024-01-17,32,Ashen Bones,Milo & The Tides feat. Omar Diallo,84.0,143025,Single,1,False,https://cdn.example.com/covers/000.jpg
2024-01-17,33,Hollow Names,Milo & The Tides,88.0,205579,Single,1,True,https://cdn.example.com/covers/049.jpg
2024-01-17,34,Wildflower Vices,Dust & Ember feat. Deja Monroe,82.0,193125,Single,1,True,https://cdn.example.com/covers/148.jpg
2024-01-17,35,Lonely Lines,Omar Diallo,84.0,164735,Single,1,False,https://cdn.example.com/covers/061.jpg
2024-01-17,36,Midnight Summers,The Lantern Club feat. Bea Whitlock,83.0,206872,Album,16,False,https://cdn.example.com/covers/073.jpg
2024-01-17,37,Ivory Hours,Deja Monroe,76.0,236456,Album,12,False,https://cdn.example.com/covers/056.jpg
2024-01-17,38,Hollow Ghosts,Dust & Ember,82.0,181921,Album,10,True,https://cdn.example.com/covers/048.jpg
2024-01-17,39,Silver Letters,Kira Lindqvist,81.0,135608,Single,1,False,https://cdn.example.com/covers/105.jpg
2024-01-17,40,Velvet Weather,Dust & Ember,81.0,271354,Album,9,False,https://cdn.example.com/covers/139.jpg
2024-01-17,41,Bitter Signals,Jaxon Frey,73.0,168881,Single,1,False,https://cdn.example.com/covers/014.jpg
2024-01-17,42,Ashen Names,The Lantern Club,78.0,184103,Album,11,False,https://cdn.example.com/covers/005.jpg
2024-01-17,43,Velvet Bones,Ruben Castellanos,80.0,204364,Album,14,False,https://cdn.example.com/covers/131.jpg
2024-01-17,44,Quiet Cities,Halcyon Youth,79.0,190645,Album,11,True,https://cdn.example.com/covers/088.jpg
2024-01-17,45,Restless Rivers,The Lantern Club,77.0,228103,Single,1,False,https://cdn.example.com/covers/099.jpg
2024-01-17,46,Sunlit Highways,Kira Lindqvist,75.0,259501,Album,7,True,https://cdn.example.com/covers/125.jpg
2024-01-17,47,Lonely Summers,Saint Avery,74.0,259426,Album,18,True,https://cdn.example.com/covers/065.jpg
2024-01-17,48,Static Wires,The Paper Kites Co. feat. Ruben Castellanos,68.0,171130,Single,1,False,https://cdn.example.com/covers/115.jpg
2024-01-17,49,Restless Ghosts,Milo & The Tides,72.0,132699,Single,1,True,https://cdn.example.com/covers/097.jpg
2024-01-17,50,Golden Rivers,Bea Whitlock,72.0,215953,Single,1,False,https://cdn.example.com/covers/044.jpg
2024-01-18,1,Hollow Promises,Velvet Static,100.0,137625,Single,1,True,https://cdn.example.com/covers/050.jpg
2024-01-18,2,Wildflower Names,The Lantern Club feat. Nova Reyes,100.0,178107,Album,11,True,https://cdn.example.com/covers/144.jpg
2024-01-18,3,Faded Promises,The Paper Kites Co.,100.0,216898,Album,11,False,https://cdn.example.com/covers/032.jpg
2024-01-18,4,Electric Weather,Dust & Ember feat. Milo & The Tides,100.0,135617,Album,11,False,https://cdn.example.com/covers/025.jpg
2024-01-18,5,Faded Crowns,Jaxon Frey,100.0,146551,Album,17,True,https://cdn.example.com/covers/029.jpg
2024-01-18,6,Wildflower Signals,Dust & Ember,100.0,277579,Single,1,True,https://cdn.example.com/covers/146.jpg
2024-01-18,7,Ashen Rooms,Saint Avery feat. The Paper Kites Co.,100.0,221034,Album,20,True,https://cdn.example.com/covers/006.jpg
2024-01-18,8,Velvet Hours,Lorna Sky feat. Ruben Castellanos,100.0,221443,Album,11,True,https://cdn.example.com/covers/134.jpg
2024-01-18,9,Faded Vices,Deja Monroe,100.0,106449,Album,15,False,https://cdn.example.com/covers/037.jpg
2024-01-18,10,Ivory Letters,Saint Avery,100.0,230277,Single,1,False,https://cdn.example.com/covers/057.jpg
2024-01-18,11,Faded Rivers,Saint Avery,99.0,216418,Album,15,False,https://cdn.example.com/covers/033.jpg
2024-01-18,12,Hollow Vices,Bea Whitlock,99.0,173530,Album,17,False,https://cdn.example.com/covers/053.jpg
2024-01-18,13,Static Bones,Milo & The Tides,95.0,128236,Album,19,False,https://cdn.example.com/covers/109.jpg
2024-01-18,14,Bitter Machines,Dust & Ember,98.0,218931,Single,1,False,https://cdn.example.com/covers/011.jpg
2024-01-18,15,Velvet Machines,Trey Nakamura,96.0,270666,Album,16,False,https://cdn.example.com/covers/135.jpg
2024-01-18,16,Ashen Engines,Nova Reyes feat. Omar Diallo,95.0,213798,Single,1,True,https://cdn.example.com/covers/001.jpg
2024-01-18,17,Lonely Bones,The Paper Kites Co.,96.0,237046,Single,1,False,https://cdn.example.com/covers/060.jpg
2024-01-18,18,Paper Cities,Velvet Static,100.0,195370,Album,16,False,https://cdn.example.com/covers/081.jpg
2024-01-18,19,Midnight Crowns,Jaxon Frey,100.0,210662,Album,13,True,https://cdn.example.com/covers/067.jpg
2024-01-18,20,Bitter Engines,Ruben Castellanos,95.0,183774,Album,18,False,https://cdn.example.com/covers/009.jpg
2024-01-18,21,Midnight Summers,The Lantern Club feat. Bea Whitlock,92.0,206872,Album,16,False,https://cdn.example.com/covers/073.jpg
2024-01-18,22,Silver Bones,Saint Avery feat. Trey Nakamura,84.0,242348,Single,1,True,https://cdn.example.com/covers/102.jpg
2024-01-18,23,Paper Rivers,Lorna Sky,90.0,245886,Album,12,False,https://cdn.example.com/covers/086.jpg
2024-01-18,24,Quiet Promises,Deja Monroe,89.0,172131,Album,16,False,https://cdn.example.com/covers/091.jpg
2024-01-18,25,Golden Engines,Saint Avery,90.0,237976,Album,18,True,https://cdn.example.com/covers/042.jpg
2024-01-18,26,Neon Wires,Deja Monroe feat. Milo & The Tides,88.0,189317,Album,20,False,https://cdn.example.com/covers/080.jpg
2024-01-18,27,Hollow Names,Milo & The Tides,88.0,205579,Single,1,True,https://cdn.example.com/covers/049.jpg
2024-01-18,28,Electric Wires,Trey Nakamura feat. Deja Monroe,91.0,227637,Album,16,False,https://cdn.example.com/covers/026.jpg
2024-01-18,29,Ivory Summers,Saint Avery,84.0,277100,Album,17,True,https://cdn.example.com/covers/058.jpg
2024-01-18,30,Sunlit Machines,Saint Avery feat. Deja Monroe,86.0,223896,Single,1,False,https://cdn.example.com/covers/127.jpg
2024-01-18,31,Velvet Daylight,Bea Whitlock,86.0,214069,Album,6,True,https://cdn.example.com/covers/132.jpg
2024-01-18,32,Faded Lines,Omar Diallo,83.0,213467,Album,10,True,https://cdn.example.com/covers/031.jpg
2024-01-18,33,Hollow Ghosts,Dust & Ember,79.0,181921,Album,10,True,https://cdn.example.com/covers/048.jpg
2024-01-18,34,Silver Letters,Kira Lindqvist,84.0,135608,Single,1,False,https://cdn.example.com/covers/105.jpg
2024-01-18,35,Neon Summers,Dust & Ember feat. Saint Avery,85.0,172623,Single,1,True,https://cdn.example.com/covers/079.jpg
2024-01-18,36,Lonely Machines,Lorna Sky,81.0,254785,Single,1,True,https://cdn.example.com/covers/062.jpg
2024-01-18,37,Ashen Bones,Milo & The Tides feat. Omar Diallo,80.0,143025,Single,1,False,https://cdn.example.com/covers/000.jpg
2024-01-18,38,Ivory Hours,Deja Monroe,81.0,236456,Album,12,False,https://cdn.example.com/covers/056.jpg
2024-01-18,39,Bitter Signals,Jaxon Frey,77.0,168881,Single,1,False,https://cdn.example.com/covers/014.jpg
2024-01-18,40,Wildflower Vices,Dust & Ember feat. Deja Monroe,78.0,193125,Single,1,True,https://cdn.example.com/covers/148.jpg
2024-01-18,41,Restless Rivers,The Lantern Club,78.0,228103,Single,1,False,https://cdn.example.com/covers/099.jpg
2024-01-18,42,Quiet Cities,Halcyon Youth,72.0,190645,Album,11,True,https://cdn.example.com/covers/088.jpg
2024-01-18,43,Velvet Weather,Dust & Ember,77.0,271354,Album,9,False,https://cdn.example.com/covers/139.jpg
2024-01-18,44,Golden Rivers,Bea Whitlock,76.0,215953,Single,1,False,https://cdn.example.com/covers/044.jpg
2024-01-18,45,Ashen Names,The Lantern Club,80.0,184103,Album,11,False,https://cdn.example.com/covers/005.jpg
2024-01-18,46,Restless Ghosts,Milo & The Tides,79.0,132699,Single,1,True,https://cdn.example.com/covers/097.jpg
2024-01-18,47,Lonely Lines,Omar Diallo,78.0,164735,Single,1,False,https://cdn.example.com/covers/061.jpg
2024-01-18,48,Sunlit Highways,Kira Lindqvist,73.0,259501,Album,7,True,https://cdn.example.com/covers/125.jpg
2024-01-18,49,Static Wires,The Paper Kites Co. feat. Ruben Castellanos,76.0,171130,Single,1,False,https://cdn.example.com/covers/115.jpg
2024-01-18,50,Sunlit Weather,Ruben Castellanos,72.0,246137,Album,11,True,https://cdn.example.com/covers/129.jpg
2024-01-19,1,Wildflower Names,The Lantern Club feat. Nova Reyes,100.0,178107,Album,11,True,https://cdn.example.com/covers/144.jpg
2024-01-19,2,Hollow Promises,Velvet Static,100.0,137625,Single,1,True,https://cdn.example.com/covers/050.jpg
2024-01-19,3,Faded Promises,The Paper Kites Co.,100.0,216898,Album,11,False,https://cdn.example.com/covers/032.jpg
2024-01-19,4,Electric Weather,Dust & Ember feat. Milo & The Tides,100.0,135617,Album,11,False,https://cdn.example.com/covers/025.jpg
2024-01-19,5,Faded Rivers,Saint Avery,100.0,216418,Album,15,False,https://cdn.example.com/covers/033.jpg
2024-01-19,6,Faded Crowns,Jaxon Frey,100.0,146551,Album,17,True,https://cdn.example.com/covers/029.jpg
2024-01-19,7,Ivory Letters,Saint Avery,100.0,230277,Single,1,False,https://cdn.example.com/covers/057.jpg
2024-01-19,8,Ashen Rooms,Saint Avery feat. The Paper Kites Co.,98.0,221034,Album,20,True,https://cdn.example.com/covers/006.jpg
2024-01-19,9,Wildflower Signals,Dust & Ember,100.0,277579,Single,1,True,https://cdn.example.com/covers/146.jpg
2024-01-19,10,Velvet Hours,Lorna Sky feat. Ruben Castellanos,100.0,221443,Album,11,True,https://cdn.example.com/covers/134.jpg
2024-01-19,11,Velvet Machines,Trey Nakamura,100.0,270666,Album,16,False,https://cdn.example.com/covers/135.jpg
2024-01-19,12,Bitter Machines,Dust & Ember,99.0,218931,Single,1,False,https://cdn.example.com/covers/011.jpg
2024-01-19,13,Lonely Bones,The Paper Kites Co.,93.0,237046,Single,1,False,https://cdn.example.com/covers/060.jpg
2024-01-19,14,Hollow Vices,Bea Whitlock,100.0,173530,Album,17,False,https://cdn.example.com/covers/053.jpg
2024-01-19,15,Static Bones,Milo & The Tides,93.0,128236,Album,19,False,https://cdn.example.com/covers/109.jpg
2024-01-19,16,Faded Vices,Deja Monroe,99.0,106449,Album,15,False,https://cdn.example.com/covers/037.jpg
2024-01-19,17,Silver Bones,Saint Avery feat. Trey Nakamura,,242348,Single,1,True,https://cdn.example.com/covers/102.jpg
2024-01-19,18,Ivory Summers,Saint Avery,92.0,277100,Album,17,True,https://cdn.example.com/covers/058.jpg
2024-01-19,19,Bitter Engines,Ruben Castellanos,98.0,183774,Album,18,False,https://cdn.example.com/covers/009.jpg
2024-01-19,20,Paper Cities,Velvet Static,93.0,195370,Album,16,False,https://cdn.example.com/covers/081.jpg
2024-01-19,21,Neon Wires,Deja Monroe feat. Milo & The Tides,96.0,189317,Album,20,False,https://cdn.example.com/covers/080.jpg
2024-01-19,22,Faded Lines,Omar Diallo,90.0,213467,Album,10,True,https://cdn.example.com/covers/031.jpg
2024-01-19,23,Midnight Summers,The Lantern Club feat. Bea Whitlock,83.0,206872,Album,16,False,https://cdn.example.com/covers/073.jpg
2024-01-19,24,Electric Wires,Trey Nakamura feat. Deja Monroe,86.0,227637,Album,16,False,https://cdn.example.com/covers/026.jpg
2024-01-19,25,Sunlit Machines,Saint Avery feat. Deja Monroe,92.0,223896,Single,1,False,https://cdn.example.com/covers/127.jpg
2024-01-19,26,Midnight Crowns,Jaxon Frey,88.0,210662,Album,13,True,https://cdn.example.com/covers/067.jpg
2024-01-19,27,Paper Rivers,Lorna Sky,89.0,245886,Album,12,False,https://cdn.example.com/covers/086.jpg
2024-01-19,28,Ashen Engines,Nova Reyes feat. Omar Diallo,87.0,213798,Single,1,True,https://cdn.example.com/covers/001.jpg
2024-01-19,29,Hollow Names,Milo & The Tides,84.0,205579,Single,1,True,https://cdn.example.com/covers/049.jpg
2024-01-19,30,Golden Engines,Saint Avery,82.0,237976,Album,18,True,https://cdn.example.com/covers/042.jpg
2024-01-19,31,Wildflower Vices,Dust & Ember feat. Deja Monroe,80.0,193125,Single,1,True,https://cdn.example.com/covers/148.jpg
2024-01-19,32,Hollow Ghosts,Dust & Ember,82.0,181921,Album,10,True,https://cdn.example.com/covers/048.jpg
2024-01-19,33,Velvet Daylight,Bea Whitlock,80.0,214069,Album,6,True,https://cdn.example.com/covers/132.jpg
2024-01-19,34,Ashen Bones,Milo & The Tides feat. Omar Diallo,83.0,143025,Single,1,False,https://cdn.example.com/covers/000.jpg
2024-01-19,35,Lonely Lines,Omar Diallo,79.0,164735,Single,1,False,https://cdn.example.com/covers/061.jpg
2024-01-19,36,Bitter Signals,Jaxon Frey,79.0,168881,Single,1,False,https://cdn.example.com/covers/014.jpg
2024-01-19,37,Velvet Weather,Dust & Ember,81.0,271354,Album,9,False,https://cdn.example.com/covers/139.jpg
2024-01-19,38,Quiet Promises,Deja Monroe,83.0,172131,Album,16,False,https://cdn.example.com/covers/091.jpg
2024-01-19,39,Sunlit Highways,Kira Lindqvist,79.0,259501,Album,7,True,https://cdn.example.com/covers/125.jpg
2024-01-19,40,Ashen Names,The Lantern Club,83.0,184103,Album,11,False,https://cdn.example.com/covers/005.jpg
2024-01-19,41,Lonely Machines,Lorna Sky,72.0,254785,Single,1,True,https://cdn.example.com/covers/062.jpg
2024-01-19,42,Static Wires,The Paper Kites Co. feat. Ruben Castellanos,81.0,171130,Single,1,False,https://cdn.example.com/covers/115.jpg
2024-01-19,43,Silver Letters,Kira Lindqvist,75.0,135608,Single,1,False,https://cdn.example.com/covers/105.jpg
2024-01-19,44,Neon Summers,Dust & Ember feat. Saint Avery,80.0,172623,Single,1,True,https://cdn.example.com/covers/079.jpg
2024-01-19,45,Quiet Cities,Halcyon Youth,72.0,190645,Album,11,True,https://cdn.example.com/covers/088.jpg
2024-01-19,46,Ivory Hours,Deja Monroe,77.0,236456,Album,12,False,https://cdn.example.com/covers/056.jpg
2024-01-19,47,Restless Rivers,The Lantern Club,71.0,228103,Single,1,False,https://cdn.example.com/covers/099.jpg
2024-01-19,48,Golden Rivers,Bea Whitlock,68.0,215953,Single,1,False,https://cdn.example.com/covers/044.jpg
2024-01-19,49,Sunlit Weather,Ruben Castellanos,71.0,246137,Album,11,True,https://cdn.example.com/covers/129.jpg
2024-01-19,50,Velvet Bones,Ruben Castellanos,69.0,204364,Album,14,False,https://cdn.example.com/covers/131.jpg
2024-01-20,1,Hollow Promises,Velvet Static,100.0,137625,Single,1,True,https://cdn.example.com/covers/050.jpg
2024-01-20,2,Wildflower Names,The Lantern Club feat. Nova Reyes,100.0,178107,Album,11,True,https://cdn.example.com/covers/144.jpg
2024-01-20,3,Electric Weather,Dust & Ember feat. Milo & The Tides,100.0,135617,Album,11,False,https://cdn.example.com/covers/025.jpg
2024-01-20,4,Wildflower Signals,Dust & Ember,100.0,277579,Single,1,True,https://cdn.example.com/covers/146.jpg
2024-01-20,5,Faded Crowns,Jaxon Frey,100.0,146551,Album,17,True,https://cdn.example.com/covers/029.jpg
2024-01-20,6,Ashen Rooms,Saint Avery feat. The Paper Kites Co.,100.0,221034,Album,20,True,https://cdn.example.com/covers/006.jpg
2024-01-20,7,Ivory Letters,Saint Avery,100.0,230277,Single,1,False,https://cdn.example.com/covers/057.jpg
2024-01-20,8,Faded Promises,The Paper Kites Co.,100.0,216898,Album,11,False,https://cdn.example.com/covers/032.jpg
2024-01-20,9,Faded Rivers,Saint Avery,100.0,216418,Album,15,False,https://cdn.example.com/covers/033.jpg
2024-01-20,10,Velvet Hours,Lorna Sky feat. Ruben Castellanos,100.0,221443,Album,11,True,https://cdn.example.com/covers/134.jpg
2024-01-20,11,Bitter Machines,Dust & Ember,94.0,218931,Single,1,False,https://cdn.example.com/covers/011.jpg
2024-01-20,12,Bitter Engines,Ruben Castellanos,100.0,183774,Album,18,False,https://cdn.example.com/covers/009.jpg
2024-01-20,13,Golden Engines,Saint Avery,98.0,237976,Album,18,True,https://cdn.example.com/covers/042.jpg
2024-01-20,14,Hollow Vices,Bea Whitlock,100.0,173530,Album,17,False,https://cdn.example.com/covers/053.jpg
2024-01-20,15,Paper Cities,Velvet Static,93.0,195370,Album,16,False,https://cdn.example.com/covers/081.jpg
2024-01-20,16,Ashen Engines,Nova Reyes feat. Omar Diallo,96.0,213798,Single,1,True,https://cdn.example.com/covers/001.jpg
2024-01-20,17,Static Bones,Milo & The Tides,91.0,128236,Album,19,False,https://cdn.example.com/covers/109.jpg
2024-01-20,18,Lonely Bones,The Paper Kites Co.,94.0,237046,Single,1,False,https://cdn.example.com/covers/060.jpg
2024-01-20,19,Velvet Machines,Trey Nakamura,90.0,270666,Album,16,False,https://cdn.example.com/covers/135.jpg
2024-01-20,20,Faded Vices,Deja Monroe,92.0,106449,Album,15,False,https://cdn.example.com/covers/037.jpg
2024-01-20,21,Hollow Ghosts,Dust & Ember,91.0,181921,Album,10,True,https://cdn.example.com/covers/048.jpg
2024-01-20,22,Midnight Summers,The Lantern Club feat. Bea Whitlock,97.0,206872,Album,16,False,https://cdn.example.com/covers/073.jpg
2024-01-20,23,Quiet Promises,Deja Monroe,92.0,172131,Album,16,False,https://cdn.example.com/covers/091.jpg
2024-01-20,24,Ivory Summers,Saint Avery,96.0,277100,Album,17,True,https://cdn.example.com/covers/058.jpg
2024-01-20,25,Silver Bones,Saint Avery feat. Trey Nakamura,96.0,242348,Single,1,True,https://cdn.example.com/covers/102.jpg
2024-01-20,26,Sunlit Machines,Saint Avery feat. Deja Monroe,88.0,223896,Single,1,False,https://cdn.example.com/covers/127.jpg
2024-01-20,27,Neon Wires,Deja Monroe feat. Milo & The Tides,85.0,189317,Album,20,False,https://cdn.example.com/covers/080.jpg
2024-01-20,28,Electric Wires,Trey Nakamura feat. Deja Monroe,88.0,227637,Album,16,False,https://cdn.example.com/covers/026.jpg
2024-01-20,29,Neon Summers,Dust & Ember feat. Saint Avery,87.0,172623,Single,1,True,https://cdn.example.com/covers/079.jpg
2024-01-20,30,Paper Rivers,Lorna Sky,83.0,245886,Album,12,False,https://cdn.example.com/covers/086.jpg
2024-01-20,31,Velvet Daylight,Bea Whitlock,86.0,214069,Album,6,True,https://cdn.example.com/covers/132.jpg
2024-01-20,32,Faded Lines,Omar Diallo,83.0,213467,Album,10,True,https://cdn.example.com/covers/031.jpg
2024-01-20,33,Midnight Crowns,Jaxon Frey,80.0,210662,Album,13,True,https://cdn.example.com/covers/067.jpg
2024-01-20,34,Hollow Names,Milo & The Tides,80.0,205579,Single,1,True,https://cdn.example.com/covers/049.jpg
2024-01-20,35,Ashen Bones,Milo & The Tides feat. Omar Diallo,79.0,143025,Single,1,False,https://cdn.example.com/covers/000.jpg
2024-01-20,36,Silver Letters,Kira Lindqvist,80.0,135608,Single,1,False,https://cdn.example.com/covers/105.jpg
2024-01-20,37,Wildflower Vices,Dust & Ember feat. Deja Monroe,80.0,193125,Single,1,True,https://cdn.example.com/covers/148.jpg
2024-01-20,38,Lonely Machines,Lorna Sky,78.0,254785,Single,1,True,https://cdn.example.com/covers/062.jpg
2024-01-20,39,Velvet Bones,Ruben Castellanos,79.0,204364,Album,14,False,https://cdn.example.com/covers/131.jpg
2024-01-20,40,Lonely Lines,Omar Diallo,78.0,164735,Single,1,False,https://cdn.example.com/covers/061.jpg
2024-01-20,41,Ivory Hours,Deja Monroe,76.0,236456,Album,12,False,https://cdn.example.com/covers/056.jpg
2024-01-20,42,Bitter Signals,Jaxon Frey,81.0,168881,Single,1,False,https://cdn.example.com/covers/014.jpg
2024-01-20,43,Restless Rivers,The Lantern Club,70.0,228103,Single,1,False,https://cdn.example.com/covers/099.jpg
2024-01-20,44,Sunlit Highways,Kira Lindqvist,72.0,259501,Album,7,True,https://cdn.example.com/covers/125.jpg
2024-01-20,45,Velvet Weather,Dust & Ember,73.0,271354,Album,9,False,https://cdn.example.com/covers/139.jpg
2024-01-20,46,Ashen Names,The Lantern Club,79.0,184103,Album,11,False,https://cdn.example.com/covers/005.jpg
2024-01-20,47,Quiet Cities,Halcyon Youth,73.0,190645,Album,11,True,https://cdn.example.com/covers/088.jpg
2024-01-20,48,Sunlit Weather,Ruben Castellanos,78.0,246137,Album,11,True,https://cdn.example.com/covers/129.jpg
2024-01-20,49,Golden Rivers,Bea Whitlock,74.0,215953,Single,1,False,https://cdn.example.com/covers/044.jpg
2024-01-20,50,Bitter Daylight,Lorna Sky,76.0,223885,Album,16,True,https://cdn.example.com/covers/008.jpg
2024-01-21,1,Electric Weather,Dust & Ember feat. Milo & The Tides,100.0,135617,Album,11,False,https://cdn.example.com/covers/025.jpg
2024-01-21,2,Hollow Promises,Velvet Static,100.0,137625,Single,1,True,https://cdn.example.com/covers/050.jpg
2024-01-21,3,Faded Promises,The Paper Kites Co.,100.0,216898,Album,11,False,https://cdn.example.com/covers/032.jpg
2024-01-21,4,Wildflower Names,The Lantern Club feat. Nova Reyes,100.0,178107,Album,11,True,https://cdn.example.com/covers/144.jpg
2024-01-21,5,Faded Crowns,Jaxon Frey,100.0,146551,Album,17,True,https://cdn.example.com/covers/029.jpg
2024-01-21,6,Ashen Rooms,Saint Avery feat. The Paper Kites Co.,100.0,221034,Album,20,True,https://cdn.example.com/covers/006.jpg
2024-01-21,7,Ivory Letters,Saint Avery,99.0,230277,Single,1,False,https://cdn.example.com/covers/057.jpg
2024-01-21,8,Velvet Hours,Lorna Sky feat. Ruben Castellanos,99.0,221443,Album,11,True,https://cdn.example.com/covers/134.jpg
2024-01-21,9,Wildflower Signals,Dust & Ember,100.0,277579,Single,1,True,https://cdn.example.com/covers/146.jpg
2024-01-21,10,Faded Rivers,Saint Avery,97.0,216418,Album,15,False,https://cdn.example.com/covers/033.jpg
2024-01-21,11,Bitter Machines,Dust & Ember,96.0,218931,Single,1,False,https://cdn.example.com/covers/011.jpg
2024-01-21,12,Paper Cities,Velvet Static,91.0,195370,Album,16,False,https://cdn.example.com/covers/081.jpg
2024-01-21,13,Hollow Vices,Bea Whitlock,100.0,173530,Album,17,False,https://cdn.example.com/covers/053.jpg
2024-01-21,14,Faded Vices,Deja Monroe,99.0,106449,Album,15,False,https://cdn.example.com/covers/037.jpg
2024-01-21,15,Bitter Engines,Ruben Castellanos,96.0,183774,Album,18,False,https://cdn.example.com/covers/009.jpg
2024-01-21,16,Lonely Bones,The Paper Kites Co.,94.0,237046,Single,1,False,https://cdn.example.com/covers/060.jpg
2024-01-21,17,Quiet Promises,Deja Monroe,90.0,172131,Album,16,False,https://cdn.example.com/covers/091.jpg
2024-01-21,18,Electric Wires,Trey Nakamura feat. Deja Monroe,93.0,227637,Album,16,False,https://cdn.example.com/covers/026.jpg
2024-01-21,19,Velvet Machines,Trey Nakamura,87.0,270666,Album,16,False,https://cdn.example.com/covers/135.jpg
2024-01-21,20,Ivory Summers,Saint Avery,94.0,277100,Album,17,True,https://cdn.example.com/covers/058.jpg
2024-01-21,21,Ashen Engines,Nova Reyes feat. Omar Diallo,88.0,213798,Single,1,True,https://cdn.example.com/covers/001.jpg
2024-01-21,22,Golden Engines,Saint Avery,86.0,237976,Album,18,True,https://cdn.example.com/covers/042.jpg
2024-01-21,23,Static Bones,Milo & The Tides,92.0,128236,Album,19,False,https://cdn.example.com/covers/109.jpg
2024-01-21,24,Silver Bones,Saint Avery feat. Trey Nakamura,93.0,242348,Single,1,True,https://cdn.example.com/covers/102.jpg
2024-01-21,25,Lonely Lines,Omar Diallo,93.0,164735,Single,1,False,https://cdn.example.com/covers/061.jpg
2024-01-21,26,Midnight Summers,The Lantern Club feat. Bea Whitlock,85.0,206872,Album,16,False,https://cdn.example.com/covers/073.jpg
2024-01-21,27,Ashen Bones,Milo & The Tides feat. Omar Diallo,91.0,143025,Single,1,False,https://cdn.example.com/covers/000.jpg
2024-01-21,28,Silver Letters,Kira Lindqvist,89.0,135608,Single,1,False,https://cdn.example.com/covers/105.jpg
2024-01-21,29,Paper Rivers,Lorna Sky,90.0,245886,Album,12,False,https://cdn.example.com/covers/086.jpg
2024-01-21,30,Midnight Crowns,Jaxon Frey,83.0,210662,Album,13,True,https://cdn.example.com/covers/067.jpg
2024-01-21,31,Hollow Ghosts,Dust & Ember,85.0,181921,Album,10,True,https://cdn.example.com/covers/048.jpg
2024-01-21,32,Wildflower Vices,Dust & Ember feat. Deja Monroe,82.0,193125,Single,1,True,https://cdn.example.com/covers/148.jpg
2024-01-21,33,Neon Wires,Deja Monroe feat. Milo & The Tides,84.0,189317,Album,20,False,https://cdn.example.com/covers/080.jpg
2024-01-21,34,Sunlit Machines,Saint Avery feat. Deja Monroe,79.0,223896,Single,1,False,https://cdn.example.com/covers/127.jpg
2024-01-21,35,Neon Summers,Dust & Ember feat. Saint Avery,77.0,172623,Single,1,True,https://cdn.example.com/covers/079.jpg
2024-01-21,36,Hollow Names,Milo & The Tides,87.0,205579,Single,1,True,https://cdn.example.com/covers/049.jpg
2024-01-21,37,Velvet Daylight,Bea Whitlock,79.0,214069,Album,6,True,https://cdn.example.com/covers/132.jpg
2024-01-21,38,Faded Lines,Omar Diallo,80.0,213467,Album,10,True,https://cdn.example.com/covers/031.jpg
2024-01-21,39,Quiet Cities,Halcyon Youth,80.0,190645,Album,11,True,https://cdn.example.com/covers/088.jpg
2024-01-21,40,Velvet Bones,Ruben Castellanos,82.0,204364,Album,14,False,https://cdn.example.com/covers/131.jpg
2024-01-21,41,Ivory Hours,Deja Monroe,77.0,236456,Album,12,False,https://cdn.example.com/covers/056.jpg
2024-01-21,42,Static Wires,The Paper Kites Co. feat. Ruben Castellanos,80.0,171130,Single,1,False,https://cdn.example.com/covers/115.jpg
2024-01-21,43,Lonely Machines,Lorna Sky,80.0,254785,Single,1,True,https://cdn.example.com/covers/062.jpg
2024-01-21,44,Restless Ghosts,Milo & The Tides,72.0,132699,Single,1,True,https://cdn.example.com/covers/097.jpg
2024-01-21,45,Velvet Weather,Dust & Ember,,271354,Album,9,False,https://cdn.example.com/covers/139.jpg
2024-01-21,46,Bitter Signals,Jaxon Frey,77.0,168881,Single,1,False,https://cdn.example.com/covers/014.jpg
2024-01-21,47,Restless Rivers,The Lantern Club,73.0,228103,Single,1,False,https://cdn.example.com/covers/099.jpg
2024-01-21,48,Sugar Cities,Velvet Static,74.0,262484,Single,1,False,https://cdn.example.com/covers/117.jpg
2024-01-21,49,Ashen Names,The Lantern Club,77.0,184103,Album,11,False,https://cdn.example.com/covers/005.jpg
2024-01-21,50,Sunlit Highways,Kira Lindqvist,72.0,259501,Album,7,True,https://cdn.example.com/covers/125.jpg
2024-01-22,1,Electric Weather,Dust & Ember feat. Milo & The Tides,100.0,135617,Album,11,False,https://cdn.example.com/covers/025.jpg
2024-01-22,2,Hollow Promises,Velvet Static,100.0,137625,Single,1,True,https://cdn.example.com/covers/050.jpg
2024-01-22,3,Wildflower Names,The Lantern Club feat. Nova Reyes,100.0,178107,Album,11,True,https://cdn.example.com/covers/144.jpg
2024-01-22,4,Faded Promises,The Paper Kites Co.,100.0,216898,Album,11,False,https://cdn.example.com/covers/032.jpg
2024-01-22,5,Faded Crowns,Jaxon Frey,100.0,146551,Album,17,True,https://cdn.example.com/covers/029.jpg
2024-01-22,6,Velvet Hours,Lorna Sky feat. Ruben Castellanos,100.0,221443,Album,11,True,https://cdn.example.com/covers/134.jpg
2024-01-22,7,Wildflower Signals,Dust & Ember,100.0,277579,Single,1,True,https://cdn.example.com/covers/146.jpg
2024-01-22,8,Faded Rivers,Saint Avery,100.0,216418,Album,15,False,https://cdn.example.com/covers/033.jpg
2024-01-22,9,Paper Cities,Velvet Static,99.0,195370,Album,16,False,https://cdn.example.com/covers/081.jpg
2024-01-22,10,Ashen Rooms,Saint Avery feat. The Paper Kites Co.,99.0,221034,Album,20,True,https://cdn.example.com/covers/006.jpg
2024-01-22,11,Velvet Machines,Trey Nakamura,97.0,270666,Album,16,False,https://cdn.example.com/covers/135.jpg
2024-01-22,12,Golden Engines,Saint Avery,93.0,237976,Album,18,True,https://cdn.example.com/covers/042.jpg
2024-01-22,13,Ivory Letters,Saint Avery,100.0,230277,Single,1,False,https://cdn.example.com/covers/057.jpg
2024-01-22,14,Bitter Machines,Dust & Ember,98.0,218931,Single,1,False,https://cdn.example.com/covers/011.jpg
2024-01-22,15,Faded Vices,Deja Monroe,94.0,106449,Album,15,False,https://cdn.example.com/covers/037.jpg
2024-01-22,16,Midnight Summers,The Lantern Club feat. Bea Whitlock,91.0,206872,Album,16,False,https://cdn.example.com/covers/073.jpg
2024-01-22,17,Hollow Vices,Bea Whitlock,95.0,173530,Album,17,False,https://cdn.example.com/covers/053.jpg
2024-01-22,18,Static Bones,Milo & The Tides,99.0,128236,Album,19,False,https://cdn.example.com/covers/109.jpg
2024-01-22,19,Ivory Summers,Saint Avery,98.0,277100,Album,17,True,https://cdn.example.com/covers/058.jpg
2024-01-22,20,Lonely Bones,The Paper Kites Co.,92.0,237046,Single,1,False,https://cdn.example.com/covers/060.jpg
2024-01-22,21,Midnight Crowns,Jaxon Frey,94.0,210662,Album,13,True,https://cdn.example.com/covers/067.jpg
2024-01-22,22,Electric Wires,Trey Nakamura feat. Deja Monroe,88.0,227637,Album,16,False,https://cdn.example.com/covers/026.jpg
2024-01-22,23,Sunlit Machines,Saint Avery feat. Deja Monroe,91.0,223896,Single,1,False,https://cdn.example.com/covers/127.jpg
2024-01-22,24,Ashen Engines,Nova Reyes feat. Omar Diallo,92.0,213798,Single,1,True,https://cdn.example.com/covers/001.jpg
2024-01-22,25,Silver Bones,Saint Avery feat. Trey Nakamura,88.0,242348,Single,1,True,https://cdn.example.com/covers/102.jpg
2024-01-22,26,Wildflower Vices,Dust & Ember feat. Deja Monroe,93.0,193125,Single,1,True,https://cdn.example.com/covers/148.jpg
2024-01-22,27,Hollow Ghosts,Dust & Ember,90.0,181921,Album,10,True,https://cdn.example.com/covers/048.jpg
2024-01-22,28,Quiet Promises,Deja Monroe,87.0,172131,Album,16,False,https://cdn.example.com/covers/091.jpg
2024-01-22,29,Neon Wires,Deja Monroe feat. Milo & The Tides,88.0,189317,Album,20,False,https://cdn.example.com/covers/080.jpg
2024-01-22,30,Faded Lines,Omar Diallo,83.0,213467,Album,10,True,https://cdn.example.com/covers/031.jpg
2024-01-22,31,Silver Letters,Kira Lindqvist,83.0,135608,Single,1,False,https://cdn.example.com/covers/105.jpg
2024-01-22,32,Bitter Engines,Ruben Castellanos,88.0,183774,Album,18,False,https://cdn.example.com/covers/009.jpg
2024-01-22,33,Velvet Daylight,Bea Whitlock,78.0,214069,Album,6,True,https://cdn.example.com/covers/132.jpg
2024-01-22,34,Bitter Signals,Jaxon Frey,84.0,168881,Single,1,False,https://cdn.example.com/covers/014.jpg
2024-01-22,35,Paper Rivers,Lorna Sky,80.0,245886,Album,12,False,https://cdn.example.com/covers/086.jpg
2024-01-22,36,Neon Summers,Dust & Ember feat. Saint Avery,81.0,172623,Single,1,True,https://cdn.example.com/covers/079.jpg
2024-01-22,37,Ashen Bones,Milo & The Tides feat. Omar Diallo,83.0,143025,Single,1,False,https://cdn.example.com/covers/000.jpg
2024-01-22,38,Lonely Lines,Omar Diallo,77.0,164735,Single,1,False,https://cdn.example.com/covers/061.jpg
2024-01-22,39,Lonely Machines,Lorna Sky,83.0,254785,Single,1,True,https://cdn.example.com/covers/062.jpg
2024-01-22,40,Static Wires,The Paper Kites Co. feat. Ruben Castellanos,84.0,171130,Single,1,False,https://cdn.example.com/covers/115.jpg
2024-01-22,41,Paper Highways,Ruben Castellanos feat. Priya Anand,76.0,160395,Single,1,False,https://cdn.example.com/covers/084.jpg
2024-01-22,42,Velvet Weather,Dust & Ember,79.0,271354,Album,9,False,https://cdn.example.com/covers/139.jpg
2024-01-22,43,Sunlit Highways,Kira Lindqvist,74.0,259501,Album,7,True,https://cdn.example.com/covers/125.jpg
2024-01-22,44,Sugar Cities,Velvet Static,75.0,262484,Single,1,False,https://cdn.example.com/covers/117.jpg
2024-01-22,45,Hollow Names,Milo & The Tides,74.0,205579,Single,1,True,https://cdn.example.com/covers/049.jpg
2024-01-22,46,Quiet Cities,Halcyon Youth,70.0,190645,Album,11,True,https://cdn.example.com/covers/088.jpg
2024-01-22,47,Ivory Hours,Deja Monroe,71.0,236456,Album,12,False,https://cdn.example.com/covers/056.jpg
2024-01-22,48,Restless Signals,Milo & The Tides,80.0,220260,Album,10,False,https://cdn.example.com/covers/100.jpg
2024-01-22,49,Velvet Bones,Ruben Castellanos,73.0,204364,Album,14,False,https://cdn.example.com/covers/131.jpg
2024-01-22,50,Restless Rivers,The Lantern Club,70.0,228103,Single,1,False,https://cdn.example.com/covers/099.jpg
2024-01-23,1,Hollow Promises,Velvet Static,100.0,137625,Single,1,True,https://cdn.example.com/covers/050.jpg
2024-01-23,2,Electric Weather,Dust & Ember feat. Milo & The Tides,100.0,135617,Album,11,False,https://cdn.example.com/covers/025.jpg
2024-01-23,3,Faded Promises,The Paper Kites Co.,100.0,216898,Album,11,False,https://cdn.example.com/covers/032.jpg
2024-01-23,4,Wildflower Names,The Lantern Club feat. Nova Reyes,100.0,178107,Album,11,True,https://cdn.example.com/covers/144.jpg
2024-01-23,5,Ashen Rooms,Saint Avery feat. The Paper Kites Co.,100.0,221034,Album,20,True,https://cdn.example.com/covers/006.jpg
2024-01-23,6,Faded Crowns,Jaxon Frey,100.0,146551,Album,17,True,https://cdn.example.com/covers/029.jpg
2024-01-23,7,Ivory Letters,Saint Avery,100.0,230277,Single,1,False,https://cdn.example.com/covers/057.jpg
2024-01-23,8,Velvet Hours,Lorna Sky feat. Ruben Castellanos,98.0,221443,Album,11,True,https://cdn.example.com/covers/134.jpg
2024-01-23,9,Bitter Machines,Dust & Ember,100.0,218931,Single,1,False,https://cdn.example.com/covers/011.jpg
2024-01-23,10,Paper Cities,Velvet Static,100.0,195370,Album,16,False,https://cdn.example.com/covers/081.jpg
2024-01-23,11,Faded Rivers,Saint Avery,97.0,216418,Album,15,False,https://cdn.example.com/covers/033.jpg
2024-01-23,12,Wildflower Signals,Dust & Ember,98.0,277579,Single,1,True,https://cdn.example.com/covers/146.jpg
2024-01-23,13,Velvet Machines,Trey Nakamura,97.0,270666,Album,16,False,https://cdn.example.com/covers/135.jpg
2024-01-23,14,Golden Engines,Saint Avery,97.0,237976,Album,18,True,https://cdn.example.com/covers/042.jpg
2024-01-23,15,Hollow Vices,Bea Whitlock,90.0,173530,Album,17,False,https://cdn.example.com/covers/053.jpg
2024-01-23,16,Bitter Engines,Ruben Castellanos,97.0,183774,Album,18,False,https://cdn.example.com/covers/009.jpg
2024-01-23,17,Faded Vices,Deja Monroe,92.0,106449,Album,15,False,https://cdn.example.com/covers/037.jpg
2024-01-23,18,Midnight Summers,The Lantern Club feat. Bea Whitlock,92.0,206872,Album,16,False,https://cdn.example.com/covers/073.jpg
2024-01-23,19,Paper Rivers,Lorna Sky,93.0,245886,Album,12,False,https://cdn.example.com/covers/086.jpg
2024-01-23,20,Ivory Summers,Saint Avery,,277100,Album,17,True,https://cdn.example.com/covers/058.jpg
2024-01-23,21,Lonely Bones,The Paper Kites Co.,88.0,237046,Single,1,False,https://cdn.example.com/covers/060.jpg
2024-01-23,22,Ashen Engines,Nova Reyes feat. Omar Diallo,88.0,213798,Single,1,True,https://cdn.example.com/covers/001.jpg
2024-01-23,23,Quiet Promises,Deja Monroe,92.0,172131,Album,16,False,https://cdn.example.com/covers/091.jpg
2024-01-23,24,Silver Bones,Saint Avery feat. Trey Nakamura,92.0,242348,Single,1,True,https://cdn.example.com/covers/102.jpg
2024-01-23,25,Midnight Crowns,Jaxon Frey,89.0,210662,Album,13,True,https://cdn.example.com/covers/067.jpg
2024-01-23,26,Sunlit Machines,Saint Avery feat. Deja Monroe,91.0,223896,Single,1,False,https://cdn.example.com/covers/127.jpg
2024-01-23,27,Static Bones,Milo & The Tides,88.0,128236,Album,19,False,https://cdn.example.com/covers/109.jpg
2024-01-23,28,Neon Summers,Dust & Ember feat. Saint Avery,92.0,172623,Single,1,True,https://cdn.example.com/covers/079.jpg
2024-01-23,29,Electric Wires,Trey Nakamura feat. Deja Monroe,85.0,227637,Album,16,False,https://cdn.example.com/covers/026.jpg
2024-01-23,30,Hollow Ghosts,Dust & Ember,80.0,181921,Album,10,True,https://cdn.example.com/covers/048.jpg
2024-01-23,31,Faded Lines,Omar Diallo,87.0,213467,Album,10,True,https://cdn.example.com/covers/031.jpg
2024-01-23,32,Lonely Lines,Omar Diallo,87.0,164735,Single,1,False,https://cdn.example.com/covers/061.jpg
2024-01-23,33,Sunlit Highways,Kira Lindqvist,81.0,259501,Album,7,True,https://cdn.example.com/covers/125.jpg
2024-01-23,34,Ashen Bones,Milo & The Tides feat. Omar Diallo,82.0,143025,Single,1,False,https://cdn.example.com/covers/000.jpg
2024-01-23,35,Wildflower Vices,Dust & Ember feat. Deja Monroe,87.0,193125,Single,1,True,https://cdn.example.com/covers/148.jpg
2024-01-23,36,Bitter Signals,Jaxon Frey,83.0,168881,Single,1,False,https://cdn.example.com/covers/014.jpg
2024-01-23,37,Lonely Machines,Lorna Sky,83.0,254785,Single,1,True,https://cdn.example.com/covers/062.jpg
2024-01-23,38,Quiet Cities,Halcyon Youth,79.0,190645,Album,11,True,https://cdn.example.com/covers/088.jpg
2024-01-23,39,Neon Wires,Deja Monroe feat. Milo & The Tides,80.0,189317,Album,20,False,https://cdn.example.com/covers/080.jpg
2024-01-23,40,Velvet Daylight,Bea Whitlock,87.0,214069,Album,6,True,https://cdn.example.com/covers/132.jpg
2024-01-23,41,Ivory Hours,Deja Monroe,81.0,236456,Album,12,False,https://cdn.example.com/covers/056.jpg
2024-01-23,42,Hollow Names,Milo & The Tides,76.0,205579,Single,1,True,https://cdn.example.com/covers/049.jpg
2024-01-23,43,Silver Letters,Kira Lindqvist,84.0,135608,Single,1,False,https://cdn.example.com/covers/105.jpg
2024-01-23,44,Restless Rivers,The Lantern Club,72.0,228103,Single,1,False,https://cdn.example.com/covers/099.jpg
2024-01-23,45,Velvet Weather,Dust & Ember,76.0,271354,Album,9,False,https://cdn.example.com/covers/139.jpg
2024-01-23,46,Sugar Cities,Velvet Static,77.0,262484,Single,1,False,https://cdn.example.com/covers/117.jpg
2024-01-23,47,Static Wires,The Paper Kites Co. feat. Ruben Castellanos,72.0,171130,Single,1,False,https://cdn.example.com/covers/115.jpg
2024-01-23,48,Paper Highways,Ruben Castellanos feat. Priya Anand,69.0,160395,Single,1,False,https://cdn.example.com/covers/084.jpg
2024-01-23,49,Restless Ghosts,Milo & The Tides,66.0,132699,Single,1,True,https://cdn.example.com/covers/097.jpg
2024-01-23,50,Restless Signals,Milo & The Tides,67.0,220260,Album,10,False,https://cdn.example.com/covers/100.jpg
2024-01-24,1,Hollow Promises,Velvet Static,100.0,137625,Single,1,True,https://cdn.example.com/covers/050.jpg
2024-01-24,2,Electric Weather,Dust & Ember feat. Milo & The Tides,100.0,135617,Album,11,False,https://cdn.example.com/covers/025.jpg
2024-01-24,3,Wildflower Names,The Lantern Club feat. Nova Reyes,100.0,178107,Album,11,True,https://cdn.example.com/covers/144.jpg
2024-01-24,4,Faded Promises,The Paper Kites Co.,100.0,216898,Album,11,False,https://cdn.example.com/covers/032.jpg
2024-01-24,5,Ashen Rooms,Saint Avery feat. The Paper Kites Co.,100.0,221034,Album,20,True,https://cdn.example.com/covers/006.jpg
2024-01-24,6,Faded Crowns,Jaxon Frey,100.0,146551,Album,17,True,https://cdn.example.com/covers/029.jpg
2024-01-24,7,Velvet Hours,Lorna Sky feat. Ruben Castellanos,100.0,221443,Album,11,True,https://cdn.example.com/covers/134.jpg
2024-01-24,8,Ivory Letters,Saint Avery,100.0,230277,Single,1,False,https://cdn.example.com/covers/057.jpg
2024-01-24,9,Faded Rivers,Saint Avery,100.0,216418,Album,15,False,https://cdn.example.com/covers/033.jpg
2024-01-24,10,Wildflower Signals,Dust & Ember,100.0,277579,Single,1,True,https://cdn.example.com/covers/146.jpg
2024-01-24,11,Bitter Machines,Dust & Ember,100.0,218931,Single,1,False,https://cdn.example.com/covers/011.jpg
2024-01-24,12,Midnight Summers,The Lantern Club feat. Bea Whitlock,96.0,206872,Album,16,False,https://cdn.example.com/covers/073.jpg
2024-01-24,13,Paper Cities,Velvet Static,100.0,195370,Album,16,False,https://cdn.example.com/covers/081.jpg
2024-01-24,14,Golden Engines,Saint Avery,94.0,237976,Album,18,True,https://cdn.example.com/covers/042.jpg
2024-01-24,15,Hollow Vices,Bea Whitlock,100.0,173530,Album,17,False,https://cdn.example.com/covers/053.jpg
2024-01-24,16,Ivory Summers,Saint Avery,93.0,277100,Album,17,True,https://cdn.example.com/covers/058.jpg
2024-01-24,17,Velvet Machines,Trey Nakamura,97.0,270666,Album,16,False,https://cdn.example.com/covers/135.jpg
2024-01-24,18,Lonely Bones,The Paper Kites Co.,95.0,237046,Single,1,False,https://cdn.example.com/covers/060.jpg
2024-01-24,19,Bitter Engines,Ruben Castellanos,93.0,183774,Album,18,False,https://cdn.example.com/covers/009.jpg
2024-01-24,20,Neon Summers,Dust & Ember feat. Saint Avery,93.0,172623,Single,1,True,https://cdn.example.com/covers/079.jpg
2024-01-24,21,Faded Vices,Deja Monroe,89.0,106449,Album,15,False,https://cdn.example.com/covers/037.jpg
2024-01-24,22,Neon Wires,Deja Monroe feat. Milo & The Tides,98.0,189317,Album,20,False,https://cdn.example.com/covers/080.jpg
2024-01-24,23,Quiet Promises,Deja Monroe,92.0,172131,Album,16,False,https://cdn.example.com/covers/091.jpg
2024-01-24,24,Sunlit Machines,Saint Avery feat. Deja Monroe,88.0,223896,Single,1,False,https://cdn.example.com/covers/127.jpg
2024-01-24,25,Ashen Engines,Nova Reyes feat. Omar Diallo,94.0,213798,Single,1,True,https://cdn.example.com/covers/001.jpg
2024-01-24,26,Silver Bones,Saint Avery feat. Trey Nakamura,84.0,242348,Single,1,True,https://cdn.example.com/covers/102.jpg
2024-01-24,27,Hollow Ghosts,Dust & Ember,90.0,181921,Album,10,True,https://cdn.example.com/covers/048.jpg
2024-01-24,28,Midnight Crowns,Jaxon Frey,90.0,210662,Album,13,True,https://cdn.example.com/covers/067.jpg
2024-01-24,29,Static Bones,Milo & The Tides,92.0,128236,Album,19,False,https://cdn.example.com/covers/109.jpg
2024-01-24,30,Electric Wires,Trey Nakamura feat. Deja Monroe,90.0,227637,Album,16,False,https://cdn.example.com/covers/026.jpg
2024-01-24,31,Silver Letters,Kira Lindqvist,87.0,135608,Single,1,False,https://cdn.example.com/covers/105.jpg
2024-01-24,32,Ashen Bones,Milo & The Tides feat. Omar Diallo,85.0,143025,Single,1,False,https://cdn.example.com/covers/000.jpg
2024-01-24,33,Velvet Daylight,Bea Whitlock,81.0,214069,Album,6,True,https://cdn.example.com/covers/132.jpg
2024-01-24,34,Velvet Weather,Dust & Ember,83.0,271354,Album,9,False,https://cdn.example.com/covers/139.jpg
2024-01-24,35,Restless Signals,Milo & The Tides,82.0,220260,Album,10,False,https://cdn.example.com/covers/100.jpg
2024-01-24,36,Static Wires,The Paper Kites Co. feat. Ruben Castellanos,81.0,171130,Single,1,False,https://cdn.example.com/covers/115.jpg
2024-01-24,37,Sunlit Highways,Kira Lindqvist,78.0,259501,Album,7,True,https://cdn.example.com/covers/125.jpg
2024-01-24,38,Wildflower Vices,Dust & Ember feat. Deja Monroe,82.0,193125,Single,1,True,https://cdn.example.com/covers/148.jpg
2024-01-24,39,Hollow Names,Milo & The Tides,77.0,205579,Single,1,True,https://cdn.example.com/covers/049.jpg
2024-01-24,40,Lonely Lines,Omar Diallo,82.0,164735,Single,1,False,https://cdn.example.com/covers/061.jpg
2024-01-24,41,Paper Rivers,Lorna Sky,77.0,245886,Album,12,False,https://cdn.example.com/covers/086.jpg
2024-01-24,42,Bitter Daylight,Lorna Sky,79.0,223885,Album,16,True,https://cdn.example.com/covers/008.jpg
2024-01-24,43,Faded Lines,Omar Diallo,74.0,213467,Album,10,True,https://cdn.example.com/covers/031.jpg
2024-01-24,44,Lonely Machines,Lorna Sky,81.0,254785,Single,1,True,https://cdn.example.com/covers/062.jpg
2024-01-24,45,Restless Ghosts,Milo & The Tides,79.0,132699,Single,1,True,https://cdn.example.com/covers/097.jpg
2024-01-24,46,Quiet Cities,Halcyon Youth,74.0,190645,Album,11,True,https://cdn.example.com/covers/088.jpg
2024-01-24,47,Restless Vices,Omar Diallo,74.0,207503,Single,1,False,https://cdn.example.com/covers/101.jpg
2024-01-24,48,Bitter Signals,Jaxon Frey,74.0,168881,Single,1,False,https://cdn.example.com/covers/014.jpg
2024-01-24,49,Ivory Hours,Deja Monroe,73.0,236456,Album,12,False,https://cdn.example.com/covers/056.jpg
2024-01-24,50,Velvet Bones,Ruben Castellanos,74.0,204364,Album,14,False,https://cdn.example.com/covers/131.jpg
2024-01-25,1,Hollow Promises,Velvet Static,100.0,137625,Single,1,True,https://cdn.example.com/covers/050.jpg
2024-01-25,2,Electric Weather,Dust & Ember feat. Milo & The Tides,100.0,135617,Album,11,False,https://cdn.example.com/covers/025.jpg
2024-01-25,3,Wildflower Names,The Lantern Club feat. Nova Reyes,100.0,178107,Album,11,True,https://cdn.example.com/covers/144.jpg
2024-01-25,4,Ashen Rooms,Saint Avery feat. The Paper Kites Co.,100.0,221034,Album,20,True,https://cdn.example.com/covers/006.jpg
2024-01-25,5,Faded Crowns,Jaxon Frey,100.0,146551,Album,17,True,https://cdn.example.com/covers/029.jpg
2024-01-25,6,Faded Promises,The Paper Kites Co.,99.0,216898,Album,11,False,https://cdn.example.com/covers/032.jpg
2024-01-25,7,Velvet Hours,Lorna Sky feat. Ruben Castellanos,100.0,221443,Album,11,True,https://cdn.example.com/covers/134.jpg
2024-01-25,8,Wildflower Signals,Dust & Ember,99.0,277579,Single,1,True,https://cdn.example.com/covers/146.jpg
2024-01-25,9,Faded Rivers,Saint Avery,100.0,216418,Album,15,False,https://cdn.example.com/covers/033.jpg
2024-01-25,10,Hollow Vices,Bea Whitlock,100.0,173530,Album,17,False,https://cdn.example.com/covers/053.jpg
2024-01-25,11,Ivory Letters,Saint Avery,100.0,230277,Single,1,False,https://cdn.example.com/covers/057.jpg
2024-01-25,12,Lonely Bones,The Paper Kites Co.,95.0,237046,Single,1,False,https://cdn.example.com/covers/060.jpg
2024-01-25,13,Golden Engines,Saint Avery,100.0,237976,Album,18,True,https://cdn.example.com/covers/042.jpg
2024-01-25,14,Bitter Machines,Dust & Ember,100.0,218931,Single,1,False,https://cdn.example.com/covers/011.jpg
2024-01-25,15,Paper Cities,Velvet Static,100.0,195370,Album,16,False,https://cdn.example.com/covers/081.jpg
2024-01-25,16,Velvet Machines,Trey Nakamura,91.0,270666,Album,16,False,https://cdn.example.com/covers/135.jpg
2024-01-25,17,Ivory Summers,Saint Avery,97.0,277100,Album,17,True,https://cdn.example.com/covers/058.jpg
2024-01-25,18,Faded Vices,Deja Monroe,99.0,106449,Album,15,False,https://cdn.example.com/covers/037.jpg
2024-01-25,19,Midnight Summers,The Lantern Club feat. Bea Whitlock,95.0,206872,Album,16,False,https://cdn.example.com/covers/073.jpg
2024-01-25,20,Hollow Ghosts,Dust & Ember,90.0,181921,Album,10,True,https://cdn.example.com/covers/048.jpg
2024-01-25,21,Neon Summers,Dust & Ember feat. Saint Avery,93.0,172623,Single,1,True,https://cdn.example.com/covers/079.jpg
2024-01-25,22,Bitter Engines,Ruben Castellanos,98.0,183774,Album,18,False,https://cdn.example.com/covers/009.jpg
2024-01-25,23,Silver Letters,Kira Lindqvist,91.0,135608,Single,1,False,https://cdn.example.com/covers/105.jpg
2024-01-25,24,Electric Wires,Trey Nakamura feat. Deja Monroe,88.0,227637,Album,16,False,https://cdn.example.com/covers/026.jpg
2024-01-25,25,Quiet Promises,Deja Monroe,89.0,172131,Album,16,False,https://cdn.example.com/covers/091.jpg
2024-01-25,26,Wildflower Vices,Dust & Ember feat. Deja Monroe,91.0,193125,Single,1,True,https://cdn.example.com/covers/148.jpg
2024-01-25,27,Midnight Crowns,Jaxon Frey,89.0,210662,Album,13,True,https://cdn.example.com/covers/067.jpg
2024-01-25,28,Ashen Bones,Milo & The Tides feat. Omar Diallo,92.0,143025,Single,1,False,https://cdn.example.com/covers/000.jpg
2024-01-25,29,Paper Rivers,Lorna Sky,85.0,245886,Album,12,False,https://cdn.example.com/covers/086.jpg
2024-01-25,30,Silver Bones,Saint Avery feat. Trey Nakamura,76.0,242348,Single,1,True,https://cdn.example.com/covers/102.jpg
2024-01-25,31,Static Bones,Milo & The Tides,86.0,128236,Album,19,False,https://cdn.example.com/covers/109.jpg
2024-01-25,32,Hollow Names,Milo & The Tides,84.0,205579,Single,1,True,https://cdn.example.com/covers/049.jpg
2024-01-25,33,Sunlit Machines,Saint Avery feat. Deja Monroe,83.0,223896,Single,1,False,https://cdn.example.com/covers/127.jpg
2024-01-25,34,Velvet Weather,Dust & Ember,78.0,271354,Album,9,False,https://cdn.example.com/covers/139.jpg
2024-01-25,35,Ashen Engines,Nova Reyes feat. Omar Diallo,79.0,213798,Single,1,True,https://cdn.example.com/covers/001.jpg
2024-01-25,36,Bitter Signals,Jaxon Frey,79.0,168881,Single,1,False,https://cdn.example.com/covers/014.jpg
2024-01-25,37,Neon Wires,Deja Monroe feat. Milo & The Tides,80.0,189317,Album,20,False,https://cdn.example.com/covers/080.jpg
2024-01-25,38,Sunlit Highways,Kira Lindqvist,80.0,259501,Album,7,True,https://cdn.example.com/covers/125.jpg
2024-01-25,39,Restless Signals,Milo & The Tides,83.0,220260,Album,10,False,https://cdn.example.com/covers/100.jpg
2024-01-25,40,Lonely Machines,Lorna Sky,77.0,254785,Single,1,True,https://cdn.example.com/covers/062.jpg
2024-01-25,41,Velvet Daylight,Bea Whitlock,86.0,214069,Album,6,True,https://cdn.example.com/covers/132.jpg
2024-01-25,42,Paper Highways,Ruben Castellanos feat. Priya Anand,81.0,160395,Single,1,False,https://cdn.example.com/covers/084.jpg
2024-01-25,43,Static Wires,The Paper Kites Co. feat. Ruben Castellanos,72.0,171130,Single,1,False,https://cdn.example.com/covers/115.jpg
2024-01-25,44,Lonely Summers,Saint Avery,72.0,259426,Album,18,True,https://cdn.example.com/covers/065.jpg
2024-01-25,45,Ivory Hours,Deja Monroe,76.0,236456,Album,12,False,https://cdn.example.com/covers/056.jpg
2024-01-25,46,Restless Ghosts,Milo & The Tides,78.0,132699,Single,1,True,https://cdn.example.com/covers/097.jpg
2024-01-25,47,Sunlit Weather,Ruben Castellanos,73.0,246137,Album,11,True,https://cdn.example.com/covers/129.jpg
2024-01-25,48,Sugar Cities,Velvet Static,70.0,262484,Single,1,False,https://cdn.example.com/covers/117.jpg
2024-01-25,49,Faded Lines,Omar Diallo,74.0,213467,Album,10,True,https://cdn.example.com/covers/031.jpg
2024-01-25,50,Restless Rivers,The Lantern Club,72.0,228103,Single,1,False,https://cdn.example.com/covers/099.jpg
2024-01-26,1,Hollow Promises,Velvet Static,100.0,137625,Single,1,True,https://cdn.example.com/covers/050.jpg
2024-01-26,2,Electric Weather,Dust & Ember feat. Milo & The Tides,100.0,135617,Album,11,False,https://cdn.example.com/covers/025.jpg
2024-01-26,3,Faded Crowns,Jaxon Frey,100.0,146551,Album,17,True,https://cdn.example.com/covers/029.jpg
2024-01-26,4,Wildflower Names,The Lantern Club feat. Nova Reyes,100.0,178107,Album,11,True,https://cdn.example.com/covers/144.jpg
2024-01-26,5,Faded Promises,The Paper Kites Co.,100.0,216898,Album,11,False,https://cdn.example.com/covers/032.jpg
2024-01-26,6,Ashen Rooms,Saint Avery feat. The Paper Kites Co.,100.0,221034,Album,20,True,https://cdn.example.com/covers/006.jpg
2024-01-26,7,Velvet Hours,Lorna Sky feat. Ruben Castellanos,98.0,221443,Album,11,True,https://cdn.example.com/covers/134.jpg
2024-01-26,8,Ivory Letters,Saint Avery,98.0,230277,Single,1,False,https://cdn.example.com/covers/057.jpg
2024-01-26,9,Wildflower Signals,Dust & Ember,100.0,277579,Single,1,True,https://cdn.example.com/covers/146.jpg
2024-01-26,10,Faded Rivers,Saint Avery,100.0,216418,Album,15,False,https://cdn.example.com/covers/033.jpg
2024-01-26,11,Golden Engines,Saint Avery,100.0,237976,Album,18,True,https://cdn.example.com/covers/042.jpg
2024-01-26,12,Paper Cities,Velvet Static,100.0,195370,Album,16,False,https://cdn.example.com/covers/081.jpg
2024-01-26,13,Bitter Machines,Dust & Ember,96.0,218931,Single,1,False,https://cdn.example.com/covers/011.jpg
2024-01-26,14,Ivory Summers,Saint Avery,98.0,277100,Album,17,True,https://cdn.example.com/covers/058.jpg
2024-01-26,15,Faded Vices,Deja Monroe,99.0,106449,Album,15,False,https://cdn.example.com/covers/037.jpg
2024-01-26,16,Midnight Summers,The Lantern Club feat. Bea Whitlock,93.0,206872,Album,16,False,https://cdn.example.com/covers/073.jpg
2024-01-26,17,Hollow Vices,Bea Whitlock,87.0,173530,Album,17,False,https://cdn.example.com/covers/053.jpg
2024-01-26,18,Quiet Promises,Deja Monroe,92.0,172131,Album,16,False,https://cdn.example.com/covers/091.jpg
2024-01-26,19,Velvet Machines,Trey Nakamura,90.0,270666,Album,16,False,https://cdn.example.com/covers/135.jpg
2024-01-26,20,Neon Summers,Dust & Ember feat. Saint Avery,91.0,172623,Single,1,True,https://cdn.example.com/covers/079.jpg
2024-01-26,21,Lonely Bones,The Paper Kites Co.,98.0,237046,Single,1,False,https://cdn.example.com/covers/060.jpg
2024-01-26,22,Electric Wires,Trey Nakamura feat. Deja Monroe,96.0,227637,Album,16,False,https://cdn.example.com/covers/026.jpg
2024-01-26,23,Bitter Engines,Ruben Castellanos,90.0,183774,Album,18,False,https://cdn.example.com/covers/009.jpg
2024-01-26,24,Paper Rivers,Lorna Sky,90.0,245886,Album,12,False,https://cdn.example.com/covers/086.jpg
2024-01-26,25,Hollow Ghosts,Dust & Ember,97.0,181921,Album,10,True,https://cdn.example.com/covers/048.jpg
2024-01-26,26,Ashen Bones,Milo & The Tides feat. Omar Diallo,91.0,143025,Single,1,False,https://cdn.example.com/covers/000.jpg
2024-01-26,27,Static Bones,Milo & The Tides,90.0,128236,Album,19,False,https://cdn.example.com/covers/109.jpg
2024-01-26,28,Midnight Crowns,Jaxon Frey,93.0,210662,Album,13,True,https://cdn.example.com/covers/067.jpg
2024-01-26,29,Neon Wires,Deja Monroe feat. Milo & The Tides,84.0,189317,Album,20,False,https://cdn.example.com/covers/080.jpg
2024-01-26,30,Wildflower Vices,Dust & Ember feat. Deja Monroe,89.0,193125,Single,1,True,https://cdn.example.com/covers/148.jpg
2024-01-26,31,Ashen Engines,Nova Reyes feat. Omar Diallo,78.0,213798,Single,1,True,https://cdn.example.com/covers/001.jpg
2024-01-26,32,Silver Bones,Saint Avery feat. Trey Nakamura,83.0,242348,Single,1,True,https://cdn.example.com/covers/102.jpg
2024-01-26,33,Sunlit Machines,Saint Avery feat. Deja Monroe,85.0,223896,Single,1,False,https://cdn.example.com/covers/127.jpg
2024-01-26,34,Silver Letters,Kira Lindqvist,83.0,135608,Single,1,False,https://cdn.example.com/covers/105.jpg
2024-01-26,35,Hollow Names,Milo & The Tides,81.0,205579,Single,1,True,https://cdn.example.com/covers/049.jpg
2024-01-26,36,Bitter Signals,Jaxon Frey,82.0,168881,Single,1,False,https://cdn.example.com/covers/014.jpg
2024-01-26,37,Velvet Weather,Dust & Ember,82.0,271354,Album,9,False,https://cdn.example.com/covers/139.jpg
2024-01-26,38,Velvet Daylight,Bea Whitlock,81.0,214069,Album,6,True,https://cdn.example.com/covers/132.jpg
2024-01-26,39,Sugar Crowns,Lorna Sky,78.0,133986,Album,7,False,https://cdn.example.com/covers/118.jpg
2024-01-26,40,Restless Vices,Omar Diallo,73.0,207503,Single,1,False,https://cdn.example.com/covers/101.jpg
2024-01-26,41,Quiet Cities,Halcyon Youth,83.0,190645,Album,11,True,https://cdn.example.com/covers/088.jpg
2024-01-26,42,Static Wires,The Paper Kites Co. feat. Ruben Castellanos,79.0,171130,Single,1,False,https://cdn.example.com/covers/115.jpg
2024-01-26,43,Lonely Machines,Lorna Sky,71.0,254785,Single,1,True,https://cdn.example.com/covers/062.jpg
2024-01-26,44,Sunlit Highways,Kira Lindqvist,75.0,259501,Album,7,True,https://cdn.example.com/covers/125.jpg
2024-01-26,45,Sunlit Weather,Ruben Castellanos,78.0,246137,Album,11,True,https://cdn.example.com/covers/129.jpg
2024-01-26,46,Velvet Bones,Ruben Castellanos,76.0,204364,Album,14,False,https://cdn.example.com/covers/131.jpg
2024-01-26,47,Restless Signals,Milo & The Tides,73.0,220260,Album,10,False,https://cdn.example.com/covers/100.jpg
2024-01-26,48,Bitter Daylight,Lorna Sky,70.0,223885,Album,16,True,https://cdn.example.com/covers/008.jpg
2024-01-26,49,Faded Summers,The Paper Kites Co.,71.0,238446,Single,1,False,https://cdn.example.com/covers/036.jpg
2024-01-26,50,Faded Lines,Omar Diallo,70.0,213467,Album,10,True,https://cdn.example.com/covers/031.jpg
2024-01-27,1,Hollow Promises,Velvet Static,100.0,137625,Single,1,True,https://cdn.example.com/covers/050.jpg
2024-01-27,2,Electric Weather,Dust & Ember feat. Milo & The Tides,100.0,135617,Album,11,False,https://cdn.example.com/covers/025.jpg
2024-01-27,3,Faded Crowns,Jaxon Frey,100.0,146551,Album,17,True,https://cdn.example.com/covers/029.jpg
2024-01-27,4,Faded Promises,The Paper Kites Co.,100.0,216898,Album,11,False,https://cdn.example.com/covers/032.jpg
2024-01-27,5,Wildflower Names,The Lantern Club feat. Nova Reyes,100.0,178107,Album,11,True,https://cdn.example.com/covers/144.jpg
2024-01-27,6,Faded Rivers,Saint Avery,92.0,216418,Album,15,False,https://cdn.example.com/covers/033.jpg
2024-01-27,7,Velvet Hours,Lorna Sky feat. Ruben Castellanos,100.0,221443,Album,11,True,https://cdn.example.com/covers/134.jpg
2024-01-27,8,Ivory Letters,Saint Avery,100.0,230277,Single,1,False,https://cdn.example.com/covers/057.jpg
2024-01-27,9,Wildflower Signals,Dust & Ember,100.0,277579,Single,1,True,https://cdn.example.com/covers/146.jpg
2024-01-27,10,Ashen Rooms,Saint Avery feat. The Paper Kites Co.,100.0,221034,Album,20,True,https://cdn.example.com/covers/006.jpg
2024-01-27,11,Bitter Machines,Dust & Ember,97.0,218931,Single,1,False,https://cdn.example.com/covers/011.jpg
2024-01-27,12,Golden Engines,Saint Avery,95.0,237976,Album,18,True,https://cdn.example.com/covers/042.jpg
2024-01-27,13,Velvet Machines,Trey Nakamura,97.0,270666,Album,16,False,https://cdn.example.com/covers/135.jpg
2024-01-27,14,Hollow Vices,Bea Whitlock,90.0,173530,Album,17,False,https://cdn.example.com/covers/053.jpg
2024-01-27,15,Paper Cities,Velvet Static,93.0,195370,Album,16,False,https://cdn.example.com/covers/081.jpg
2024-01-27,16,Neon Summers,Dust & Ember feat. Saint Avery,98.0,172623,Single,1,True,https://cdn.example.com/covers/079.jpg
2024-01-27,17,Ivory Summers,Saint Avery,97.0,277100,Album,17,True,https://cdn.example.com/covers/058.jpg
2024-01-27,18,Lonely Bones,The Paper Kites Co.,95.0,237046,Single,1,False,https://cdn.example.com/covers/060.jpg
2024-01-27,19,Midnight Summers,  THE LANTERN CLUB FEAT. BEA WHITLOCK,97.0,206872,Album,16,False,https://cdn.example.com/covers/073.jpg
2024-01-27,20,Quiet Promises,Deja Monroe,94.0,172131,Album,16,False,https://cdn.example.com/covers/091.jpg
2024-01-27,21,Bitter Engines,Ruben Castellanos,96.0,183774,Album,18,False,https://cdn.example.com/covers/009.jpg
2024-01-27,22,Faded Vices,Deja Monroe,91.0,106449,Album,15,False,https://cdn.example.com/covers/037.jpg
2024-01-27,23,Silver Bones,Saint Avery feat. Trey Nakamura,93.0,242348,Single,1,True,https://cdn.example.com/covers/102.jpg
2024-01-27,24,Electric Wires,Trey Nakamura feat. Deja Monroe,85.0,227637,Album,16,False,https://cdn.example.com/covers/026.jpg
2024-01-27,25,Hollow Ghosts,Dust & Ember,87.0,181921,Album,10,True,https://cdn.example.com/covers/048.jpg
2024-01-27,26,Paper Rivers,Lorna Sky,87.0,245886,Album,12,False,https://cdn.example.com/covers/086.jpg
2024-01-27,27,Ashen Engines,Nova Reyes feat. Omar Diallo,85.0,213798,Single,1,True,https://cdn.example.com/covers/001.jpg
2024-01-27,28,Midnight Crowns,Jaxon Frey,91.0,210662,Album,13,True,https://cdn.example.com/covers/067.jpg
2024-01-27,29,Neon Wires,Deja Monroe feat. Milo & The Tides,91.0,189317,Album,20,False,https://cdn.example.com/covers/080.jpg
2024-01-27,30,Sunlit Machines,Saint Avery feat. Deja Monroe,84.0,223896,Single,1,False,https://cdn.example.com/covers/127.jpg
2024-01-27,31,Static Bones,Milo & The Tides,85.0,128236,Album,19,False,https://cdn.example.com/covers/109.jpg
2024-01-27,32,Silver Letters,Kira Lindqvist,85.0,135608,Single,1,False,https://cdn.example.com/covers/105.jpg
2024-01-27,33,Wildflower Vices,Dust & Ember feat. Deja Monroe,83.0,193125,Single,1,True,https://cdn.example.com/covers/148.jpg
2024-01-27,34,Restless Vices,Omar Diallo,81.0,207503,Single,1,False,https://cdn.example.com/covers/101.jpg
2024-01-27,35,Quiet Cities,Halcyon Youth,83.0,190645,Album,11,True,https://cdn.example.com/covers/088.jpg
2024-01-27,36,Restless Signals,Milo & The Tides,84.0,220260,Album,10,False,https://cdn.example.com/covers/100.jpg
2024-01-27,37,Bitter Signals,Jaxon Frey,74.0,168881,Single,1,False,https://cdn.example.com/covers/014.jpg
2024-01-27,38,Velvet Weather,Dust & Ember,80.0,271354,Album,9,False,https://cdn.example.com/covers/139.jpg
2024-01-27,39,Ashen Bones,Milo & The Tides feat. Omar Diallo,80.0,143025,Single,1,False,https://cdn.example.com/covers/000.jpg
2024-01-27,40,Sugar Crowns,Lorna Sky,78.0,133986,Album,7,False,https://cdn.example.com/covers/118.jpg
2024-01-27,41,Faded Summers,The Paper Kites Co.,83.0,238446,Single,1,False,https://cdn.example.com/covers/036.jpg
2024-01-27,42,Lonely Lines,Omar Diallo,76.0,164735,Single,1,False,https://cdn.example.com/covers/061.jpg
2024-01-27,43,Static Wires,The Paper Kites Co. feat. Ruben Castellanos,75.0,171130,Single,1,False,https://cdn.example.com/covers/115.jpg
2024-01-27,44,Sunlit Highways,Kira Lindqvist,76.0,259501,Album,7,True,https://cdn.example.com/covers/125.jpg
2024-01-27,45,Bitter Daylight,Lorna Sky,76.0,223885,Album,16,True,https://cdn.example.com/covers/008.jpg
2024-01-27,46,Paper Highways,Ruben Castellanos feat. Priya Anand,78.0,160395,Single,1,False,https://cdn.example.com/covers/084.jpg
2024-01-27,47,Sugar Cities,Velvet Static,69.0,262484,Single,1,False,https://cdn.example.com/covers/117.jpg
2024-01-27,48,Hollow Names,Milo & The Tides,74.0,205579,Single,1,True,https://cdn.example.com/covers/049.jpg
2024-01-27,49,Velvet Daylight,Bea Whitlock,,214069,Album,6,True,https://cdn.example.com/covers/132.jpg
2024-01-27,50,Faded Lines,Omar Diallo,74.0,213467,Album,10,True,https://cdn.example.com/covers/031.jpg
2024-01-28,1,Hollow Promises,Velvet Static,100.0,137625,Single,1,True,https://cdn.example.com/covers/050.jpg
2024-01-28,2,Faded Crowns,Jaxon Frey,100.0,146551,Album,17,True,https://cdn.example.com/covers/029.jpg
2024-01-28,3,Electric Weather,Dust & Ember feat. Milo & The Tides,100.0,135617,Album,11,False,https://cdn.example.com/covers/025.jpg
2024-01-28,4,Faded Promises,The Paper Kites Co.,100.0,216898,Album,11,False,https://cdn.example.com/covers/032.jpg
2024-01-28,5,Velvet Hours,Lorna Sky feat. Ruben Castellanos,100.0,221443,Album,11,True,https://cdn.example.com/covers/134.jpg
2024-01-28,6,Ashen Rooms,Saint Avery feat. The Paper Kites Co.,100.0,221034,Album,20,True,https://cdn.example.com/covers/006.jpg
2024-01-28,7,Wildflower Names,The Lantern Club feat. Nova Reyes,100.0,178107,Album,11,True,https://cdn.example.com/covers/144.jpg
2024-01-28,8,Golden Engines,Saint Avery,100.0,237976,Album,18,True,https://cdn.example.com/covers/042.jpg
2024-01-28,9,Faded Rivers,Saint Avery,100.0,216418,Album,15,False,https://cdn.example.com/covers/033.jpg
2024-01-28,10,Ivory Letters,Saint Avery,97.0,230277,Single,1,False,https://cdn.example.com/covers/057.jpg
2024-01-28,11,Paper Cities,Velvet Static,98.0,195370,Album,16,False,https://cdn.example.com/covers/081.jpg
2024-01-28,12,Hollow Vices,Bea Whitlock,100.0,173530,Album,17,False,https://cdn.example.com/covers/053.jpg
2024-01-28,13,Wildflower Signals,Dust & Ember,100.0,277579,Single,1,True,https://cdn.example.com/covers/146.jpg
2024-01-28,14,Midnight Summers,The Lantern Club feat. Bea Whitlock,96.0,206872,Album,16,False,https://cdn.example.com/covers/073.jpg
2024-01-28,15,Faded Vices,Deja Monroe,91.0,106449,Album,15,False,https://cdn.example.com/covers/037.jpg
2024-01-28,16,Neon Summers,Dust & Ember feat. Saint Avery,98.0,172623,Single,1,True,https://cdn.example.com/covers/079.jpg
2024-01-28,17,Lonely Bones,The Paper Kites Co.,92.0,237046,Single,1,False,https://cdn.example.com/covers/060.jpg
2024-01-28,18,Bitter Machines,Dust & Ember,100.0,218931,Single,1,False,https://cdn.example.com/covers/011.jpg
2024-01-28,19,Velvet Machines,Trey Nakamura,93.0,270666,Album,16,False,https://cdn.example.com/covers/135.jpg
2024-01-28,20,Ivory Summers,Saint Avery,95.0,277100,Album,17,True,https://cdn.example.com/covers/058.jpg
2024-01-28,21,Hollow Ghosts,Dust & Ember,90.0,181921,Album,10,True,https://cdn.example.com/covers/048.jpg
2024-01-28,22,Bitter Engines,Ruben Castellanos,98.0,183774,Album,18,False,https://cdn.example.com/covers/009.jpg
2024-01-28,23,Electric Wires,Trey Nakamura feat. Deja Monroe,91.0,227637,Album,16,False,https://cdn.example.com/covers/026.jpg
2024-01-28,24,Midnight Crowns,Jaxon Frey,81.0,210662,Album,13,True,https://cdn.example.com/covers/067.jpg
2024-01-28,25,Paper Rivers,Lorna Sky,85.0,245886,Album,12,False,https://cdn.example.com/covers/086.jpg
2024-01-28,26,Silver Letters,Kira Lindqvist,90.0,135608,Single,1,False,https://cdn.example.com/covers/105.jpg
2024-01-28,27,Ashen Bones,Milo & The Tides feat. Omar Diallo,90.0,143025,Single,1,False,https://cdn.example.com/covers/000.jpg
2024-01-28,28,Ashen Engines,Nova Reyes feat. Omar Diallo,90.0,213798,Single,1,True,https://cdn.example.com/covers/001.jpg
2024-01-28,29,Neon Wires,Deja Monroe feat. Milo & The Tides,91.0,189317,Album,20,False,https://cdn.example.com/covers/080.jpg
2024-01-28,30,Quiet Promises,Deja Monroe,83.0,172131,Album,16,False,https://cdn.example.com/covers/091.jpg
2024-01-28,31,Bitter Signals,Jaxon Frey,81.0,168881,Single,1,False,https://cdn.example.com/covers/014.jpg
2024-01-28,32,Restless Signals,Milo & The Tides,79.0,220260,Album,10,False,https://cdn.example.com/covers/100.jpg
2024-01-28,33,Silver Bones,Saint Avery feat. Trey Nakamura,78.0,242348,Single,1,True,https://cdn.example.com/covers/102.jpg
2024-01-28,34,Wildflower Vices,Dust & Ember feat. Deja Monroe,82.0,193125,Single,1,True,https://cdn.example.com/covers/148.jpg
2024-01-28,35,Sunlit Machines,Saint Avery feat. Deja Monroe,85.0,223896,Single,1,False,https://cdn.example.com/covers/127.jpg
2024-01-28,36,Static Bones,Milo & The Tides,85.0,128236,Album,19,False,https://cdn.example.com/covers/109.jpg
2024-01-28,37,Velvet Daylight,Bea Whitlock,77.0,214069,Album,6,True,https://cdn.example.com/covers/132.jpg
2024-01-28,38,Sugar Crowns,Lorna Sky,81.0,133986,Album,7,False,https://cdn.example.com/covers/118.jpg
2024-01-28,39,Static Wires,The Paper Kites Co. feat. Ruben Castellanos,80.0,171130,Single,1,False,https://cdn.example.com/covers/115.jpg
2024-01-28,40,Hollow Names,Milo & The Tides,82.0,205579,Single,1,True,https://cdn.example.com/covers/049.jpg
2024-01-28,41,Restless Vices,Omar Diallo,79.0,207503,Single,1,False,https://cdn.example.com/covers/101.jpg
2024-01-28,42,Faded Summers,The Paper Kites Co.,74.0,238446,Single,1,False,https://cdn.example.com/covers/036.jpg
2024-01-28,43,Sunlit Highways,Kira Lindqvist,74.0,259501,Album,7,True,https://cdn.example.com/covers/125.jpg
2024-01-28,44,Velvet Weather,Dust & Ember,80.0,271354,Album,9,False,https://cdn.example.com/covers/139.jpg
2024-01-28,45,Ivory Hours,Deja Monroe,75.0,236456,Album,12,False,https://cdn.example.com/covers/056.jpg
2024-01-28,46,Lonely Lines,Omar Diallo,71.0,164735,Single,1,False,https://cdn.example.com/covers/061.jpg
2024-01-28,47,Restless Ghosts,Milo & The Tides,74.0,132699,Single,1,True,https://cdn.example.com/covers/097.jpg
2024-01-28,48,Bitter Daylight,Lorna Sky,73.0,223885,Album,16,True,https://cdn.example.com/covers/008.jpg
2024-01-28,49,Faded Lines,Omar Diallo,69.0,213467,Album,10,True,https://cdn.example.com/covers/031.jpg
2024-01-28,50,Paper Highways,Ruben Castellanos feat. Priya Anand,71.0,160395,Single,1,False,https://cdn.example.com/covers/084.jpg
2024-01-29,1,Hollow Promises,Velvet Static,100.0,137625,Single,1,True,https://cdn.example.com/covers/050.jpg
2024-01-29,2,Electric Weather,Dust & Ember feat. Milo & The Tides,100.0,135617,Album,11,False,https://cdn.example.com/covers/025.jpg
2024-01-29,3,Wildflower Names,The Lantern Club feat. Nova Reyes,100.0,178107,Album,11,True,https://cdn.example.com/covers/144.jpg
2024-01-29,4,Faded Promises,The Paper Kites Co.,100.0,216898,Album,11,False,https://cdn.example.com/covers/032.jpg
2024-01-29,5,Faded Crowns,Jaxon Frey,100.0,146551,Album,17,True,https://cdn.example.com/covers/029.jpg
2024-01-29,6,Ivory Letters,Saint Avery,100.0,230277,Single,1,False,https://cdn.example.com/covers/057.jpg
2024-01-29,7,Golden Engines,Saint Avery,99.0,237976,Album,18,True,https://cdn.example.com/covers/042.jpg
2024-01-29,8,Ashen Rooms,Saint Avery feat. The Paper Kites Co.,100.0,221034,Album,20,True,https://cdn.example.com/covers/006.jpg
2024-01-29,9,Velvet Hours,Lorna Sky feat. Ruben Castellanos,95.0,221443,Album,11,True,https://cdn.example.com/covers/134.jpg
2024-01-29,10,Wildflower Signals,Dust & Ember,100.0,277579,Single,1,True,https://cdn.example.com/covers/146.jpg
2024-01-29,11,Velvet Machines,Trey Nakamura,100.0,270666,Album,16,False,https://cdn.example.com/covers/135.jpg
2024-01-29,12,Faded Rivers,Saint Avery,94.0,216418,Album,15,False,https://cdn.example.com/covers/033.jpg
2024-01-29,13,Neon Summers,Dust & Ember feat. Saint Avery,96.0,172623,Single,1,True,https://cdn.example.com/covers/079.jpg
2024-01-29,14,Paper Cities,Velvet Static,97.0,195370,Album,16,False,https://cdn.example.com/covers/081.jpg
2024-01-29,15,Hollow Vices,Bea Whitlock,95.0,173530,Album,17,False,https://cdn.example.com/covers/053.jpg
2024-01-29,16,Midnight Summers,The Lantern Club feat. Bea Whitlock,93.0,206872,Album,16,False,https://cdn.example.com/covers/073.jpg
2024-01-29,17,Bitter Machines,Dust & Ember,93.0,218931,Single,1,False,https://cdn.example.com/covers/011.jpg
2024-01-29,18,Bitter Engines,Ruben Castellanos,93.0,183774,Album,18,False,https://cdn.example.com/covers/009.jpg
2024-01-29,19,Ivory Summers,Saint Avery,97.0,277100,Album,17,True,https://cdn.example.com/covers/058.jpg
2024-01-29,20,Electric Wires,Trey Nakamura feat. Deja Monroe,98.0,227637,Album,16,False,https://cdn.example.com/covers/026.jpg
2024-01-29,21,Faded Vices,Deja Monroe,91.0,106449,Album,15,False,https://cdn.example.com/covers/037.jpg
2024-01-29,22,Restless Signals,Milo & The Tides,87.0,220260,Album,10,False,https://cdn.example.com/covers/100.jpg
2024-01-29,23,Neon Wires,Deja Monroe feat. Milo & The Tides,93.0,189317,Album,20,False,https://cdn.example.com/covers/080.jpg
2024-01-29,24,Hollow Ghosts,Dust & Ember,84.0,181921,Album,10,True,https://cdn.example.com/covers/048.jpg
2024-01-29,25,Silver Letters,Kira Lindqvist,89.0,135608,Single,1,False,https://cdn.example.com/covers/105.jpg
2024-01-29,26,Lonely Bones,The Paper Kites Co.,87.0,237046,Single,1,False,https://cdn.example.com/covers/060.jpg
2024-01-29,27,Ashen Bones,Milo & The Tides feat. Omar Diallo,87.0,143025,Single,1,False,https://cdn.example.com/covers/000.jpg
2024-01-29,28,Midnight Crowns,Jaxon Frey,87.0,210662,Album,13,True,https://cdn.example.com/covers/067.jpg
2024-01-29,29,Sugar Crowns,Lorna Sky,90.0,133986,Album,7,False,https://cdn.example.com/covers/118.jpg
2024-01-29,30,Quiet Promises,Deja Monroe,91.0,172131,Album,16,False,https://cdn.example.com/covers/091.jpg
2024-01-29,31,Silver Bones,Saint Avery feat. Trey Nakamura,90.0,242348,Single,1,True,https://cdn.example.com/covers/102.jpg
2024-01-29,32,Bitter Signals,Jaxon Frey,84.0,168881,Single,1,False,https://cdn.example.com/covers/014.jpg
2024-01-29,33,Sunlit Highways,  KIRA LINDQVIST,81.0,259501,Album,7,True,https://cdn.example.com/covers/125.jpg
2024-01-29,34,Paper Rivers,Lorna Sky,79.0,245886,Album,12,False,https://cdn.example.com/covers/086.jpg
2024-01-29,35,Restless Vices,Omar Diallo,84.0,207503,Single,1,False,https://cdn.example.com/covers/101.jpg
2024-01-29,36,Static Bones,Milo & The Tides,80.0,128236,Album,19,False,https://cdn.example.com/covers/109.jpg
2024-01-29,37,Wildflower Vices,Dust & Ember feat. Deja Monroe,85.0,193125,Single,1,True,https://cdn.example.com/covers/148.jpg
2024-01-29,38,Ashen Engines,Nova Reyes feat. Omar Diallo,76.0,213798,Single,1,True,https://cdn.example.com/covers/001.jpg
2024-01-29,39,Sunlit Machines,Saint Avery feat. Deja Monroe,81.0,223896,Single,1,False,https://cdn.example.com/covers/127.jpg
2024-01-29,40,Restless Ghosts,Milo & The Tides,78.0,132699,Single,1,True,https://cdn.example.com/covers/097.jpg
2024-01-29,41,Hollow Names,Milo & The Tides,78.0,205579,Single,1,True,https://cdn.example.com/covers/049.jpg
2024-01-29,42,Bitter Daylight,Lorna Sky,85.0,223885,Album,16,True,https://cdn.example.com/covers/008.jpg
2024-01-29,43,Sugar Cities,Velvet Static,79.0,262484,Single,1,False,https://cdn.example.com/covers/117.jpg
2024-01-29,44,Static Wires,The Paper Kites Co. feat. Ruben Castellanos,76.0,171130,Single,1,False,https://cdn.example.com/covers/115.jpg
2024-01-29,45,Lonely Lines,Omar Diallo,78.0,164735,Single,1,False,https://cdn.example.com/covers/061.jpg
2024-01-29,46,Velvet Weather,  DUST & EMBER,70.0,271354,Album,9,False,https://cdn.example.com/covers/139.jpg
2024-01-29,47,Velvet Daylight,Bea Whitlock,74.0,214069,Album,6,True,https://cdn.example.com/covers/132.jpg
2024-01-29,48,Faded Summers,The Paper Kites Co.,69.0,238446,Single,1,False,https://cdn.example.com/covers/036.jpg
2024-01-29,49,Neon Rooms,Bea Whitlock,68.0,178843,Album,18,True,https://cdn.example.com/covers/078.jpg
2024-01-29,50,Lonely Machines,Lorna Sky,71.0,254785,Single,1,True,https://cdn.example.com/covers/062.jpg
2024-01-30,1,Hollow Promises,Velvet Static,100.0,137625,Single,1,True,https://cdn.example.com/covers/050.jpg
2024-01-30,2,Electric Weather,Dust & Ember feat. Milo & The Tides,100.0,135617,Album,11,False,https://cdn.example.com/covers/025.jpg
2024-01-30,3,Faded Crowns,Jaxon Frey,100.0,146551,Album,17,True,https://cdn.example.com/covers/029.jpg
2024-01-30,4,Ashen Rooms,Saint Avery feat. The Paper Kites Co.,100.0,221034,Album,20,True,https://cdn.example.com/covers/006.jpg
2024-01-30,5,Wildflower Names,The Lantern Club feat. Nova Reyes,100.0,178107,Album,11,True,https://cdn.example.com/covers/144.jpg
2024-01-30,6,Faded Promises,  THE PAPER KITES CO.,100.0,216898,Album,11,False,https://cdn.example.com/covers/032.jpg
2024-01-30,7,Golden Engines,Saint Avery,99.0,237976,Album,18,True,https://cdn.example.com/covers/042.jpg
2024-01-30,8,Velvet Hours,Lorna Sky feat. Ruben Castellanos,100.0,221443,Album,11,True,https://cdn.example.com/covers/134.jpg
2024-01-30,9,Ivory Letters,Saint Avery,100.0,230277,Single,1,False,https://cdn.example.com/covers/057.jpg
2024-01-30,10,Velvet Machines,Trey Nakamura,100.0,270666,Album,16,False,https://cdn.example.com/covers/135.jpg
2024-01-30,11,Hollow Vices,Bea Whitlock,100.0,173530,Album,17,False,https://cdn.example.com/covers/053.jpg
2024-01-30,12,Faded Rivers,Saint Avery,100.0,216418,Album,15,False,https://cdn.example.com/covers/033.jpg
2024-01-30,13,Neon Summers,Dust & Ember feat. Saint Avery,92.0,172623,Single,1,True,https://cdn.example.com/covers/079.jpg
2024-01-30,14,Faded Vices,Deja Monroe,93.0,106449,Album,15,False,https://cdn.example.com/covers/037.jpg
2024-01-30,15,Wildflower Signals,Dust & Ember,95.0,277579,Single,1,True,https://cdn.example.com/covers/146.jpg
2024-01-30,16,Ivory Summers,Saint Avery,96.0,277100,Album,17,True,https://cdn.example.com/covers/058.jpg
2024-01-30,17,Paper Cities,Velvet Static,99.0,195370,Album,16,False,https://cdn.example.com/covers/081.jpg
2024-01-30,18,Midnight Summers,The Lantern Club feat. Bea Whitlock,95.0,206872,Album,16,False,https://cdn.example.com/covers/073.jpg
2024-01-30,19,Bitter Machines,Dust & Ember,92.0,218931,Single,1,False,https://cdn.example.com/covers/011.jpg
2024-01-30,20,Bitter Engines,Ruben Castellanos,95.0,183774,Album,18,False,https://cdn.example.com/covers/009.jpg
2024-01-30,21,Electric Wires,Trey Nakamura feat. Deja Monroe,90.0,227637,Album,16,False,https://cdn.example.com/covers/026.jpg
2024-01-30,22,Hollow Ghosts,Dust & Ember,91.0,181921,Album,10,True,https://cdn.example.com/covers/048.jpg
2024-01-30,23,Lonely Bones,The Paper Kites Co.,89.0,237046,Single,1,False,https://cdn.example.com/covers/060.jpg
2024-01-30,24,Restless Signals,Milo & The Tides,92.0,220260,Album,10,False,https://cdn.example.com/covers/100.jpg
2024-01-30,25,Midnight Crowns,Jaxon Frey,88.0,210662,Album,13,True,https://cdn.example.com/covers/067.jpg
2024-01-30,26,Sugar Crowns,Lorna Sky,88.0,133986,Album,7,False,https://cdn.example.com/covers/118.jpg
2024-01-30,27,Silver Letters,Kira Lindqvist,89.0,135608,Single,1,False,https://cdn.example.com/covers/105.jpg
2024-01-30,28,Quiet Promises,Deja Monroe,83.0,172131,Album,16,False,https://cdn.example.com/covers/091.jpg
2024-01-30,29,Ashen Engines,Nova Reyes feat. Omar Diallo,85.0,213798,Single,1,True,https://cdn.example.com/covers/001.jpg
2024-01-30,30,Neon Wires,Deja Monroe feat. Milo & The Tides,88.0,189317,Album,20,False,https://cdn.example.com/covers/080.jpg
2024-01-30,31,Silver Bones,Saint Avery feat. Trey Nakamura,80.0,242348,Single,1,True,https://cdn.example.com/covers/102.jpg
2024-01-30,32,Hollow Names,  MILO & THE TIDES,85.0,205579,Single,1,True,https://cdn.example.com/covers/049.jpg
2024-01-30,33,Sugar Cities,Velvet Static,78.0,262484,Single,1,False,https://cdn.example.com/covers/117.jpg
2024-01-30,34,Bitter Signals,Jaxon Frey,86.0,168881,Single,1,False,https://cdn.example.com/covers/014.jpg
2024-01-30,35,Wildflower Vices,Dust & Ember feat. Deja Monroe,81.0,193125,Single,1,True,https://cdn.example.com/covers/148.jpg
2024-01-30,36,Static Bones,Milo & The Tides,79.0,128236,Album,19,False,https://cdn.example.com/covers/109.jpg
2024-01-30,37,Ashen Bones,Milo & The Tides feat. Omar Diallo,84.0,143025,Single,1,False,https://cdn.example.com/covers/000.jpg
2024-01-30,38,Velvet Weather,Dust & Ember,80.0,271354,Album,9,False,https://cdn.example.com/covers/139.jpg
2024-01-30,39,Sunlit Machines,Saint Avery feat. Deja Monroe,84.0,223896,Single,1,False,https://cdn.example.com/covers/127.jpg
2024-01-30,40,Bitter Daylight,Lorna Sky,81.0,223885,Album,16,True,https://cdn.example.com/covers/008.jpg
2024-01-30,41,Sunlit Highways,Kira Lindqvist,77.0,259501,Album,7,True,https://cdn.example.com/covers/125.jpg
2024-01-30,42,Restless Vices,Omar Diallo,76.0,207503,Single,1,False,https://cdn.example.com/covers/101.jpg
2024-01-30,43,Paper Highways,Ruben Castellanos feat. Priya Anand,73.0,160395,Single,1,False,https://cdn.example.com/covers/084.jpg
2024-01-30,44,Paper Rivers,Lorna Sky,75.0,245886,Album,12,False,https://cdn.example.com/covers/086.jpg
2024-01-30,45,Static Wires,The Paper Kites Co. feat. Ruben Castellanos,72.0,171130,Single,1,False,https://cdn.example.com/covers/115.jpg
2024-01-30,46,Restless Ghosts,Milo & The Tides,78.0,132699,Single,1,True,https://cdn.example.com/covers/097.jpg
2024-01-30,47,Velvet Bones,Ruben Castellanos,75.0,204364,Album,14,False,https://cdn.example.com/covers/131.jpg
2024-01-30,48,Velvet Vices,Velvet Static,68.0,259460,Single,1,True,https://cdn.example.com/covers/138.jpg
2024-01-30,49,Neon Rooms,Bea Whitlock,78.0,178843,Album,18,True,https://cdn.example.com/covers/078.jpg
2024-01-30,50,Lonely Lines,Omar Diallo,70.0,164735,Single,1,False,https://cdn.example.com/covers/061.jpg
2024-01-31,1,Hollow Promises,Velvet Static,100.0,137625,Single,1,True,https://cdn.example.com/covers/050.jpg
2024-01-31,2,Electric Weather,Dust & Ember feat. Milo & The Tides,100.0,135617,Album,11,False,https://cdn.example.com/covers/025.jpg
2024-01-31,3,Faded Promises,The Paper Kites Co.,100.0,216898,Album,11,False,https://cdn.example.com/covers/032.jpg
2024-01-31,4,Faded Crowns,Jaxon Frey,100.0,146551,Album,17,True,https://cdn.example.com/covers/029.jpg
2024-01-31,5,Ivory Letters,Saint Avery,100.0,230277,Single,1,False,https://cdn.example.com/covers/057.jpg
2024-01-31,6,Wildflower Names,The Lantern Club feat. Nova Reyes,99.0,178107,Album,11,True,https://cdn.example.com/covers/144.jpg
2024-01-31,7,Velvet Hours,Lorna Sky feat. Ruben Castellanos,100.0,221443,Album,11,True,https://cdn.example.com/covers/134.jpg
2024-01-31,8,Golden Engines,Saint Avery,100.0,237976,Album,18,True,https://cdn.example.com/covers/042.jpg
2024-01-31,9,Neon Summers,Dust & Ember feat. Saint Avery,100.0,172623,Single,1,True,https://cdn.example.com/covers/079.jpg
2024-01-31,10,Ashen Rooms,Saint Avery feat. The Paper Kites Co.,100.0,221034,Album,20,True,https://cdn.example.com/covers/006.jpg
2024-01-31,11,Hollow Vices,Bea Whitlock,98.0,173530,Album,17,False,https://cdn.example.com/covers/053.jpg
2024-01-31,12,Paper Cities,Velvet Static,93.0,195370,Album,16,False,https://cdn.example.com/covers/081.jpg
2024-01-31,13,Faded Rivers,Saint Avery,94.0,216418,Album,15,False,https://cdn.example.com/covers/033.jpg
2024-01-31,14,Midnight Summers,The Lantern Club feat. Bea Whitlock,99.0,206872,Album,16,False,https://cdn.example.com/covers/073.jpg
2024-01-31,15,Velvet Machines,Trey Nakamura,93.0,270666,Album,16,False,https://cdn.example.com/covers/135.jpg
2024-01-31,16,Wildflower Signals,Dust & Ember,96.0,277579,Single,1,True,https://cdn.example.com/covers/146.jpg
2024-01-31,17,Faded Vices,Deja Monroe,97.0,106449,Album,15,False,https://cdn.example.com/covers/037.jpg
2024-01-31,18,Hollow Ghosts,Dust & Ember,95.0,181921,Album,10,True,https://cdn.example.com/covers/048.jpg
2024-01-31,19,Bitter Machines,Dust & Ember,94.0,218931,Single,1,False,https://cdn.example.com/covers/011.jpg
2024-01-31,20,Sugar Crowns,Lorna Sky,92.0,133986,Album,7,False,https://cdn.example.com/covers/118.jpg
2024-01-31,21,Ivory Summers,Saint Avery,87.0,277100,Album,17,True,https://cdn.example.com/covers/058.jpg
2024-01-31,22,Electric Wires,Trey Nakamura feat. Deja Monroe,93.0,227637,Album,16,False,https://cdn.example.com/covers/026.jpg
2024-01-31,23,Quiet Promises,Deja Monroe,90.0,172131,Album,16,False,https://cdn.example.com/covers/091.jpg
2024-01-31,24,Lonely Bones,The Paper Kites Co.,91.0,237046,Single,1,False,https://cdn.example.com/covers/060.jpg
2024-01-31,25,Midnight Crowns,Jaxon Frey,83.0,210662,Album,13,True,https://cdn.example.com/covers/067.jpg
2024-01-31,26,Bitter Engines,Ruben Castellanos,82.0,183774,Album,18,False,https://cdn.example.com/covers/009.jpg
2024-01-31,27,Silver Letters,Kira Lindqvist,93.0,135608,Single,1,False,https://cdn.example.com/covers/105.jpg
2024-01-31,28,Silver Bones,Saint Avery feat. Trey Nakamura,89.0,242348,Single,1,True,https://cdn.example.com/covers/102.jpg
2024-01-31,29,Restless Signals,Milo & The Tides,84.0,220260,Album,10,False,https://cdn.example.com/covers/100.jpg
2024-01-31,30,Wildflower Vices,Dust & Ember feat. Deja Monroe,78.0,193125,Single,1,True,https://cdn.example.com/covers/148.jpg
2024-01-31,31,Velvet Weather,Dust & Ember,88.0,271354,Album,9,False,https://cdn.example.com/covers/139.jpg
2024-01-31,32,Ashen Engines,Nova Reyes feat. Omar Diallo,82.0,213798,Single,1,True,https://cdn.example.com/covers/001.jpg
2024-01-31,33,Sunlit Machines,Saint Avery feat. Deja Monroe,82.0,223896,Single,1,False,https://cdn.example.com/covers/127.jpg
2024-01-31,34,Neon Wires,Deja Monroe feat. Milo & The Tides,81.0,189317,Album,20,False,https://cdn.example.com/covers/080.jpg
2024-01-31,35,Bitter Signals,Jaxon Frey,83.0,168881,Single,1,False,https://cdn.example.com/covers/014.jpg
2024-01-31,36,Paper Rivers,Lorna Sky,75.0,245886,Album,12,False,https://cdn.example.com/covers/086.jpg
2024-01-31,37,Sunlit Highways,Kira Lindqvist,78.0,259501,Album,7,True,https://cdn.example.com/covers/125.jpg
2024-01-31,38,Ashen Bones,Milo & The Tides feat. Omar Diallo,79.0,143025,Single,1,False,https://cdn.example.com/covers/000.jpg
2024-01-31,39,Lonely Lines,Omar Diallo,80.0,164735,Single,1,False,https://cdn.example.com/covers/061.jpg
2024-01-31,40,Faded Summers,The Paper Kites Co.,75.0,238446,Single,1,False,https://cdn.example.com/covers/036.jpg
2024-01-31,41,Neon Rooms,Bea Whitlock,82.0,178843,Album,18,True,https://cdn.example.com/covers/078.jpg
2024-01-31,42,Restless Vices,Omar Diallo,79.0,207503,Single,1,False,https://cdn.example.com/covers/101.jpg
2024-01-31,43,Sunlit Weather,Ruben Castellanos,76.0,246137,Album,11,True,https://cdn.example.com/covers/129.jpg
2024-01-31,44,Static Wires,The Paper Kites Co. feat. Ruben Castellanos,73.0,171130,Single,1,False,https://cdn.example.com/covers/115.jpg
2024-01-31,45,Sugar Cities,Velvet Static,80.0,262484,Single,1,False,https://cdn.example.com/covers/117.jpg
2024-01-31,46,Velvet Daylight,Bea Whitlock,82.0,214069,Album,6,True,https://cdn.example.com/covers/132.jpg
2024-01-31,47,Hollow Names,Milo & The Tides,76.0,205579,Single,1,True,https://cdn.example.com/covers/049.jpg
2024-01-31,48,Restless Ghosts,Milo & The Tides,73.0,132699,Single,1,True,https://cdn.example.com/covers/097.jpg
2024-01-31,49,Bitter Daylight,Lorna Sky,74.0,223885,Album,16,True,https://cdn.example.com/covers/008.jpg
2024-01-31,50,Lonely Summers,Saint Avery,73.0,259426,Album,18,True,https://cdn.example.com/covers/065.jpg
2024-02-01,1,Electric Weather,Dust & Ember feat. Milo & The Tides,100.0,135617,Album,11,False,https://cdn.example.com/covers/025.jpg
2024-02-01,2,Faded Crowns,Jaxon Frey,100.0,146551,Album,17,True,https://cdn.example.com/covers/029.jpg
2024-02-01,3,Hollow Promises,Velvet Static,100.0,137625,Single,1,True,https://cdn.example.com/covers/050.jpg
2024-02-01,4,Faded Promises,The Paper Kites Co.,100.0,216898,Album,11,False,https://cdn.example.com/covers/032.jpg
2024-02-01,5,Wildflower Names,The Lantern Club feat. Nova Reyes,100.0,178107,Album,11,True,https://cdn.example.com/covers/144.jpg
2024-02-01,6,Ashen Rooms,Saint Avery feat. The Paper Kites Co.,98.0,221034,Album,20,True,https://cdn.example.com/covers/006.jpg
2024-02-01,7,Ivory Letters,Saint Avery,100.0,230277,Single,1,False,https://cdn.example.com/covers/057.jpg
2024-02-01,8,Velvet Hours,Lorna Sky feat. Ruben Castellanos,100.0,221443,Album,11,True,https://cdn.example.com/covers/134.jpg
2024-02-01,9,Golden Engines,Saint Avery,99.0,237976,Album,18,True,https://cdn.example.com/covers/042.jpg
2024-02-01,10,Faded Rivers,Saint Avery,100.0,216418,Album,15,False,https://cdn.example.com/covers/033.jpg
2024-02-01,11,Velvet Machines,Trey Nakamura,100.0,270666,Album,16,False,https://cdn.example.com/covers/135.jpg
2024-02-01,12,Wildflower Signals,Dust & Ember,94.0,277579,Single,1,True,https://cdn.example.com/covers/146.jpg
2024-02-01,13,Hollow Vices,Bea Whitlock,99.0,173530,Album,17,False,https://cdn.example.com/covers/053.jpg
2024-02-01,14,Neon Summers,Dust & Ember feat. Saint Avery,97.0,172623,Single,1,True,https://cdn.example.com/covers/079.jpg
2024-02-01,15,Midnight Summers,  THE LANTERN CLUB FEAT. BEA WHITLOCK,97.0,206872,Album,16,False,https://cdn.example.com/covers/073.jpg
2024-02-01,16,Paper Cities,Velvet Static,96.0,195370,Album,16,False,https://cdn.example.com/covers/081.jpg
2024-02-01,17,Bitter Machines,Dust & Ember,94.0,218931,Single,1,False,https://cdn.example.com/covers/011.jpg
2024-02-01,18,Ivory Summers,Saint Avery,94.0,277100,Album,17,True,https://cdn.example.com/covers/058.jpg
2024-02-01,19,Faded Vices,Deja Monroe,92.0,106449,Album,15,False,https://cdn.example.com/covers/037.jpg
2024-02-01,20,Lonely Bones,The Paper Kites Co.,94.0,237046,Single,1,False,https://cdn.example.com/covers/060.jpg
2024-02-01,21,Sugar Crowns,Lorna Sky,93.0,133986,Album,7,False,https://cdn.example.com/covers/118.jpg
2024-02-01,22,Electric Wires,Trey Nakamura feat. Deja Monroe,90.0,227637,Album,16,False,https://cdn.example.com/covers/026.jpg
2024-02-01,23,Quiet Promises,Deja Monroe,86.0,172131,Album,16,False,https://cdn.example.com/covers/091.jpg
2024-02-01,24,Restless Signals,Milo & The Tides,91.0,220260,Album,10,False,https://cdn.example.com/covers/100.jpg
2024-02-01,25,Hollow Ghosts,Dust & Ember,90.0,181921,Album,10,True,https://cdn.example.com/covers/048.jpg
2024-02-01,26,Silver Letters,Kira Lindqvist,89.0,135608,Single,1,False,https://cdn.example.com/covers/105.jpg
2024-02-01,27,Silver Bones,Saint Avery feat. Trey Nakamura,90.0,242348,Single,1,True,https://cdn.example.com/covers/102.jpg
2024-02-01,28,Ashen Bones,Milo & The Tides feat. Omar Diallo,81.0,143025,Single,1,False,https://cdn.example.com/covers/000.jpg
2024-02-01,29,Midnight Crowns,Jaxon Frey,85.0,210662,Album,13,True,https://cdn.example.com/covers/067.jpg
2024-02-01,30,Sunlit Highways,Kira Lindqvist,89.0,259501,Album,7,True,https://cdn.example.com/covers/125.jpg
2024-02-01,31,Restless Vices,Omar Diallo,81.0,207503,Single,1,False,https://cdn.example.com/covers/101.jpg
2024-02-01,32,Wildflower Vices,Dust & Ember feat. Deja Monroe,88.0,193125,Single,1,True,https://cdn.example.com/covers/148.jpg
2024-02-01,33,Bitter Daylight,Lorna Sky,83.0,223885,Album,16,True,https://cdn.example.com/covers/008.jpg
2024-02-01,34,Bitter Engines,Ruben Castellanos,84.0,183774,Album,18,False,https://cdn.example.com/covers/009.jpg
2024-02-01,35,Paper Rivers,Lorna Sky,79.0,245886,Album,12,False,https://cdn.example.com/covers/086.jpg
2024-02-01,36,Bitter Signals,Jaxon Frey,85.0,168881,Single,1,False,https://cdn.example.com/covers/014.jpg
2024-02-01,37,Velvet Weather,Dust & Ember,81.0,271354,Album,9,False,https://cdn.example.com/covers/139.jpg
2024-02-01,38,Sunlit Machines,Saint Avery feat. Deja Monroe,79.0,223896,Single,1,False,https://cdn.example.com/covers/127.jpg
2024-02-01,39,Neon Wires,Deja Monroe feat. Milo & The Tides,73.0,189317,Album,20,False,https://cdn.example.com/covers/080.jpg
2024-02-01,40,Paper Highways,Ruben Castellanos feat. Priya Anand,81.0,160395,Single,1,False,https://cdn.example.com/covers/084.jpg
2024-02-01,41,Ashen Engines,Nova Reyes feat. Omar Diallo,74.0,213798,Single,1,True,https://cdn.example.com/covers/001.jpg
2024-02-01,42,Neon Rooms,Bea Whitlock,77.0,178843,Album,18,True,https://cdn.example.com/covers/078.jpg
2024-02-01,43,Hollow Names,Milo & The Tides,80.0,205579,Single,1,True,https://cdn.example.com/covers/049.jpg
2024-02-01,44,Lonely Lines,Omar Diallo,73.0,164735,Single,1,False,https://cdn.example.com/covers/061.jpg
2024-02-01,45,Sugar Cities,Velvet Static,69.0,262484,Single,1,False,https://cdn.example.com/covers/117.jpg
2024-02-01,46,Restless Ghosts,Milo & The Tides,77.0,132699,Single,1,True,https://cdn.example.com/covers/097.jpg
2024-02-01,47,Faded Summers,The Paper Kites Co.,73.0,238446,Single,1,False,https://cdn.example.com/covers/036.jpg
2024-02-01,48,Ivory Hours,Deja Monroe,70.0,236456,Album,12,False,https://cdn.example.com/covers/056.jpg
2024-02-01,49,Velvet Daylight,Bea Whitlock,73.0,214069,Album,6,True,https://cdn.example.com/covers/132.jpg
2024-02-01,50,Lonely Machines,Lorna Sky,75.0,254785,Single,1,True,https://cdn.example.com/covers/062.jpg
2024-02-02,1,Hollow Promises,Velvet Static,100.0,137625,Single,1,True,https://cdn.example.com/covers/050.jpg
2024-02-02,2,Electric Weather,Dust & Ember feat. Milo & The Tides,100.0,135617,Album,11,False,https://cdn.example.com/covers/025.jpg
2024-02-02,3,Faded Crowns,Jaxon Frey,100.0,146551,Album,17,True,https://cdn.example.com/covers/029.jpg
2024-02-02,4,Golden Engines,Saint Avery,100.0,237976,Album,18,True,https://cdn.example.com/covers/042.jpg
2024-02-02,5,Faded Promises,The Paper Kites Co.,100.0,216898,Album,11,False,https://cdn.example.com/covers/032.jpg
2024-02-02,6,Ivory Letters,Saint Avery,100.0,230277,Single,1,False,https://cdn.example.com/covers/057.jpg
2024-02-02,7,Velvet Hours,Lorna Sky feat. Ruben Castellanos,100.0,221443,Album,11,True,https://cdn.example.com/covers/134.jpg
2024-02-02,8,Ashen Rooms,Saint Avery feat. The Paper Kites Co.,100.0,221034,Album,20,True,https://cdn.example.com/covers/006.jpg
2024-02-02,9,Wildflower Signals,Dust & Ember,97.0,277579,Single,1,True,https://cdn.example.com/covers/146.jpg
2024-02-02,10,Wildflower Names,The Lantern Club feat. Nova Reyes,100.0,178107,Album,11,True,https://cdn.example.com/covers/144.jpg
2024-02-02,11,Neon Summers,Dust & Ember feat. Saint Avery,92.0,172623,Single,1,True,https://cdn.example.com/covers/079.jpg
2024-02-02,12,Midnight Summers,The Lantern Club feat. Bea Whitlock,99.0,206872,Album,16,False,https://cdn.example.com/covers/073.jpg
2024-02-02,13,Ivory Summers,Saint Avery,100.0,277100,Album,17,True,https://cdn.example.com/covers/058.jpg
2024-02-02,14,Sugar Crowns,Lorna Sky,93.0,133986,Album,7,False,https://cdn.example.com/covers/118.jpg
2024-02-02,15,Hollow Vices,Bea Whitlock,100.0,173530,Album,17,False,https://cdn.example.com/covers/053.jpg
2024-02-02,16,Paper Cities,Velvet Static,94.0,195370,Album,16,False,https://cdn.example.com/covers/081.jpg
2024-02-02,17,Bitter Machines,Dust & Ember,97.0,218931,Single,1,False,https://cdn.example.com/covers/011.jpg
2024-02-02,18,Hollow Ghosts,Dust & Ember,92.0,181921,Album,10,True,https://cdn.example.com/covers/048.jpg
2024-02-02,19,Velvet Machines,Trey Nakamura,93.0,270666,Album,16,False,https://cdn.example.com/covers/135.jpg
2024-02-02,20,Faded Vices,Deja Monroe,91.0,106449,Album,15,False,https://cdn.example.com/covers/037.jpg
2024-02-02,21,Faded Rivers,Saint Avery,96.0,216418,Album,15,False,https://cdn.example.com/covers/033.jpg
2024-02-02,22,Lonely Bones,The Paper Kites Co.,93.0,237046,Single,1,False,https://cdn.example.com/covers/060.jpg
2024-02-02,23,Restless Signals,Milo & The Tides,89.0,220260,Album,10,False,https://cdn.example.com/covers/100.jpg
2024-02-02,24,Electric Wires,Trey Nakamura feat. Deja Monroe,88.0,227637,Album,16,False,https://cdn.example.com/covers/026.jpg
2024-02-02,25,Midnight Crowns,Jaxon Frey,91.0,210662,Album,13,True,https://cdn.example.com/covers/067.jpg
2024-02-02,26,Bitter Engines,Ruben Castellanos,89.0,183774,Album,18,False,https://cdn.example.com/covers/009.jpg
2024-02-02,27,Wildflower Vices,Dust & Ember feat. Deja Monroe,86.0,193125,Single,1,True,https://cdn.example.com/covers/148.jpg
2024-02-02,28,Bitter Signals,Jaxon Frey,89.0,168881,Single,1,False,https://cdn.example.com/covers/014.jpg
2024-02-02,29,Quiet Promises,Deja Monroe,84.0,172131,Album,16,False,https://cdn.example.com/covers/091.jpg
2024-02-02,30,Sunlit Machines,Saint Avery feat. Deja Monroe,80.0,223896,Single,1,False,https://cdn.example.com/covers/127.jpg
2024-02-02,31,Velvet Weather,Dust & Ember,87.0,271354,Album,9,False,https://cdn.example.com/covers/139.jpg
2024-02-02,32,Paper Rivers,Lorna Sky,86.0,245886,Album,12,False,https://cdn.example.com/covers/086.jpg
2024-02-02,33,Ashen Engines,Nova Reyes feat. Omar Diallo,80.0,213798,Single,1,True,https://cdn.example.com/covers/001.jpg
2024-02-02,34,Bitter Daylight,Lorna Sky,81.0,223885,Album,16,True,https://cdn.example.com/covers/008.jpg
2024-02-02,35,Static Wires,The Paper Kites Co. feat. Ruben Castellanos,79.0,171130,Single,1,False,https://cdn.example.com/covers/115.jpg
2024-02-02,36,Hollow Names,Milo & The Tides,79.0,205579,Single,1,True,https://cdn.example.com/covers/049.jpg
2024-02-02,37,Restless Ghosts,Milo & The Tides,81.0,132699,Single,1,True,https://cdn.example.com/covers/097.jpg
2024-02-02,38,Neon Wires,Deja Monroe feat. Milo & The Tides,82.0,189317,Album,20,False,https://cdn.example.com/covers/080.jpg
2024-02-02,39,Restless Vices,Omar Diallo,78.0,207503,Single,1,False,https://cdn.example.com/covers/101.jpg
2024-02-02,40,Ashen Bones,Milo & The Tides feat. Omar Diallo,78.0,143025,Single,1,False,https://cdn.example.com/covers/000.jpg
2024-02-02,41,Silver Bones,Saint Avery feat. Trey Nakamura,74.0,242348,Single,1,True,https://cdn.example.com/covers/102.jpg
2024-02-02,42,Silver Letters,Kira Lindqvist,80.0,135608,Single,1,False,https://cdn.example.com/covers/105.jpg
2024-02-02,43,Paper Highways,Ruben Castellanos feat. Priya Anand,80.0,160395,Single,1,False,https://cdn.example.com/covers/084.jpg
2024-02-02,44,Sunlit Highways,Kira Lindqvist,75.0,259501,Album,7,True,https://cdn.example.com/covers/125.jpg
2024-02-02,45,Hollow Engines,Jaxon Frey,78.0,255285,Single,1,False,https://cdn.example.com/covers/047.jpg
2024-02-02,46,Faded Summers,The Paper Kites Co.,75.0,238446,Single,1,False,https://cdn.example.com/covers/036.jpg
2024-02-02,47,Lonely Lines,Omar Diallo,73.0,164735,Single,1,False,https://cdn.example.com/covers/061.jpg
2024-02-02,48,Velvet Vices,Velvet Static,74.0,259460,Single,1,True,https://cdn.example.com/covers/138.jpg
2024-02-02,49,Sunlit Weather,Ruben Castellanos,70.0,246137,Album,11,True,https://cdn.example.com/covers/129.jpg
2024-02-02,50,Faded Lines,Omar Diallo,71.0,213467,Album,10,True,https://cdn.example.com/covers/031.jpg
2024-02-03,1,Faded Crowns,Jaxon Frey,100.0,146551,Album,17,True,https://cdn.example.com/covers/029.jpg
2024-02-03,2,Electric Weather,Dust & Ember feat. Milo & The Tides,100.0,135617,Album,11,False,https://cdn.example.com/covers/025.jpg
2024-02-03,3,Hollow Promises,Velvet Static,100.0,137625,Single,1,True,https://cdn.example.com/covers/050.jpg
2024-02-03,4,Neon Summers,Dust & Ember feat. Saint Avery,100.0,172623,Single,1,True,https://cdn.example.com/covers/079.jpg
2024-02-03,5,Wildflower Names,The Lantern Club feat. Nova Reyes,100.0,178107,Album,11,True,https://cdn.example.com/covers/144.jpg
2024-02-03,6,Ivory Letters,Saint Avery,100.0,230277,Single,1,False,https://cdn.example.com/covers/057.jpg
2024-02-03,7,Velvet Hours,Lorna Sky feat. Ruben Castellanos,99.0,221443,Album,11,True,https://cdn.example.com/covers/134.jpg
2024-02-03,8,Golden Engines,Saint Avery,100.0,237976,Album,18,True,https://cdn.example.com/covers/042.jpg
2024-02-03,9,Faded Promises,The Paper Kites Co.,96.0,216898,Album,11,False,https://cdn.example.com/covers/032.jpg
2024-02-03,10,Wildflower Signals,Dust & Ember,100.0,277579,Single,1,True,https://cdn.example.com/covers/146.jpg
2024-02-03,11,Ashen Rooms,Saint Avery feat. The Paper Kites Co.,93.0,221034,Album,20,True,https://cdn.example.com/covers/006.jpg
2024-02-03,12,Velvet Machines,Trey Nakamura,97.0,270666,Album,16,False,https://cdn.example.com/covers/135.jpg
2024-02-03,13,Paper Cities,Velvet Static,98.0,195370,Album,16,False,https://cdn.example.com/covers/081.jpg
2024-02-03,14,Faded Rivers,Saint Avery,94.0,216418,Album,15,False,https://cdn.example.com/covers/033.jpg
2024-02-03,15,Hollow Vices,Bea Whitlock,95.0,173530,Album,17,False,https://cdn.example.com/covers/053.jpg
2024-02-03,16,Midnight Summers,The Lantern Club feat. Bea Whitlock,94.0,206872,Album,16,False,https://cdn.example.com/covers/073.jpg
2024-02-03,17,Sugar Crowns,Lorna Sky,94.0,133986,Album,7,False,https://cdn.example.com/covers/118.jpg
2024-02-03,18,Ivory Summers,Saint Avery,98.0,277100,Album,17,True,https://cdn.example.com/covers/058.jpg
2024-02-03,19,Lonely Bones,The Paper Kites Co.,91.0,237046,Single,1,False,https://cdn.example.com/covers/060.jpg
2024-02-03,20,Faded Vices,Deja Monroe,91.0,106449,Album,15,False,https://cdn.example.com/covers/037.jpg
2024-02-03,21,Restless Signals,Milo & The Tides,95.0,220260,Album,10,False,https://cdn.example.com/covers/100.jpg
2024-02-03,22,Quiet Promises,Deja Monroe,93.0,172131,Album,16,False,https://cdn.example.com/covers/091.jpg
2024-02-03,23,Hollow Ghosts,Dust & Ember,88.0,181921,Album,10,True,https://cdn.example.com/covers/048.jpg
2024-02-03,24,Midnight Crowns,Jaxon Frey,88.0,210662,Album,13,True,https://cdn.example.com/covers/067.jpg
2024-02-03,25,Bitter Machines,Dust & Ember,88.0,218931,Single,1,False,https://cdn.example.com/covers/011.jpg
2024-02-03,26,Electric Wires,Trey Nakamura feat. Deja Monroe,,227637,Album,16,False,https://cdn.example.com/covers/026.jpg
2024-02-03,27,Silver Letters,Kira Lindqvist,85.0,135608,Single,1,False,https://cdn.example.com/covers/105.jpg
2024-02-03,28,Ashen Bones,Milo & The Tides feat. Omar Diallo,79.0,143025,Single,1,False,https://cdn.example.com/covers/000.jpg
2024-02-03,29,Hollow Names,Milo & The Tides,85.0,205579,Single,1,True,https://cdn.example.com/covers/049.jpg
2024-02-03,30,Sunlit Highways,Kira Lindqvist,83.0,259501,Album,7,True,https://cdn.example.com/covers/125.jpg
2024-02-03,31,Bitter Daylight,Lorna Sky,81.0,223885,Album,16,True,https://cdn.example.com/covers/008.jpg
2024-02-03,32,Restless Vices,Omar Diallo,87.0,207503,Single,1,False,https://cdn.example.com/covers/101.jpg
2024-02-03,33,Ashen Engines,Nova Reyes feat. Omar Diallo,81.0,213798,Single,1,True,https://cdn.example.com/covers/001.jpg
2024-02-03,34,Velvet Weather,Dust & Ember,82.0,271354,Album,9,False,https://cdn.example.com/covers/139.jpg
2024-02-03,35,Sunlit Machines,Saint Avery feat. Deja Monroe,81.0,223896,Single,1,False,https://cdn.example.com/covers/127.jpg
2024-02-03,36,Faded Summers,The Paper Kites Co.,81.0,238446,Single,1,False,https://cdn.example.com/covers/036.jpg
2024-02-03,37,Wildflower Vices,Dust & Ember feat. Deja Monroe,77.0,193125,Single,1,True,https://cdn.example.com/covers/148.jpg
2024-02-03,38,Neon Rooms,Bea Whitlock,81.0,178843,Album,18,True,https://cdn.example.com/covers/078.jpg
2024-02-03,39,Velvet Vices,Velvet Static,81.0,259460,Single,1,True,https://cdn.example.com/covers/138.jpg
2024-02-03,40,Static Wires,The Paper Kites Co. feat. Ruben Castellanos,78.0,171130,Single,1,False,https://cdn.example.com/covers/115.jpg
2024-02-03,41,Bitter Signals,Jaxon Frey,72.0,168881,Single,1,False,https://cdn.example.com/covers/014.jpg
2024-02-03,42,Restless Ghosts,Milo & The Tides,79.0,132699,Single,1,True,https://cdn.example.com/covers/097.jpg
2024-02-03,43,Paper Rivers,Lorna Sky,75.0,245886,Album,12,False,https://cdn.example.com/covers/086.jpg
2024-02-03,44,Silver Bones,Saint Avery feat. Trey Nakamura,79.0,242348,Single,1,True,https://cdn.example.com/covers/102.jpg
2024-02-03,45,Sugar Cities,Velvet Static,77.0,262484,Single,1,False,https://cdn.example.com/covers/117.jpg
2024-02-03,46,Bitter Engines,Ruben Castellanos,68.0,183774,Album,18,False,https://cdn.example.com/covers/009.jpg
2024-02-03,47,Neon Wires,Deja Monroe feat. Milo & The Tides,78.0,189317,Album,20,False,https://cdn.example.com/covers/080.jpg
2024-02-03,48,Hollow Engines,Jaxon Frey,78.0,255285,Single,1,False,https://cdn.example.com/covers/047.jpg
2024-02-03,49,Sugar Bones,Halcyon Youth,75.0,203420,Album,17,True,https://cdn.example.com/covers/116.jpg
2024-02-03,50,Paper Highways,Ruben Castellanos feat. Priya Anand,75.0,160395,Single,1,False,https://cdn.example.com/covers/084.jpg
2024-02-04,1,Faded Crowns,Jaxon Frey,100.0,146551,Album,17,True,https://cdn.example.com/covers/029.jpg
2024-02-04,2,Electric Weather,Dust & Ember feat. Milo & The Tides,100.0,135617,Album,11,False,https://cdn.example.com/covers/025.jpg
2024-02-04,3,Hollow Promises,Velvet Static,100.0,137625,Single,1,True,https://cdn.example.com/covers/050.jpg
2024-02-04,4,Faded Promises,The Paper Kites Co.,100.0,216898,Album,11,False,https://cdn.example.com/covers/032.jpg
2024-02-04,5,Wildflower Names,The Lantern Club feat. Nova Reyes,100.0,178107,Album,11,True,https://cdn.example.com/covers/144.jpg
2024-02-04,6,Golden Engines,Saint Avery,100.0,237976,Album,18,True,https://cdn.example.com/covers/042.jpg
2024-02-04,7,Neon Summers,Dust & Ember feat. Saint Avery,98.0,172623,Single,1,True,https://cdn.example.com/covers/079.jpg
2024-02-04,8,Ivory Letters,Saint Avery,100.0,230277,Single,1,False,https://cdn.example.com/covers/057.jpg
2024-02-04,9,Ashen Rooms,Saint Avery feat. The Paper Kites Co.,100.0,221034,Album,20,True,https://cdn.example.com/covers/006.jpg
2024-02-04,10,Velvet Hours,Lorna Sky feat. Ruben Castellanos,98.0,221443,Album,11,True,https://cdn.example.com/covers/134.jpg
2024-02-04,11,Paper Cities,Velvet Static,100.0,195370,Album,16,False,https://cdn.example.com/covers/081.jpg
2024-02-04,12,Hollow Vices,Bea Whitlock,97.0,173530,Album,17,False,https://cdn.example.com/covers/053.jpg
2024-02-04,13,Sugar Crowns,Lorna Sky,99.0,133986,Album,7,False,https://cdn.example.com/covers/118.jpg
2024-02-04,14,Ivory Summers,Saint Avery,94.0,277100,Album,17,True,https://cdn.example.com/covers/058.jpg
2024-02-04,15,Faded Rivers,Saint Avery,94.0,216418,Album,15,False,https://cdn.example.com/covers/033.jpg
2024-02-04,16,Wildflower Signals,Dust & Ember,97.0,277579,Single,1,True,https://cdn.example.com/covers/146.jpg
2024-02-04,17,Midnight Summers,The Lantern Club feat. Bea Whitlock,98.0,206872,Album,16,False,https://cdn.example.com/covers/073.jpg
2024-02-04,18,Velvet Machines,Trey Nakamura,99.0,270666,Album,16,False,https://cdn.example.com/covers/135.jpg
2024-02-04,19,Faded Vices,Deja Monroe,88.0,106449,Album,15,False,https://cdn.example.com/covers/037.jpg
2024-02-04,20,Hollow Ghosts,Dust & Ember,94.0,181921,Album,10,True,https://cdn.example.com/covers/048.jpg
2024-02-04,21,Lonely Bones,The Paper Kites Co.,96.0,237046,Single,1,False,https://cdn.example.com/covers/060.jpg
2024-02-04,22,Restless Signals,Milo & The Tides,97.0,220260,Album,10,False,https://cdn.example.com/covers/100.jpg
2024-02-04,23,Bitter Machines,Dust & Ember,94.0,218931,Single,1,False,https://cdn.example.com/covers/011.jpg
2024-02-04,24,Electric Wires,Trey Nakamura feat. Deja Monroe,87.0,227637,Album,16,False,https://cdn.example.com/covers/026.jpg
2024-02-04,25,Silver Letters,Kira Lindqvist,88.0,135608,Single,1,False,https://cdn.example.com/covers/105.jpg
2024-02-04,26,Quiet Promises,Deja Monroe,85.0,172131,Album,16,False,https://cdn.example.com/covers/091.jpg
2024-02-04,27,Paper Rivers,Lorna Sky,81.0,245886,Album,12,False,https://cdn.example.com/covers/086.jpg
2024-02-04,28,Restless Vices,Omar Diallo,87.0,207503,Single,1,False,https://cdn.example.com/covers/101.jpg
2024-02-04,29,Bitter Engines,Ruben Castellanos,81.0,183774,Album,18,False,https://cdn.example.com/covers/009.jpg
2024-02-04,30,Bitter Daylight,Lorna Sky,,223885,Album,16,True,https://cdn.example.com/covers/008.jpg
2024-02-04,31,Neon Wires,Deja Monroe feat. Milo & The Tides,82.0,189317,Album,20,False,https://cdn.example.com/covers/080.jpg
2024-02-04,32,Sunlit Highways,Kira Lindqvist,86.0,259501,Album,7,True,https://cdn.example.com/covers/125.jpg
2024-02-04,33,Midnight Crowns,Jaxon Frey,85.0,210662,Album,13,True,https://cdn.example.com/covers/067.jpg
2024-02-04,34,Velvet Vices,Velvet Static,86.0,259460,Single,1,True,https://cdn.example.com/covers/138.jpg
2024-02-04,35,Ashen Bones,Milo & The Tides feat. Omar Diallo,78.0,143025,Single,1,False,https://cdn.example.com/covers/000.jpg
2024-02-04,36,Bitter Signals,Jaxon Frey,79.0,168881,Single,1,False,https://cdn.example.com/covers/014.jpg
2024-02-04,37,Wildflower Vices,Dust & Ember feat. Deja Monroe,85.0,193125,Single,1,True,https://cdn.example.com/covers/148.jpg
2024-02-04,38,Hollow Engines,Jaxon Frey,81.0,255285,Single,1,False,https://cdn.example.com/covers/047.jpg
2024-02-04,39,Static Wires,The Paper Kites Co. feat. Ruben Castellanos,81.0,171130,Single,1,False,https://cdn.example.com/covers/115.jpg
2024-02-04,40,Faded Summers,The Paper Kites Co.,81.0,238446,Single,1,False,https://cdn.example.com/covers/036.jpg
2024-02-04,41,Sugar Cities,Velvet Static,71.0,262484,Single,1,False,https://cdn.example.com/covers/117.jpg
2024-02-04,42,Neon Rooms,Bea Whitlock,74.0,178843,Album,18,True,https://cdn.example.com/covers/078.jpg
2024-02-04,43,Sunlit Machines,Saint Avery feat. Deja Monroe,73.0,223896,Single,1,False,https://cdn.example.com/covers/127.jpg
2024-02-04,44,Paper Highways,Ruben Castellanos feat. Priya Anand,78.0,160395,Single,1,False,https://cdn.example.com/covers/084.jpg
2024-02-04,45,Hollow Names,Milo & The Tides,77.0,205579,Single,1,True,https://cdn.example.com/covers/049.jpg
2024-02-04,46,Golden Rooms,Nova Reyes,81.0,174403,Album,20,True,https://cdn.example.com/covers/045.jpg
2024-02-04,47,Restless Ghosts,Milo & The Tides,71.0,132699,Single,1,True,https://cdn.example.com/covers/097.jpg
2024-02-04,48,Ashen Engines,Nova Reyes feat. Omar Diallo,73.0,213798,Single,1,True,https://cdn.example.com/covers/001.jpg
2024-02-04,49,Velvet Weather,Dust & Ember,70.0,271354,Album,9,False,https://cdn.example.com/covers/139.jpg
2024-02-04,50,Silver Bones,Saint Avery feat. Trey Nakamura,69.0,242348,Single,1,True,https://cdn.example.com/covers/102.jpg
2024-02-05,1,Electric Weather,Dust & Ember feat. Milo & The Tides,100.0,135617,Album,11,False,https://cdn.example.com/covers/025.jpg
2024-02-05,2,Hollow Promises,Velvet Static,100.0,137625,Single,1,True,https://cdn.example.com/covers/050.jpg
2024-02-05,3,Faded Promises,The Paper Kites Co.,100.0,216898,Album,11,False,https://cdn.example.com/covers/032.jpg
2024-02-05,4,Faded Crowns,Jaxon Frey,100.0,146551,Album,17,True,https://cdn.example.com/covers/029.jpg
2024-02-05,5,Neon Summers,Dust & Ember feat. Saint Avery,100.0,172623,Single,1,True,https://cdn.example.com/covers/079.jpg
2024-02-05,6,Wildflower Names,The Lantern Club feat. Nova Reyes,100.0,178107,Album,11,True,https://cdn.example.com/covers/144.jpg
2024-02-05,7,Golden Engines,Saint Avery,100.0,237976,Album,18,True,https://cdn.example.com/covers/042.jpg
2024-02-05,8,Ivory Letters,Saint Avery,100.0,230277,Single,1,False,https://cdn.example.com/covers/057.jpg
2024-02-05,9,Ashen Rooms,Saint Avery feat. The Paper Kites Co.,98.0,221034,Album,20,True,https://cdn.example.com/covers/006.jpg
2024-02-05,10,Wildflower Signals,Dust & Ember,94.0,277579,Single,1,True,https://cdn.example.com/covers/146.jpg
2024-02-05,11,Sugar Crowns,Lorna Sky,98.0,133986,Album,7,False,https://cdn.example.com/covers/118.jpg
2024-02-05,12,Midnight Summers,The Lantern Club feat. Bea Whitlock,99.0,206872,Album,16,False,https://cdn.example.com/covers/073.jpg
2024-02-05,13,Paper Cities,Velvet Static,96.0,195370,Album,16,False,https://cdn.example.com/covers/081.jpg
2024-02-05,14,Faded Rivers,Saint Avery,95.0,216418,Album,15,False,https://cdn.example.com/covers/033.jpg
2024-02-05,15,Hollow Vices,Bea Whitlock,92.0,173530,Album,17,False,https://cdn.example.com/covers/053.jpg
2024-02-05,16,Hollow Ghosts,Dust & Ember,91.0,181921,Album,10,True,https://cdn.example.com/covers/048.jpg
2024-02-05,17,Velvet Hours,Lorna Sky feat. Ruben Castellanos,93.0,221443,Album,11,True,https://cdn.example.com/covers/134.jpg
2024-02-05,18,Faded Vices,Deja Monroe,92.0,106449,Album,15,False,https://cdn.example.com/covers/037.jpg
2024-02-05,19,Velvet Machines,Trey Nakamura,90.0,270666,Album,16,False,https://cdn.example.com/covers/135.jpg
2024-02-05,20,Bitter Machines,Dust & Ember,100.0,218931,Single,1,False,https://cdn.example.com/covers/011.jpg
2024-02-05,21,Ivory Summers,Saint Avery,88.0,277100,Album,17,True,https://cdn.example.com/covers/058.jpg
2024-02-05,22,Lonely Bones,The Paper Kites Co.,88.0,237046,Single,1,False,https://cdn.example.com/covers/060.jpg
2024-02-05,23,Electric Wires,Trey Nakamura feat. Deja Monroe,92.0,227637,Album,16,False,https://cdn.example.com/covers/026.jpg
2024-02-05,24,Faded Summers,The Paper Kites Co.,88.0,238446,Single,1,False,https://cdn.example.com/covers/036.jpg
2024-02-05,25,Restless Signals,Milo & The Tides,88.0,220260,Album,10,False,https://cdn.example.com/covers/100.jpg
2024-02-05,26,Restless Vices,Omar Diallo,91.0,207503,Single,1,False,https://cdn.example.com/covers/101.jpg
2024-02-05,27,Quiet Promises,Deja Monroe,82.0,172131,Album,16,False,https://cdn.example.com/covers/091.jpg
2024-02-05,28,Silver Letters,Kira Lindqvist,79.0,135608,Single,1,False,https://cdn.example.com/covers/105.jpg
2024-02-05,29,Midnight Crowns,Jaxon Frey,84.0,210662,Album,13,True,https://cdn.example.com/covers/067.jpg
2024-02-05,30,Hollow Engines,Jaxon Frey,84.0,255285,Single,1,False,https://cdn.example.com/covers/047.jpg
2024-02-05,31,Bitter Signals,Jaxon Frey,79.0,168881,Single,1,False,https://cdn.example.com/covers/014.jpg
2024-02-05,32,Bitter Engines,Ruben Castellanos,86.0,183774,Album,18,False,https://cdn.example.com/covers/009.jpg
2024-02-05,33,Sunlit Highways,Kira Lindqvist,88.0,259501,Album,7,True,https://cdn.example.com/covers/125.jpg
2024-02-05,34,Neon Rooms,Bea Whitlock,82.0,178843,Album,18,True,https://cdn.example.com/covers/078.jpg
2024-02-05,35,Sugar Cities,Velvet Static,83.0,262484,Single,1,False,https://cdn.example.com/covers/117.jpg
2024-02-05,36,Sunlit Machines,Saint Avery feat. Deja Monroe,84.0,223896,Single,1,False,https://cdn.example.com/covers/127.jpg
2024-02-05,37,Bitter Daylight,Lorna Sky,81.0,223885,Album,16,True,https://cdn.example.com/covers/008.jpg
2024-02-05,38,Hollow Names,Milo & The Tides,82.0,205579,Single,1,True,https://cdn.example.com/covers/049.jpg
2024-02-05,39,Golden Rooms,Nova Reyes,80.0,174403,Album,20,True,https://cdn.example.com/covers/045.jpg
2024-02-05,40,Silver Bones,Saint Avery feat. Trey Nakamura,78.0,242348,Single,1,True,https://cdn.example.com/covers/102.jpg
2024-02-05,41,Neon Wires,Deja Monroe feat. Milo & The Tides,79.0,189317,Album,20,False,https://cdn.example.com/covers/080.jpg
2024-02-05,42,Ashen Bones,Milo & The Tides feat. Omar Diallo,78.0,143025,Single,1,False,https://cdn.example.com/covers/000.jpg
2024-02-05,43,Velvet Weather,Dust & Ember,76.0,271354,Album,9,False,https://cdn.example.com/covers/139.jpg
2024-02-05,44,Paper Rivers,Lorna Sky,78.0,245886,Album,12,False,https://cdn.example.com/covers/086.jpg
2024-02-05,45,Wildflower Vices,Dust & Ember feat. Deja Monroe,72.0,193125,Single,1,True,https://cdn.example.com/covers/148.jpg
2024-02-05,46,Velvet Vices,Velvet Static,73.0,259460,Single,1,True,https://cdn.example.com/covers/138.jpg
2024-02-05,47,Paper Highways,Ruben Castellanos feat. Priya Anand,78.0,160395,Single,1,False,https://cdn.example.com/covers/084.jpg
2024-02-05,48,Velvet Daylight,Bea Whitlock,72.0,214069,Album,6,True,https://cdn.example.com/covers/132.jpg
2024-02-05,49,Static Wires,The Paper Kites Co. feat. Ruben Castellanos,71.0,171130,Single,1,False,https://cdn.example.com/covers/115.jpg
2024-02-05,50,Restless Ghosts,Milo & The Tides,71.0,132699,Single,1,True,https://cdn.example.com/covers/097.jpg
2024-02-06,1,Electric Weather,Dust & Ember feat. Milo & The Tides,100.0,135617,Album,11,False,https://cdn.example.com/covers/025.jpg
2024-02-06,2,Hollow Promises,Velvet Static,100.0,137625,Single,1,True,https://cdn.example.com/covers/050.jpg
2024-02-06,3,Faded Crowns,Jaxon Frey,100.0,146551,Album,17,True,https://cdn.example.com/covers/029.jpg
2024-02-06,4,Golden Engines,Saint Avery,100.0,237976,Album,18,True,https://cdn.example.com/covers/042.jpg
2024-02-06,5,Neon Summers,Dust & Ember feat. Saint Avery,100.0,172623,Single,1,True,https://cdn.example.com/covers/079.jpg
2024-02-06,6,Faded Promises,The Paper Kites Co.,100.0,216898,Album,11,False,https://cdn.example.com/covers/032.jpg
2024-02-06,7,Ivory Letters,Saint Avery,100.0,230277,Single,1,False,https://cdn.example.com/covers/057.jpg
2024-02-06,8,Ashen Rooms,Saint Avery feat. The Paper Kites Co.,100.0,221034,Album,20,True,https://cdn.example.com/covers/006.jpg
2024-02-06,9,Wildflower Names,The Lantern Club feat. Nova Reyes,97.0,178107,Album,11,True,https://cdn.example.com/covers/144.jpg
2024-02-06,10,Sugar Crowns,Lorna Sky,98.0,133986,Album,7,False,https://cdn.example.com/covers/118.jpg
2024-02-06,11,Midnight Summers,The Lantern Club feat. Bea Whitlock,99.0,206872,Album,16,False,https://cdn.example.com/covers/073.jpg
2024-02-06,12,Velvet Hours,Lorna Sky feat. Ruben Castellanos,98.0,221443,Album,11,True,https://cdn.example.com/covers/134.jpg
2024-02-06,13,Wildflower Signals,Dust & Ember,97.0,277579,Single,1,True,https://cdn.example.com/covers/146.jpg
2024-02-06,14,Paper Cities,Velvet Static,92.0,195370,Album,16,False,https://cdn.example.com/covers/081.jpg
2024-02-06,15,Hollow Vices,Bea Whitlock,91.0,173530,Album,17,False,https://cdn.example.com/covers/053.jpg
2024-02-06,16,Velvet Machines,Trey Nakamura,91.0,270666,Album,16,False,https://cdn.example.com/covers/135.jpg
2024-02-06,17,Faded Rivers,Saint Avery,98.0,216418,Album,15,False,https://cdn.example.com/covers/033.jpg
2024-02-06,18,Lonely Bones,The Paper Kites Co.,90.0,237046,Single,1,False,https://cdn.example.com/covers/060.jpg
2024-02-06,19,Faded Vices,Deja Monroe,96.0,106449,Album,15,False,https://cdn.example.com/covers/037.jpg
2024-02-06,20,Ivory Summers,Saint Avery,91.0,277100,Album,17,True,https://cdn.example.com/covers/058.jpg
2024-02-06,21,Hollow Ghosts,Dust & Ember,90.0,181921,Album,10,True,https://cdn.example.com/covers/048.jpg
2024-02-06,22,Bitter Machines,Dust & Ember,92.0,218931,Single,1,False,https://cdn.example.com/covers/011.jpg
2024-02-06,23,Bitter Engines,Ruben Castellanos,86.0,183774,Album,18,False,https://cdn.example.com/covers/009.jpg
2024-02-06,24,Midnight Crowns,Jaxon Frey,90.0,210662,Album,13,True,https://cdn.example.com/covers/067.jpg
2024-02-06,25,Restless Signals,Milo & The Tides,93.0,220260,Album,10,False,https://cdn.example.com/covers/100.jpg
2024-02-06,26,Electric Wires,Trey Nakamura feat. Deja Monroe,92.0,227637,Album,16,False,https://cdn.example.com/covers/026.jpg
2024-02-06,27,Hollow Engines,Jaxon Frey,90.0,255285,Single,1,False,https://cdn.example.com/covers/047.jpg
2024-02-06,28,Quiet Promises,Deja Monroe,92.0,172131,Album,16,False,https://cdn.example.com/covers/091.jpg
2024-02-06,29,Faded Summers,The Paper Kites Co.,87.0,238446,Single,1,False,https://cdn.example.com/covers/036.jpg
2024-02-06,30,Silver Letters,Kira Lindqvist,89.0,135608,Single,1,False,https://cdn.example.com/covers/105.jpg
2024-02-06,31,Golden Rooms,Nova Reyes,85.0,174403,Album,20,True,https://cdn.example.com/covers/045.jpg
2024-02-06,32,Bitter Daylight,Lorna Sky,81.0,223885,Album,16,True,https://cdn.example.com/covers/008.jpg
2024-02-06,33,Restless Vices,Omar Diallo,79.0,207503,Single,1,False,https://cdn.example.com/covers/101.jpg
2024-02-06,34,Sunlit Highways,Kira Lindqvist,80.0,259501,Album,7,True,https://cdn.example.com/covers/125.jpg
2024-02-06,35,Ashen Bones,Milo & The Tides feat. Omar Diallo,81.0,143025,Single,1,False,https://cdn.example.com/covers/000.jpg
2024-02-06,36,Paper Rivers,Lorna Sky,84.0,245886,Album,12,False,https://cdn.example.com/covers/086.jpg
2024-02-06,37,Velvet Weather,Dust & Ember,85.0,271354,Album,9,False,https://cdn.example.com/covers/139.jpg
2024-02-06,38,Bitter Signals,Jaxon Frey,79.0,168881,Single,1,False,https://cdn.example.com/covers/014.jpg
2024-02-06,39,Velvet Vices,Velvet Static,77.0,259460,Single,1,True,https://cdn.example.com/covers/138.jpg
2024-02-06,40,Paper Highways,Ruben Castellanos feat. Priya Anand,85.0,160395,Single,1,False,https://cdn.example.com/covers/084.jpg
2024-02-06,41,Hollow Names,Milo & The Tides,76.0,205579,Single,1,True,https://cdn.example.com/covers/049.jpg
2024-02-06,42,Silver Bones,Saint Avery feat. Trey Nakamura,74.0,242348,Single,1,True,https://cdn.example.com/covers/102.jpg
2024-02-06,43,Neon Wires,Deja Monroe feat. Milo & The Tides,75.0,189317,Album,20,False,https://cdn.example.com/covers/080.jpg
2024-02-06,44,Neon Rooms,Bea Whitlock,73.0,178843,Album,18,True,https://cdn.example.com/covers/078.jpg
2024-02-06,45,Sunlit Machines,Saint Avery feat. Deja Monroe,71.0,223896,Single,1,False,https://cdn.example.com/covers/127.jpg
2024-02-06,46,Restless Ghosts,Milo & The Tides,76.0,132699,Single,1,True,https://cdn.example.com/covers/097.jpg
2024-02-06,47,Static Wires,The Paper Kites Co. feat. Ruben Castellanos,73.0,171130,Single,1,False,https://cdn.example.com/covers/115.jpg
2024-02-06,48,Lonely Lines,Omar Diallo,77.0,164735,Single,1,False,https://cdn.example.com/covers/061.jpg
2024-02-06,49,Sugar Cities,Velvet Static,76.0,262484,Single,1,False,https://cdn.example.com/covers/117.jpg
2024-02-06,50,Ashen Engines,Nova Reyes feat. Omar Diallo,75.0,213798,Single,1,True,https://cdn.example.com/covers/001.jpg
2024-02-07,1,Electric Weather,Dust & Ember feat. Milo & The Tides,100.0,135617,Album,11,False,https://cdn.example.com/covers/025.jpg
2024-02-07,2,Hollow Promises,Velvet Static,100.0,137625,Single,1,True,https://cdn.example.com/covers/050.jpg
2024-02-07,3,Faded Promises,The Paper Kites Co.,100.0,216898,Album,11,False,https://cdn.example.com/covers/032.jpg
2024-02-07,4,Faded Crowns,Jaxon Frey,100.0,146551,Album,17,True,https://cdn.example.com/covers/029.jpg
2024-02-07,5,Golden Engines,Saint Avery,100.0,237976,Album,18,True,https://cdn.example.com/covers/042.jpg
2024-02-07,6,Neon Summers,Dust & Ember feat. Saint Avery,100.0,172623,Single,1,True,https://cdn.example.com/covers/079.jpg
2024-02-07,7,Ivory Letters,Saint Avery,100.0,230277,Single,1,False,https://cdn.example.com/covers/057.jpg
2024-02-07,8,Wildflower Names,The Lantern Club feat. Nova Reyes,95.0,178107,Album,11,True,https://cdn.example.com/covers/144.jpg
2024-02-07,9,Sugar Crowns,Lorna Sky,100.0,133986,Album,7,False,https://cdn.example.com/covers/118.jpg
2024-02-07,10,Ashen Rooms,Saint Avery feat. The Paper Kites Co.,100.0,221034,Album,20,True,https://cdn.example.com/covers/006.jpg
2024-02-07,11,Paper Cities,Velvet Static,100.0,195370,Album,16,False,https://cdn.example.com/covers/081.jpg
2024-02-07,12,Hollow Vices,Bea Whitlock,98.0,173530,Album,17,False,https://cdn.example.com/covers/053.jpg
2024-02-07,13,Midnight Summers,The Lantern Club feat. Bea Whitlock,96.0,206872,Album,16,False,https://cdn.example.com/covers/073.jpg
2024-02-07,14,Wildflower Signals,Dust & Ember,99.0,277579,Single,1,True,https://cdn.example.com/covers/146.jpg
2024-02-07,15,Velvet Machines,Trey Nakamura,96.0,270666,Album,16,False,https://cdn.example.com/covers/135.jpg
2024-02-07,16,Hollow Ghosts,Dust & Ember,98.0,181921,Album,10,True,https://cdn.example.com/covers/048.jpg
2024-02-07,17,Velvet Hours,Lorna Sky feat. Ruben Castellanos,93.0,221443,Album,11,True,https://cdn.example.com/covers/134.jpg
2024-02-07,18,Ivory Summers,Saint Avery,89.0,277100,Album,17,True,https://cdn.example.com/covers/058.jpg
2024-02-07,19,Faded Rivers,Saint Avery,94.0,216418,Album,15,False,https://cdn.example.com/covers/033.jpg
2024-02-07,20,Faded Vices,Deja Monroe,86.0,106449,Album,15,False,https://cdn.example.com/covers/037.jpg
2024-02-07,21,Electric Wires,Trey Nakamura feat. Deja Monroe,95.0,227637,Album,16,False,https://cdn.example.com/covers/026.jpg
2024-02-07,22,Quiet Promises,Deja Monroe,87.0,172131,Album,16,False,https://cdn.example.com/covers/091.jpg
2024-02-07,23,Bitter Machines,Dust & Ember,88.0,218931,Single,1,False,https://cdn.example.com/covers/011.jpg
2024-02-07,24,Hollow Engines,Jaxon Frey,93.0,255285,Single,1,False,https://cdn.example.com/covers/047.jpg
2024-02-07,25,Faded Summers,The Paper Kites Co.,92.0,238446,Single,1,False,https://cdn.example.com/covers/036.jpg
2024-02-07,26,Silver Letters,Kira Lindqvist,87.0,135608,Single,1,False,https://cdn.example.com/covers/105.jpg
2024-02-07,27,Lonely Bones,The Paper Kites Co.,87.0,237046,Single,1,False,https://cdn.example.com/covers/060.jpg
2024-02-07,28,Restless Vices,Omar Diallo,87.0,207503,Single,1,False,https://cdn.example.com/covers/101.jpg
2024-02-07,29,Sunlit Highways,Kira Lindqvist,87.0,259501,Album,7,True,https://cdn.example.com/covers/125.jpg
2024-02-07,30,Restless Signals,Milo & The Tides,86.0,220260,Album,10,False,https://cdn.example.com/covers/100.jpg
2024-02-07,31,Neon Rooms,Bea Whitlock,84.0,178843,Album,18,True,https://cdn.example.com/covers/078.jpg
2024-02-07,32,Ashen Bones,Milo & The Tides feat. Omar Diallo,83.0,143025,Single,1,False,https://cdn.example.com/covers/000.jpg
2024-02-07,33,Golden Rooms,Nova Reyes,84.0,174403,Album,20,True,https://cdn.example.com/covers/045.jpg
2024-02-07,34,Lonely Rivers,Milo & The Tides,83.0,210046,Single,1,True,https://cdn.example.com/covers/064.jpg
2024-02-07,35,Velvet Vices,Velvet Static,87.0,259460,Single,1,True,https://cdn.example.com/covers/138.jpg
2024-02-07,36,Midnight Crowns,Jaxon Frey,78.0,210662,Album,13,True,https://cdn.example.com/covers/067.jpg
2024-02-07,37,Bitter Engines,Ruben Castellanos,,183774,Album,18,False,https://cdn.example.com/covers/009.jpg
2024-02-07,38,Wildflower Vices,Dust & Ember feat. Deja Monroe,72.0,193125,Single,1,True,https://cdn.example.com/covers/148.jpg
2024-02-07,39,Bitter Daylight,Lorna Sky,78.0,223885,Album,16,True,https://cdn.example.com/covers/008.jpg
2024-02-07,40,Velvet Weather,Dust & Ember,81.0,271354,Album,9,False,https://cdn.example.com/covers/139.jpg
2024-02-07,41,Sunlit Machines,Saint Avery feat. Deja Monroe,83.0,223896,Single,1,False,https://cdn.example.com/covers/127.jpg
2024-02-07,42,Silver Bones,Saint Avery feat. Trey Nakamura,78.0,242348,Single,1,True,https://cdn.example.com/covers/102.jpg
2024-02-07,43,Neon Wires,Deja Monroe feat. Milo & The Tides,77.0,189317,Album,20,False,https://cdn.example.com/covers/080.jpg
2024-02-07,44,Sugar Cities,Velvet Static,77.0,262484,Single,1,False,https://cdn.example.com/covers/117.jpg
2024-02-07,45,Hollow Names,Milo & The Tides,74.0,205579,Single,1,True,https://cdn.example.com/covers/049.jpg
2024-02-07,46,Ashen Engines,Nova Reyes feat. Omar Diallo,76.0,213798,Single,1,True,https://cdn.example.com/covers/001.jpg
2024-02-07,47,Restless Ghosts,Milo & The Tides,72.0,132699,Single,1,True,https://cdn.example.com/covers/097.jpg
2024-02-07,48,Bitter Signals,Jaxon Frey,75.0,168881,Single,1,False,https://cdn.example.com/covers/014.jpg
2024-02-07,49,Sugar Bones,Halcyon Youth,78.0,203420,Album,17,True,https://cdn.example.com/covers/116.jpg
2024-02-07,50,Paper Rivers,Lorna Sky,70.0,245886,Album,12,False,https://cdn.example.com/covers/086.jpg
2024-02-08,1,Electric Weather,Dust & Ember feat. Milo & The Tides,100.0,135617,Album,11,False,https://cdn.example.com/covers/025.jpg
2024-02-08,2,Faded Crowns,Jaxon Frey,100.0,146551,Album,17,True,https://cdn.example.com/covers/029.jpg
2024-02-08,3,Golden Engines,Saint Avery,100.0,237976,Album,18,True,https://cdn.example.com/covers/042.jpg
2024-02-08,4,Neon Summers,Dust & Ember feat. Saint Avery,100.0,172623,Single,1,True,https://cdn.example.com/covers/079.jpg
2024-02-08,5,Faded Promises,The Paper Kites Co.,100.0,216898,Album,11,False,https://cdn.example.com/covers/032.jpg
2024-02-08,6,Hollow Promises,Velvet Static,100.0,137625,Single,1,True,https://cdn.example.com/covers/050.jpg
2024-02-08,7,Wildflower Names,The Lantern Club feat. Nova Reyes,100.0,178107,Album,11,True,https://cdn.example.com/covers/144.jpg
2024-02-08,8,Ivory Letters,Saint Avery,100.0,230277,Single,1,False,https://cdn.example.com/covers/057.jpg
2024-02-08,9,Paper Cities,Velvet Static,97.0,195370,Album,16,False,https://cdn.example.com/covers/081.jpg
2024-02-08,10,Ashen Rooms,Saint Avery feat. The Paper Kites Co.,100.0,221034,Album,20,True,https://cdn.example.com/covers/006.jpg
2024-02-08,11,Sugar Crowns,Lorna Sky,100.0,133986,Album,7,False,https://cdn.example.com/covers/118.jpg
2024-02-08,12,Velvet Hours,Lorna Sky feat. Ruben Castellanos,99.0,221443,Album,11,True,https://cdn.example.com/covers/134.jpg
2024-02-08,13,Ivory Summers,Saint Avery,97.0,277100,Album,17,True,https://cdn.example.com/covers/058.jpg
2024-02-08,14,Wildflower Signals,Dust & Ember,100.0,277579,Single,1,True,https://cdn.example.com/covers/146.jpg
2024-02-08,15,Hollow Ghosts,Dust & Ember,96.0,181921,Album,10,True,https://cdn.example.com/covers/048.jpg
2024-02-08,16,Velvet Machines,Trey Nakamura,93.0,270666,Album,16,False,https://cdn.example.com/covers/135.jpg
2024-02-08,17,Midnight Summers,The Lantern Club feat. Bea Whitlock,90.0,206872,Album,16,False,https://cdn.example.com/covers/073.jpg
2024-02-08,18,Faded Rivers,Saint Avery,97.0,216418,Album,15,False,https://cdn.example.com/covers/033.jpg
2024-02-08,19,Restless Signals,Milo & The Tides,96.0,220260,Album,10,False,https://cdn.example.com/covers/100.jpg
2024-02-08,20,Hollow Vices,Bea Whitlock,92.0,173530,Album,17,False,https://cdn.example.com/covers/053.jpg
2024-02-08,21,Electric Wires,Trey Nakamura feat. Deja Monroe,94.0,227637,Album,16,False,https://cdn.example.com/covers/026.jpg
2024-02-08,22,Bitter Daylight,Lorna Sky,90.0,223885,Album,16,True,https://cdn.example.com/covers/008.jpg
2024-02-08,23,Silver Letters,Kira Lindqvist,91.0,135608,Single,1,False,https://cdn.example.com/covers/105.jpg
2024-02-08,24,Faded Vices,Deja Monroe,93.0,106449,Album,15,False,https://cdn.example.com/covers/037.jpg
2024-02-08,25,Lonely Bones,The Paper Kites Co.,81.0,237046,Single,1,False,https://cdn.example.com/covers/060.jpg
2024-02-08,26,Restless Vices,  OMAR DIALLO,93.0,207503,Single,1,False,https://cdn.example.com/covers/101.jpg
2024-02-08,27,Hollow Engines,Jaxon Frey,85.0,255285,Single,1,False,https://cdn.example.com/covers/047.jpg
2024-02-08,28,Bitter Machines,Dust & Ember,81.0,218931,Single,1,False,https://cdn.example.com/covers/011.jpg
2024-02-08,29,Sunlit Highways,Kira Lindqvist,87.0,259501,Album,7,True,https://cdn.example.com/covers/125.jpg
2024-02-08,30,Velvet Vices,Velvet Static,85.0,259460,Single,1,True,https://cdn.example.com/covers/138.jpg
2024-02-08,31,Faded Summers,The Paper Kites Co.,82.0,238446,Single,1,False,https://cdn.example.com/covers/036.jpg
2024-02-08,32,Velvet Weather,Dust & Ember,86.0,271354,Album,9,False,https://cdn.example.com/covers/139.jpg
2024-02-08,33,Midnight Crowns,Jaxon Frey,82.0,210662,Album,13,True,https://cdn.example.com/covers/067.jpg
2024-02-08,34,Golden Rooms,Nova Reyes,81.0,174403,Album,20,True,https://cdn.example.com/covers/045.jpg
2024-02-08,35,Quiet Promises,Deja Monroe,86.0,172131,Album,16,False,https://cdn.example.com/covers/091.jpg
2024-02-08,36,Ashen Bones,Milo & The Tides feat. Omar Diallo,84.0,143025,Single,1,False,https://cdn.example.com/covers/000.jpg
2024-02-08,37,Neon Rooms,Bea Whitlock,84.0,178843,Album,18,True,https://cdn.example.com/covers/078.jpg
2024-02-08,38,Bitter Engines,Ruben Castellanos,80.0,183774,Album,18,False,https://cdn.example.com/covers/009.jpg
2024-02-08,39,Lonely Rivers,Milo & The Tides,84.0,210046,Single,1,True,https://cdn.example.com/covers/064.jpg
2024-02-08,40,Sugar Cities,Velvet Static,81.0,262484,Single,1,False,https://cdn.example.com/covers/117.jpg
2024-02-08,41,Neon Wires,Deja Monroe feat. Milo & The Tides,74.0,189317,Album,20,False,https://cdn.example.com/covers/080.jpg
2024-02-08,42,Bitter Signals,Jaxon Frey,86.0,168881,Single,1,False,https://cdn.example.com/covers/014.jpg
2024-02-08,43,Static Wires,The Paper Kites Co. feat. Ruben Castellanos,80.0,171130,Single,1,False,https://cdn.example.com/covers/115.jpg
2024-02-08,44,Wildflower Vices,Dust & Ember feat. Deja Monroe,81.0,193125,Single,1,True,https://cdn.example.com/covers/148.jpg
2024-02-08,45,Restless Ghosts,Milo & The Tides,75.0,132699,Single,1,True,https://cdn.example.com/covers/097.jpg
2024-02-08,46,Silver Bones,Saint Avery feat. Trey Nakamura,72.0,242348,Single,1,True,https://cdn.example.com/covers/102.jpg
2024-02-08,47,Paper Rivers,Lorna Sky,71.0,245886,Album,12,False,https://cdn.example.com/covers/086.jpg
2024-02-08,48,Paper Highways,Ruben Castellanos feat. Priya Anand,72.0,160395,Single,1,False,https://cdn.example.com/covers/084.jpg
2024-02-08,49,Hollow Names,Milo & The Tides,75.0,205579,Single,1,True,https://cdn.example.com/covers/049.jpg
2024-02-08,50,Ashen Engines,Nova Reyes feat. Omar Diallo,73.0,213798,Single,1,True,https://cdn.example.com/covers/001.jpg
2024-02-09,1,Electric Weather,Dust & Ember feat. Milo & The Tides,100.0,135617,Album,11,False,https://cdn.example.com/covers/025.jpg
2024-02-09,2,Neon Summers,Dust & Ember feat. Saint Avery,100.0,172623,Single,1,True,https://cdn.example.com/covers/079.jpg
2024-02-09,3,Hollow Promises,Velvet Static,100.0,137625,Single,1,True,https://cdn.example.com/covers/050.jpg
2024-02-09,4,Faded Crowns,Jaxon Frey,100.0,146551,Album,17,True,https://cdn.example.com/covers/029.jpg
2024-02-09,5,Ashen Rooms,Saint Avery feat. The Paper Kites Co.,100.0,221034,Album,20,True,https://cdn.example.com/covers/006.jpg
2024-02-09,6,Faded Promises,The Paper Kites Co.,100.0,216898,Album,11,False,https://cdn.example.com/covers/032.jpg
2024-02-09,7,Golden Engines,Saint Avery,100.0,237976,Album,18,True,https://cdn.example.com/covers/042.jpg
2024-02-09,8,Wildflower Names,The Lantern Club feat. Nova Reyes,100.0,178107,Album,11,True,https://cdn.example.com/covers/144.jpg
2024-02-09,9,Sugar Crowns,Lorna Sky,100.0,133986,Album,7,False,https://cdn.example.com/covers/118.jpg
2024-02-09,10,Ivory Letters,Saint Avery,99.0,230277,Single,1,False,https://cdn.example.com/covers/057.jpg
2024-02-09,11,Paper Cities,Velvet Static,99.0,195370,Album,16,False,https://cdn.example.com/covers/081.jpg
2024-02-09,12,Midnight Summers,The Lantern Club feat. Bea Whitlock,100.0,206872,Album,16,False,https://cdn.example.com/covers/073.jpg
2024-02-09,13,Wildflower Signals,Dust & Ember,,277579,Single,1,True,https://cdn.example.com/covers/146.jpg
2024-02-09,14,Hollow Vices,Bea Whitlock,96.0,173530,Album,17,False,https://cdn.example.com/covers/053.jpg
2024-02-09,15,Hollow Ghosts,Dust & Ember,91.0,181921,Album,10,True,https://cdn.example.com/covers/048.jpg
2024-02-09,16,Velvet Machines,Trey Nakamura,96.0,270666,Album,16,False,https://cdn.example.com/covers/135.jpg
2024-02-09,17,Velvet Hours,Lorna Sky feat. Ruben Castellanos,90.0,221443,Album,11,True,https://cdn.example.com/covers/134.jpg
2024-02-09,18,Hollow Engines,Jaxon Frey,97.0,255285,Single,1,False,https://cdn.example.com/covers/047.jpg
2024-02-09,19,Restless Signals,Milo & The Tides,100.0,220260,Album,10,False,https://cdn.example.com/covers/100.jpg
2024-02-09,20,Ivory Summers,Saint Avery,94.0,277100,Album,17,True,https://cdn.example.com/covers/058.jpg
2024-02-09,21,Faded Rivers,Saint Avery,94.0,216418,Album,15,False,https://cdn.example.com/covers/033.jpg
2024-02-09,22,Lonely Rivers,Milo & The Tides,91.0,210046,Single,1,True,https://cdn.example.com/covers/064.jpg
2024-02-09,23,Silver Letters,Kira Lindqvist,88.0,135608,Single,1,False,https://cdn.example.com/covers/105.jpg
2024-02-09,24,Restless Vices,Omar Diallo,89.0,207503,Single,1,False,https://cdn.example.com/covers/101.jpg
2024-02-09,25,Velvet Vices,Velvet Static,,259460,Single,1,True,https://cdn.example.com/covers/138.jpg
2024-02-09,26,Faded Vices,Deja Monroe,86.0,106449,Album,15,False,https://cdn.example.com/covers/037.jpg
2024-02-09,27,Golden Rooms,Nova Reyes,86.0,174403,Album,20,True,https://cdn.example.com/covers/045.jpg
2024-02-09,28,Lonely Bones,The Paper Kites Co.,90.0,237046,Single,1,False,https://cdn.example.com/covers/060.jpg
2024-02-09,29,Bitter Machines,Dust & Ember,84.0,218931,Single,1,False,https://cdn.example.com/covers/011.jpg
2024-02-09,30,Velvet Weather,Dust & Ember,84.0,271354,Album,9,False,https://cdn.example.com/covers/139.jpg
2024-02-09,31,Bitter Daylight,Lorna Sky,88.0,223885,Album,16,True,https://cdn.example.com/covers/008.jpg
2024-02-09,32,Electric Wires,Trey Nakamura feat. Deja Monroe,80.0,227637,Album,16,False,https://cdn.example.com/covers/026.jpg
2024-02-09,33,Midnight Crowns,Jaxon Frey,88.0,210662,Album,13,True,https://cdn.example.com/covers/067.jpg
2024-02-09,34,Faded Summers,The Paper Kites Co.,80.0,238446,Single,1,False,https://cdn.example.com/covers/036.jpg
2024-02-09,35,Quiet Promises,Deja Monroe,86.0,172131,Album,16,False,https://cdn.example.com/covers/091.jpg
2024-02-09,36,Bitter Engines,Ruben Castellanos,78.0,183774,Album,18,False,https://cdn.example.com/covers/009.jpg
2024-02-09,37,Sunlit Machines,Saint Avery feat. Deja Monroe,79.0,223896,Single,1,False,https://cdn.example.com/covers/127.jpg
2024-02-09,38,Hollow Names,Milo & The Tides,82.0,205579,Single,1,True,https://cdn.example.com/covers/049.jpg
2024-02-09,39,Bitter Signals,Jaxon Frey,82.0,168881,Single,1,False,https://cdn.example.com/covers/014.jpg
2024-02-09,40,Neon Rooms,Bea Whitlock,78.0,178843,Album,18,True,https://cdn.example.com/covers/078.jpg
2024-02-09,41,Static Wires,The Paper Kites Co. feat. Ruben Castellanos,76.0,171130,Single,1,False,https://cdn.example.com/covers/115.jpg
2024-02-09,42,Paper Highways,Ruben Castellanos feat. Priya Anand,75.0,160395,Single,1,False,https://cdn.example.com/covers/084.jpg
2024-02-09,43,Ashen Bones,Milo & The Tides feat. Omar Diallo,81.0,143025,Single,1,False,https://cdn.example.com/covers/000.jpg
2024-02-09,44,Neon Wires,Deja Monroe feat. Milo & The Tides,78.0,189317,Album,20,False,https://cdn.example.com/covers/080.jpg
2024-02-09,45,Wildflower Vices,Dust & Ember feat. Deja Monroe,76.0,193125,Single,1,True,https://cdn.example.com/covers/148.jpg
2024-02-09,46,Ashen Engines,Nova Reyes feat. Omar Diallo,78.0,213798,Single,1,True,https://cdn.example.com/covers/001.jpg
2024-02-09,47,Restless Ghosts,Milo & The Tides,75.0,132699,Single,1,True,https://cdn.example.com/covers/097.jpg
2024-02-09,48,Sugar Names,Trey Nakamura,72.0,242733,Album,15,True,https://cdn.example.com/covers/121.jpg
2024-02-09,49,Sunlit Highways,Kira Lindqvist,74.0,259501,Album,7,True,https://cdn.example.com/covers/125.jpg
2024-02-09,50,Paper Rivers,Lorna Sky,72.0,245886,Album,12,False,https://cdn.example.com/covers/086.jpg
2024-02-10,1,Electric Weather,Dust & Ember feat. Milo & The Tides,100.0,135617,Album,11,False,https://cdn.example.com/covers/025.jpg
2024-02-10,2,Golden Engines,Saint Avery,100.0,237976,Album,18,True,https://cdn.example.com/covers/042.jpg
2024-02-10,3,Faded Crowns,Jaxon Frey,100.0,146551,Album,17,True,https://cdn.example.com/covers/029.jpg
2024-02-10,4,Hollow Promises,Velvet Static,100.0,137625,Single,1,True,https://cdn.example.com/covers/050.jpg
2024-02-10,5,Faded Promises,The Paper Kites Co.,100.0,216898,Album,11,False,https://cdn.example.com/covers/032.jpg
2024-02-10,6,Neon Summers,Dust & Ember feat. Saint Avery,100.0,172623,Single,1,True,https://cdn.example.com/covers/079.jpg
2024-02-10,7,Wildflower Names,The Lantern Club feat. Nova Reyes,100.0,178107,Album,11,True,https://cdn.example.com/covers/144.jpg
2024-02-10,8,Ashen Rooms,Saint Avery feat. The Paper Kites Co.,99.0,221034,Album,20,True,https://cdn.example.com/covers/006.jpg
2024-02-10,9,Paper Cities,Velvet Static,99.0,195370,Album,16,False,https://cdn.example.com/covers/081.jpg
2024-02-10,10,Ivory Letters,Saint Avery,100.0,230277,Single,1,False,https://cdn.example.com/covers/057.jpg
2024-02-10,11,Sugar Crowns,Lorna Sky,99.0,133986,Album,7,False,https://cdn.example.com/covers/118.jpg
2024-02-10,12,Midnight Summers,The Lantern Club feat. Bea Whitlock,100.0,206872,Album,16,False,https://cdn.example.com/covers/073.jpg
2024-02-10,13,Velvet Hours,Lorna Sky feat. Ruben Castellanos,97.0,221443,Album,11,True,https://cdn.example.com/covers/134.jpg
2024-02-10,14,Hollow Vices,Bea Whitlock,100.0,173530,Album,17,False,https://cdn.example.com/covers/053.jpg
2024-02-10,15,Wildflower Signals,Dust & Ember,100.0,277579,Single,1,True,https://cdn.example.com/covers/146.jpg
2024-02-10,16,Velvet Machines,Trey Nakamura,97.0,270666,Album,16,False,https://cdn.example.com/covers/135.jpg
2024-02-10,17,Hollow Ghosts,Dust & Ember,95.0,181921,Album,10,True,https://cdn.example.com/covers/048.jpg
2024-02-10,18,Restless Signals,Milo & The Tides,96.0,220260,Album,10,False,https://cdn.example.com/covers/100.jpg
2024-02-10,19,Electric Wires,Trey Nakamura feat. Deja Monroe,97.0,227637,Album,16,False,https://cdn.example.com/covers/026.jpg
2024-02-10,20,Hollow Engines,Jaxon Frey,96.0,255285,Single,1,False,https://cdn.example.com/covers/047.jpg
2024-02-10,21,Ivory Summers,Saint Avery,91.0,277100,Album,17,True,https://cdn.example.com/covers/058.jpg
2024-02-10,22,Quiet Promises,Deja Monroe,91.0,172131,Album,16,False,https://cdn.example.com/covers/091.jpg
2024-02-10,23,Golden Rooms,Nova Reyes,93.0,174403,Album,20,True,https://cdn.example.com/covers/045.jpg
2024-02-10,24,Lonely Rivers,Milo & The Tides,86.0,210046,Single,1,True,https://cdn.example.com/covers/064.jpg
2024-02-10,25,Faded Rivers,Saint Avery,85.0,216418,Album,15,False,https://cdn.example.com/covers/033.jpg
2024-02-10,26,Silver Letters,Kira Lindqvist,96.0,135608,Single,1,False,https://cdn.example.com/covers/105.jpg
2024-02-10,27,Faded Vices,Deja Monroe,88.0,106449,Album,15,False,https://cdn.example.com/covers/037.jpg
2024-02-10,28,Bitter Machines,Dust & Ember,91.0,218931,Single,1,False,https://cdn.example.com/covers/011.jpg
2024-02-10,29,Lonely Bones,The Paper Kites Co.,84.0,237046,Single,1,False,https://cdn.example.com/covers/060.jpg
2024-02-10,30,Bitter Daylight,Lorna Sky,87.0,223885,Album,16,True,https://cdn.example.com/covers/008.jpg
2024-02-10,31,Restless Vices,Omar Diallo,85.0,207503,Single,1,False,https://cdn.example.com/covers/101.jpg
2024-02-10,32,Faded Summers,The Paper Kites Co.,87.0,238446,Single,1,False,https://cdn.example.com/covers/036.jpg
2024-02-10,33,Midnight Crowns,Jaxon Frey,83.0,210662,Album,13,True,https://cdn.example.com/covers/067.jpg
2024-02-10,34,Bitter Engines,Ruben Castellanos,78.0,183774,Album,18,False,https://cdn.example.com/covers/009.jpg
2024-02-10,35,Bitter Signals,Jaxon Frey,82.0,168881,Single,1,False,https://cdn.example.com/covers/014.jpg
2024-02-10,36,Sugar Cities,Velvet Static,80.0,262484,Single,1,False,https://cdn.example.com/covers/117.jpg
2024-02-10,37,Sunlit Highways,Kira Lindqvist,86.0,259501,Album,7,True,https://cdn.example.com/covers/125.jpg
2024-02-10,38,Ashen Bones,Milo & The Tides feat. Omar Diallo,79.0,143025,Single,1,False,https://cdn.example.com/covers/000.jpg
2024-02-10,39,Neon Rooms,Bea Whitlock,76.0,178843,Album,18,True,https://cdn.example.com/covers/078.jpg
2024-02-10,40,Neon Wires,Deja Monroe feat. Milo & The Tides,80.0,189317,Album,20,False,https://cdn.example.com/covers/080.jpg
2024-02-10,41,Hollow Names,Milo & The Tides,81.0,205579,Single,1,True,https://cdn.example.com/covers/049.jpg
2024-02-10,42,Velvet Weather,Dust & Ember,79.0,271354,Album,9,False,https://cdn.example.com/covers/139.jpg
2024-02-10,43,Restless Ghosts,Milo & The Tides,76.0,132699,Single,1,True,https://cdn.example.com/covers/097.jpg
2024-02-10,44,Velvet Vices,Velvet Static,82.0,259460,Single,1,True,https://cdn.example.com/covers/138.jpg
2024-02-10,45,Static Wires,The Paper Kites Co. feat. Ruben Castellanos,76.0,171130,Single,1,False,https://cdn.example.com/covers/115.jpg
2024-02-10,46,Paper Highways,Ruben Castellanos feat. Priya Anand,76.0,160395,Single,1,False,https://cdn.example.com/covers/084.jpg
2024-02-10,47,Silver Bones,Saint Avery feat. Trey Nakamura,74.0,242348,Single,1,True,https://cdn.example.com/covers/102.jpg
2024-02-10,48,Paper Rivers,Lorna Sky,,245886,Album,12,False,https://cdn.example.com/covers/086.jpg
2024-02-10,49,Sugar Names,Trey Nakamura,69.0,242733,Album,15,True,https://cdn.example.com/covers/121.jpg
2024-02-10,50,Wildflower Vices,Dust & Ember feat. Deja Monroe,75.0,193125,Single,1,True,https://cdn.example.com/covers/148.jpg
2024-02-11,1,Faded Crowns,Jaxon Frey,100.0,146551,Album,17,True,https://cdn.example.com/covers/029.jpg
2024-02-11,2,Golden Engines,Saint Avery,100.0,237976,Album,18,True,https://cdn.example.com/covers/042.jpg
2024-02-11,3,Electric Weather,Dust & Ember feat. Milo & The Tides,100.0,135617,Album,11,False,https://cdn.example.com/covers/025.jpg
2024-02-11,4,Wildflower Names,The Lantern Club feat. Nova Reyes,100.0,178107,Album,11,True,https://cdn.example.com/covers/144.jpg
2024-02-11,5,Neon Summers,Dust & Ember feat. Saint Avery,100.0,172623,Single,1,True,https://cdn.example.com/covers/079.jpg
2024-02-11,6,Hollow Promises,Velvet Static,100.0,137625,Single,1,True,https://cdn.example.com/covers/050.jpg
2024-02-11,7,Ashen Rooms,Saint Avery feat. The Paper Kites Co.,100.0,221034,Album,20,True,https://cdn.example.com/covers/006.jpg
2024-02-11,8,Faded Promises,The Paper Kites Co.,100.0,216898,Album,11,False,https://cdn.example.com/covers/032.jpg
2024-02-11,9,Ivory Letters,Saint Avery,98.0,230277,Single,1,False,https://cdn.example.com/covers/057.jpg
2024-02-11,10,Midnight Summers,The Lantern Club feat. Bea Whitlock,95.0,206872,Album,16,False,https://cdn.example.com/covers/073.jpg
2024-02-11,11,Lonely Rivers,Milo & The Tides,100.0,210046,Single,1,True,https://cdn.example.com/covers/064.jpg
2024-02-11,12,Paper Cities,Velvet Static,100.0,195370,Album,16,False,https://cdn.example.com/covers/081.jpg
2024-02-11,13,Sugar Crowns,Lorna Sky,98.0,133986,Album,7,False,https://cdn.example.com/covers/118.jpg
2024-02-11,14,Velvet Machines,Trey Nakamura,97.0,270666,Album,16,False,https://cdn.example.com/covers/135.jpg
2024-02-11,15,Velvet Hours,Lorna Sky feat. Ruben Castellanos,94.0,221443,Album,11,True,https://cdn.example.com/covers/134.jpg
2024-02-11,16,Hollow Ghosts,Dust & Ember,97.0,181921,Album,10,True,https://cdn.example.com/covers/048.jpg
2024-02-11,17,Ivory Summers,Saint Avery,95.0,277100,Album,17,True,https://cdn.example.com/covers/058.jpg
2024-02-11,18,Golden Rooms,Nova Reyes,90.0,174403,Album,20,True,https://cdn.example.com/covers/045.jpg
2024-02-11,19,Hollow Vices,Bea Whitlock,88.0,173530,Album,17,False,https://cdn.example.com/covers/053.jpg
2024-02-11,20,Hollow Engines,Jaxon Frey,88.0,255285,Single,1,False,https://cdn.example.com/covers/047.jpg
2024-02-11,21,Wildflower Signals,Dust & Ember,90.0,277579,Single,1,True,https://cdn.example.com/covers/146.jpg
2024-02-11,22,Restless Vices,Omar Diallo,85.0,207503,Single,1,False,https://cdn.example.com/covers/101.jpg
2024-02-11,23,Faded Rivers,Saint Avery,89.0,216418,Album,15,False,https://cdn.example.com/covers/033.jpg
2024-02-11,24,Restless Signals,Milo & The Tides,91.0,220260,Album,10,False,https://cdn.example.com/covers/100.jpg
2024-02-11,25,Bitter Machines,Dust & Ember,84.0,218931,Single,1,False,https://cdn.example.com/covers/011.jpg
2024-02-11,26,Faded Vices,Deja Monroe,90.0,106449,Album,15,False,https://cdn.example.com/covers/037.jpg
2024-02-11,27,Bitter Daylight,Lorna Sky,85.0,223885,Album,16,True,https://cdn.example.com/covers/008.jpg
2024-02-11,28,Silver Letters,Kira Lindqvist,91.0,135608,Single,1,False,https://cdn.example.com/covers/105.jpg
2024-02-11,29,Midnight Crowns,Jaxon Frey,83.0,210662,Album,13,True,https://cdn.example.com/covers/067.jpg
2024-02-11,30,Bitter Signals,Jaxon Frey,87.0,168881,Single,1,False,https://cdn.example.com/covers/014.jpg
2024-02-11,31,Faded Summers,The Paper Kites Co.,85.0,238446,Single,1,False,https://cdn.example.com/covers/036.jpg
2024-02-11,32,Lonely Bones,The Paper Kites Co.,83.0,237046,Single,1,False,https://cdn.example.com/covers/060.jpg
2024-02-11,33,Electric Wires,Trey Nakamura feat. Deja Monroe,89.0,227637,Album,16,False,https://cdn.example.com/covers/026.jpg
2024-02-11,34,Quiet Promises,Deja Monroe,80.0,172131,Album,16,False,https://cdn.example.com/covers/091.jpg
2024-02-11,35,Velvet Vices,Velvet Static,81.0,259460,Single,1,True,https://cdn.example.com/covers/138.jpg
2024-02-11,36,Sugar Cities,Velvet Static,77.0,262484,Single,1,False,https://cdn.example.com/covers/117.jpg
2024-02-11,37,Neon Wires,Deja Monroe feat. Milo & The Tides,81.0,189317,Album,20,False,https://cdn.example.com/covers/080.jpg
2024-02-11,38,Neon Rooms,Bea Whitlock,79.0,178843,Album,18,True,https://cdn.example.com/covers/078.jpg
2024-02-11,39,Hollow Names,Milo & The Tides,79.0,205579,Single,1,True,https://cdn.example.com/covers/049.jpg
2024-02-11,40,Sunlit Highways,Kira Lindqvist,79.0,259501,Album,7,True,https://cdn.example.com/covers/125.jpg
2024-02-11,41,Static Wires,The Paper Kites Co. feat. Ruben Castellanos,79.0,171130,Single,1,False,https://cdn.example.com/covers/115.jpg
2024-02-11,42,Bitter Engines,Ruben Castellanos,76.0,183774,Album,18,False,https://cdn.example.com/covers/009.jpg
2024-02-11,43,Velvet Weather,Dust & Ember,81.0,271354,Album,9,False,https://cdn.example.com/covers/139.jpg
2024-02-11,44,Ashen Bones,Milo & The Tides feat. Omar Diallo,80.0,143025,Single,1,False,https://cdn.example.com/covers/000.jpg
2024-02-11,45,Paper Highways,Ruben Castellanos feat. Priya Anand,79.0,160395,Single,1,False,https://cdn.example.com/covers/084.jpg
2024-02-11,46,Paper Rivers,Lorna Sky,,245886,Album,12,False,https://cdn.example.com/covers/086.jpg
2024-02-11,47,Wildflower Vices,Dust & Ember feat. Deja Monroe,68.0,193125,Single,1,True,https://cdn.example.com/covers/148.jpg
2024-02-11,48,Silver Bones,Saint Avery feat. Trey Nakamura,71.0,242348,Single,1,True,https://cdn.example.com/covers/102.jpg
2024-02-11,49,Restless Ghosts,Milo & The Tides,71.0,132699,Single,1,True,https://cdn.example.com/covers/097.jpg
2024-02-11,50,Sugar Names,Trey Nakamura,68.0,242733,Album,15,True,https://cdn.example.com/covers/121.jpg
2024-02-12,1,Faded Crowns,Jaxon Frey,100.0,146551,Album,17,True,https://cdn.example.com/covers/029.jpg
2024-02-12,2,Electric Weather,Dust & Ember feat. Milo & The Tides,100.0,135617,Album,11,False,https://cdn.example.com/covers/025.jpg
2024-02-12,3,Neon Summers,Dust & Ember feat. Saint Avery,100.0,172623,Single,1,True,https://cdn.example.com/covers/079.jpg
2024-02-12,4,Ivory Letters,Saint Avery,100.0,230277,Single,1,False,https://cdn.example.com/covers/057.jpg
2024-02-12,5,Ashen Rooms,Saint Avery feat. The Paper Kites Co.,100.0,221034,Album,20,True,https://cdn.example.com/covers/006.jpg
2024-02-12,6,Faded Promises,The Paper Kites Co.,99.0,216898,Album,11,False,https://cdn.example.com/covers/032.jpg
2024-02-12,7,Golden Engines,Saint Avery,97.0,237976,Album,18,True,https://cdn.example.com/covers/042.jpg
2024-02-12,8,Sugar Crowns,Lorna Sky,100.0,133986,Album,7,False,https://cdn.example.com/covers/118.jpg
2024-02-12,9,Hollow Promises,Velvet Static,100.0,137625,Single,1,True,https://cdn.example.com/covers/050.jpg
2024-02-12,10,Midnight Summers,The Lantern Club feat. Bea Whitlock,98.0,206872,Album,16,False,https://cdn.example.com/covers/073.jpg
2024-02-12,11,Lonely Rivers,Milo & The Tides,100.0,210046,Single,1,True,https://cdn.example.com/covers/064.jpg
2024-02-12,12,Wildflower Names,The Lantern Club feat. Nova Reyes,100.0,178107,Album,11,True,https://cdn.example.com/covers/144.jpg
2024-02-12,13,Wildflower Signals,Dust & Ember,100.0,277579,Single,1,True,https://cdn.example.com/covers/146.jpg
2024-02-12,14,Hollow Vices,Bea Whitlock,100.0,173530,Album,17,False,https://cdn.example.com/covers/053.jpg
2024-02-12,15,Hollow Ghosts,Dust & Ember,98.0,181921,Album,10,True,https://cdn.example.com/covers/048.jpg
2024-02-12,16,Hollow Engines,Jaxon Frey,100.0,255285,Single,1,False,https://cdn.example.com/covers/047.jpg
2024-02-12,17,Velvet Hours,Lorna Sky feat. Ruben Castellanos,97.0,221443,Album,11,True,https://cdn.example.com/covers/134.jpg
2024-02-12,18,Paper Cities,Velvet Static,94.0,195370,Album,16,False,https://cdn.example.com/covers/081.jpg
2024-02-12,19,Velvet Machines,Trey Nakamura,100.0,270666,Album,16,False,https://cdn.example.com/covers/135.jpg
2024-02-12,20,Restless Signals,Milo & The Tides,100.0,220260,Album,10,False,https://cdn.example.com/covers/100.jpg
2024-02-12,21,Restless Vices,Omar Diallo,91.0,207503,Single,1,False,https://cdn.example.com/covers/101.jpg
2024-02-12,22,Golden Rooms,Nova Reyes,94.0,174403,Album,20,True,https://cdn.example.com/covers/045.jpg
2024-02-12,23,Ivory Summers,Saint Avery,89.0,277100,Album,17,True,https://cdn.example.com/covers/058.jpg
2024-02-12,24,Faded Vices,Deja Monroe,88.0,106449,Album,15,False,https://cdn.example.com/covers/037.jpg
2024-02-12,25,Bitter Daylight,Lorna Sky,88.0,223885,Album,16,True,https://cdn.example.com/covers/008.jpg
2024-02-12,26,Faded Summers,The Paper Kites Co.,92.0,238446,Single,1,False,https://cdn.example.com/covers/036.jpg
2024-02-12,27,Bitter Signals,Jaxon Frey,86.0,168881,Single,1,False,https://cdn.example.com/covers/014.jpg
2024-02-12,28,Lonely Bones,The Paper Kites Co.,86.0,237046,Single,1,False,https://cdn.example.com/covers/060.jpg
2024-02-12,29,Bitter Machines,Dust & Ember,79.0,218931,Single,1,False,https://cdn.example.com/covers/011.jpg
2024-02-12,30,Velvet Vices,Velvet Static,86.0,259460,Single,1,True,https://cdn.example.com/covers/138.jpg
2024-02-12,31,Faded Rivers,Saint Avery,88.0,216418,Album,15,False,https://cdn.example.com/covers/033.jpg
2024-02-12,32,Electric Wires,Trey Nakamura feat. Deja Monroe,82.0,227637,Album,16,False,https://cdn.example.com/covers/026.jpg
2024-02-12,33,Quiet Promises,Deja Monroe,86.0,172131,Album,16,False,https://cdn.example.com/covers/091.jpg
2024-02-12,34,Midnight Crowns,Jaxon Frey,79.0,210662,Album,13,True,https://cdn.example.com/covers/067.jpg
2024-02-12,35,Silver Letters,Kira Lindqvist,75.0,135608,Single,1,False,https://cdn.example.com/covers/105.jpg
2024-02-12,36,Ashen Bones,Milo & The Tides feat. Omar Diallo,83.0,143025,Single,1,False,https://cdn.example.com/covers/000.jpg
2024-02-12,37,Velvet Weather,Dust & Ember,82.0,271354,Album,9,False,https://cdn.example.com/covers/139.jpg
2024-02-12,38,Neon Rooms,Bea Whitlock,83.0,178843,Album,18,True,https://cdn.example.com/covers/078.jpg
2024-02-12,39,Sugar Cities,Velvet Static,77.0,262484,Single,1,False,https://cdn.example.com/covers/117.jpg
2024-02-12,40,Sugar Names,Trey Nakamura,80.0,242733,Album,15,True,https://cdn.example.com/covers/121.jpg
2024-02-12,41,Bitter Engines,Ruben Castellanos,77.0,183774,Album,18,False,https://cdn.example.com/covers/009.jpg
2024-02-12,42,Sunlit Highways,Kira Lindqvist,78.0,259501,Album,7,True,https://cdn.example.com/covers/125.jpg
2024-02-12,43,Sunlit Machines,Saint Avery feat. Deja Monroe,78.0,223896,Single,1,False,https://cdn.example.com/covers/127.jpg
2024-02-12,44,Static Wires,The Paper Kites Co. feat. Ruben Castellanos,72.0,171130,Single,1,False,https://cdn.example.com/covers/115.jpg
2024-02-12,45,Paper Rivers,Lorna Sky,76.0,245886,Album,12,False,https://cdn.example.com/covers/086.jpg
2024-02-12,46,Silver Bones,Saint Avery feat. Trey Nakamura,77.0,242348,Single,1,True,https://cdn.example.com/covers/102.jpg
2024-02-12,47,Hollow Names,Milo & The Tides,73.0,205579,Single,1,True,https://cdn.example.com/covers/049.jpg
2024-02-12,48,Paper Highways,Ruben Castellanos feat. Priya Anand,76.0,160395,Single,1,False,https://cdn.example.com/covers/084.jpg
2024-02-12,49,Neon Wires,Deja Monroe feat. Milo & The Tides,75.0,189317,Album,20,False,https://cdn.example.com/covers/080.jpg
2024-02-12,50,Sugar Bones,Halcyon Youth,70.0,203420,Album,17,True,https://cdn.example.com/covers/116.jpg
2024-02-13,1,Electric Weather,Dust & Ember feat. Milo & The Tides,100.0,135617,Album,11,False,https://cdn.example.com/covers/025.jpg
2024-02-13,2,Neon Summers,Dust & Ember feat. Saint Avery,100.0,172623,Single,1,True,https://cdn.example.com/covers/079.jpg
2024-02-13,3,Golden Engines,Saint Avery,100.0,237976,Album,18,True,https://cdn.example.com/covers/042.jpg
2024-02-13,4,Hollow Promises,Velvet Static,100.0,137625,Single,1,True,https://cdn.example.com/covers/050.jpg
2024-02-13,5,Midnight Summers,The Lantern Club feat. Bea Whitlock,100.0,206872,Album,16,False,https://cdn.example.com/covers/073.jpg
2024-02-13,6,Ashen Rooms,Saint Avery feat. The Paper Kites Co.,100.0,221034,Album,20,True,https://cdn.example.com/covers/006.jpg
2024-02-13,7,Faded Crowns,Jaxon Frey,100.0,146551,Album,17,True,https://cdn.example.com/covers/029.jpg
2024-02-13,8,Ivory Letters,Saint Avery,100.0,230277,Single,1,False,https://cdn.example.com/covers/057.jpg
2024-02-13,9,Wildflower Names,The Lantern Club feat. Nova Reyes,100.0,178107,Album,11,True,https://cdn.example.com/covers/144.jpg
2024-02-13,10,Faded Promises,The Paper Kites Co.,100.0,216898,Album,11,False,https://cdn.example.com/covers/032.jpg
2024-02-13,11,Sugar Crowns,Lorna Sky,97.0,133986,Album,7,False,https://cdn.example.com/covers/118.jpg
2024-02-13,12,Paper Cities,Velvet Static,99.0,195370,Album,16,False,https://cdn.example.com/covers/081.jpg
2024-02-13,13,Hollow Engines,Jaxon Frey,96.0,255285,Single,1,False,https://cdn.example.com/covers/047.jpg
2024-02-13,14,Lonely Rivers,Milo & The Tides,100.0,210046,Single,1,True,https://cdn.example.com/covers/064.jpg
2024-02-13,15,Golden Rooms,Nova Reyes,95.0,174403,Album,20,True,https://cdn.example.com/covers/045.jpg
2024-02-13,16,Wildflower Signals,Dust & Ember,94.0,277579,Single,1,True,https://cdn.example.com/covers/146.jpg
2024-02-13,17,Ivory Summers,Saint Avery,88.0,277100,Album,17,True,https://cdn.example.com/covers/058.jpg
2024-02-13,18,Hollow Ghosts,Dust & Ember,100.0,181921,Album,10,True,https://cdn.example.com/covers/048.jpg
2024-02-13,19,Velvet Machines,Trey Nakamura,96.0,270666,Album,16,False,https://cdn.example.com/covers/135.jpg
2024-02-13,20,Restless Signals,Milo & The Tides,93.0,220260,Album,10,False,https://cdn.example.com/covers/100.jpg
2024-02-13,21,Velvet Vices,Velvet Static,91.0,259460,Single,1,True,https://cdn.example.com/covers/138.jpg
2024-02-13,22,Faded Summers,The Paper Kites Co.,89.0,238446,Single,1,False,https://cdn.example.com/covers/036.jpg
2024-02-13,23,Velvet Hours,Lorna Sky feat. Ruben Castellanos,86.0,221443,Album,11,True,https://cdn.example.com/covers/134.jpg
2024-02-13,24,Hollow Vices,Bea Whitlock,89.0,173530,Album,17,False,https://cdn.example.com/covers/053.jpg
2024-02-13,25,Faded Rivers,Saint Avery,91.0,216418,Album,15,False,https://cdn.example.com/covers/033.jpg
2024-02-13,26,Bitter Daylight,Lorna Sky,88.0,223885,Album,16,True,https://cdn.example.com/covers/008.jpg
2024-02-13,27,Restless Vices,Omar Diallo,84.0,207503,Single,1,False,https://cdn.example.com/covers/101.jpg
2024-02-13,28,Silver Letters,Kira Lindqvist,91.0,135608,Single,1,False,https://cdn.example.com/covers/105.jpg
2024-02-13,29,Lonely Bones,The Paper Kites Co.,83.0,237046,Single,1,False,https://cdn.example.com/covers/060.jpg
2024-02-13,30,Faded Vices,Deja Monroe,84.0,106449,Album,15,False,https://cdn.example.com/covers/037.jpg
2024-02-13,31,Midnight Crowns,Jaxon Frey,84.0,210662,Album,13,True,https://cdn.example.com/covers/067.jpg
2024-02-13,32,Quiet Promises,Deja Monroe,82.0,172131,Album,16,False,https://cdn.example.com/covers/091.jpg
2024-02-13,33,Sunlit Highways,Kira Lindqvist,83.0,259501,Album,7,True,https://cdn.example.com/covers/125.jpg
2024-02-13,34,Bitter Machines,Dust & Ember,85.0,218931,Single,1,False,https://cdn.example.com/covers/011.jpg
2024-02-13,35,Paper Highways,Ruben Castellanos feat. Priya Anand,85.0,160395,Single,1,False,https://cdn.example.com/covers/084.jpg
2024-02-13,36,Neon Rooms,Bea Whitlock,85.0,178843,Album,18,True,https://cdn.example.com/covers/078.jpg
2024-02-13,37,Velvet Weather,Dust & Ember,84.0,271354,Album,9,False,https://cdn.example.com/covers/139.jpg
2024-02-13,38,Ashen Bones,Milo & The Tides feat. Omar Diallo,79.0,143025,Single,1,False,https://cdn.example.com/covers/000.jpg
2024-02-13,39,Restless Ghosts,Milo & The Tides,83.0,132699,Single,1,True,https://cdn.example.com/covers/097.jpg
2024-02-13,40,Electric Wires,Trey Nakamura feat. Deja Monroe,76.0,227637,Album,16,False,https://cdn.example.com/covers/026.jpg
2024-02-13,41,Bitter Signals,Jaxon Frey,81.0,168881,Single,1,False,https://cdn.example.com/covers/014.jpg
2024-02-13,42,Sugar Names,Trey Nakamura,78.0,242733,Album,15,True,https://cdn.example.com/covers/121.jpg
2024-02-13,43,Sugar Cities,Velvet Static,78.0,262484,Single,1,False,https://cdn.example.com/covers/117.jpg
2024-02-13,44,Static Wires,The Paper Kites Co. feat. Ruben Castellanos,79.0,171130,Single,1,False,https://cdn.example.com/covers/115.jpg
2024-02-13,45,Bitter Engines,Ruben Castellanos,73.0,183774,Album,18,False,https://cdn.example.com/covers/009.jpg
2024-02-13,46,Hollow Names,Milo & The Tides,73.0,205579,Single,1,True,https://cdn.example.com/covers/049.jpg
2024-02-13,47,Sugar Bones,Halcyon Youth,74.0,203420,Album,17,True,https://cdn.example.com/covers/116.jpg
2024-02-13,48,Silver Bones,Saint Avery feat. Trey Nakamura,78.0,242348,Single,1,True,https://cdn.example.com/covers/102.jpg
2024-02-13,49,Paper Rivers,Lorna Sky,68.0,245886,Album,12,False,https://cdn.example.com/covers/086.jpg
2024-02-13,50,Wildflower Vices,Dust & Ember feat. Deja Monroe,67.0,193125,Single,1,True,https://cdn.example.com/covers/148.jpg
2024-02-14,1,Faded Crowns,Jaxon Frey,100.0,146551,Album,17,True,https://cdn.example.com/covers/029.jpg
2024-02-14,2,Ivory Letters,Saint Avery,100.0,230277,Single,1,False,https://cdn.example.com/covers/057.jpg
2024-02-14,3,Neon Summers,Dust & Ember feat. Saint Avery,100.0,172623,Single,1,True,https://cdn.example.com/covers/079.jpg
2024-02-14,4,Electric Weather,Dust & Ember feat. Milo & The Tides,98.0,135617,Album,11,False,https://cdn.example.com/covers/025.jpg
2024-02-14,5,Golden Engines,Saint Avery,100.0,237976,Album,18,True,https://cdn.example.com/covers/042.jpg
2024-02-14,6,Hollow Promises,Velvet Static,100.0,137625,Single,1,True,https://cdn.example.com/covers/050.jpg
2024-02-14,7,Wildflower Names,The Lantern Club feat. Nova Reyes,100.0,178107,Album,11,True,https://cdn.example.com/covers/144.jpg
2024-02-14,8,Lonely Rivers,Milo & The Tides,100.0,210046,Single,1,True,https://cdn.example.com/covers/064.jpg
2024-02-14,9,Ashen Rooms,Saint Avery feat. The Paper Kites Co.,100.0,221034,Album,20,True,https://cdn.example.com/covers/006.jpg
2024-02-14,10,Sugar Crowns,Lorna Sky,95.0,133986,Album,7,False,https://cdn.example.com/covers/118.jpg
2024-02-14,11,Paper Cities,Velvet Static,100.0,195370,Album,16,False,https://cdn.example.com/covers/081.jpg
2024-02-14,12,Ivory Summers,Saint Avery,97.0,277100,Album,17,True,https://cdn.example.com/covers/058.jpg
2024-02-14,13,Faded Promises,The Paper Kites Co.,99.0,216898,Album,11,False,https://cdn.example.com/covers/032.jpg
2024-02-14,14,Hollow Engines,Jaxon Frey,97.0,255285,Single,1,False,https://cdn.example.com/covers/047.jpg
2024-02-14,15,Golden Rooms,Nova Reyes,94.0,174403,Album,20,True,https://cdn.example.com/covers/045.jpg
2024-02-14,16,Midnight Summers,The Lantern Club feat. Bea Whitlock,95.0,206872,Album,16,False,https://cdn.example.com/covers/073.jpg
2024-02-14,17,Hollow Vices,Bea Whitlock,94.0,173530,Album,17,False,https://cdn.example.com/covers/053.jpg
2024-02-14,18,Velvet Hours,Lorna Sky feat. Ruben Castellanos,95.0,221443,Album,11,True,https://cdn.example.com/covers/134.jpg
2024-02-14,19,Velvet Machines,Trey Nakamura,96.0,270666,Album,16,False,https://cdn.example.com/covers/135.jpg
2024-02-14,20,Restless Vices,Omar Diallo,90.0,207503,Single,1,False,https://cdn.example.com/covers/101.jpg
2024-02-14,21,Wildflower Signals,Dust & Ember,93.0,277579,Single,1,True,https://cdn.example.com/covers/146.jpg
2024-02-14,22,Hollow Ghosts,Dust & Ember,,181921,Album,10,True,https://cdn.example.com/covers/048.jpg
2024-02-14,23,Faded Rivers,Saint Avery,94.0,216418,Album,15,False,https://cdn.example.com/covers/033.jpg
2024-02-14,24,Faded Summers,The Paper Kites Co.,89.0,238446,Single,1,False,https://cdn.example.com/covers/036.jpg
2024-02-14,25,Restless Signals,Milo & The Tides,88.0,220260,Album,10,False,https://cdn.example.com/covers/100.jpg
2024-02-14,26,Silver Letters,Kira Lindqvist,87.0,135608,Single,1,False,https://cdn.example.com/covers/105.jpg
2024-02-14,27,Electric Wires,Trey Nakamura feat. Deja Monroe,85.0,227637,Album,16,False,https://cdn.example.com/covers/026.jpg
2024-02-14,28,Sugar Names,Trey Nakamura,85.0,242733,Album,15,True,https://cdn.example.com/covers/121.jpg
2024-02-14,29,Quiet Promises,Deja Monroe,83.0,172131,Album,16,False,https://cdn.example.com/covers/091.jpg
2024-02-14,30,Lonely Bones,The Paper Kites Co.,80.0,237046,Single,1,False,https://cdn.example.com/covers/060.jpg
2024-02-14,31,Bitter Daylight,Lorna Sky,,223885,Album,16,True,https://cdn.example.com/covers/008.jpg
2024-02-14,32,Velvet Vices,Velvet Static,87.0,259460,Single,1,True,https://cdn.example.com/covers/138.jpg
2024-02-14,33,Midnight Crowns,Jaxon Frey,87.0,210662,Album,13,True,https://cdn.example.com/covers/067.jpg
2024-02-14,34,Sunlit Highways,Kira Lindqvist,84.0,259501,Album,7,True,https://cdn.example.com/covers/125.jpg
2024-02-14,35,Faded Vices,Deja Monroe,84.0,106449,Album,15,False,https://cdn.example.com/covers/037.jpg
2024-02-14,36,Neon Rooms,Bea Whitlock,77.0,178843,Album,18,True,https://cdn.example.com/covers/078.jpg
2024-02-14,37,Velvet Weather,Dust & Ember,84.0,271354,Album,9,False,https://cdn.example.com/covers/139.jpg
2024-02-14,38,Bitter Machines,Dust & Ember,79.0,218931,Single,1,False,https://cdn.example.com/covers/011.jpg
2024-02-14,39,Bitter Signals,Jaxon Frey,78.0,168881,Single,1,False,https://cdn.example.com/covers/014.jpg
2024-02-14,40,Paper Rivers,Lorna Sky,78.0,245886,Album,12,False,https://cdn.example.com/covers/086.jpg
2024-02-14,41,Sugar Bones,Halcyon Youth,77.0,203420,Album,17,True,https://cdn.example.com/covers/116.jpg
2024-02-14,42,Ashen Bones,Milo & The Tides feat. Omar Diallo,75.0,143025,Single,1,False,https://cdn.example.com/covers/000.jpg
2024-02-14,43,Hollow Names,Milo & The Tides,81.0,205579,Single,1,True,https://cdn.example.com/covers/049.jpg
2024-02-14,44,Sugar Cities,Velvet Static,77.0,262484,Single,1,False,https://cdn.example.com/covers/117.jpg
2024-02-14,45,Sunlit Machines,Saint Avery feat. Deja Monroe,75.0,223896,Single,1,False,https://cdn.example.com/covers/127.jpg
2024-02-14,46,Neon Wires,Deja Monroe feat. Milo & The Tides,74.0,189317,Album,20,False,https://cdn.example.com/covers/080.jpg
2024-02-14,47,Restless Ghosts,Milo & The Tides,72.0,132699,Single,1,True,https://cdn.example.com/covers/097.jpg
2024-02-14,48,Bitter Engines,Ruben Castellanos,79.0,183774,Album,18,False,https://cdn.example.com/covers/009.jpg
2024-02-14,49,Paper Highways,Ruben Castellanos feat. Priya Anand,71.0,160395,Single,1,False,https://cdn.example.com/covers/084.jpg
2024-02-14,50,Wildflower Vices,Dust & Ember feat. Deja Monroe,68.0,193125,Single,1,True,https://cdn.example.com/covers/148.jpg
2024-02-15,1,Electric Weather,Dust & Ember feat. Milo & The Tides,100.0,135617,Album,11,False,https://cdn.example.com/covers/025.jpg
2024-02-15,2,Faded Crowns,Jaxon Frey,100.0,146551,Album,17,True,https://cdn.example.com/covers/029.jpg
2024-02-15,3,Neon Summers,Dust & Ember feat. Saint Avery,100.0,172623,Single,1,True,https://cdn.example.com/covers/079.jpg
2024-02-15,4,Golden Engines,Saint Avery,100.0,237976,Album,18,True,https://cdn.example.com/covers/042.jpg
2024-02-15,5,Lonely Rivers,Milo & The Tides,100.0,210046,Single,1,True,https://cdn.example.com/covers/064.jpg
2024-02-15,6,Sugar Crowns,Lorna Sky,100.0,133986,Album,7,False,https://cdn.example.com/covers/118.jpg
2024-02-15,7,Hollow Promises,Velvet Static,97.0,137625,Single,1,True,https://cdn.example.com/covers/050.jpg
2024-02-15,8,Golden Rooms,Nova Reyes,100.0,174403,Album,20,True,https://cdn.example.com/covers/045.jpg
2024-02-15,9,Faded Promises,The Paper Kites Co.,100.0,216898,Album,11,False,https://cdn.example.com/covers/032.jpg
2024-02-15,10,Wildflower Names,The Lantern Club feat. Nova Reyes,97.0,178107,Album,11,True,https://cdn.example.com/covers/144.jpg
2024-02-15,11,Ashen Rooms,Saint Avery feat. The Paper Kites Co.,100.0,221034,Album,20,True,https://cdn.example.com/covers/006.jpg
2024-02-15,12,Ivory Letters,Saint Avery,98.0,230277,Single,1,False,https://cdn.example.com/covers/057.jpg
2024-02-15,13,Hollow Vices,Bea Whitlock,98.0,173530,Album,17,False,https://cdn.example.com/covers/053.jpg
2024-02-15,14,Midnight Summers,The Lantern Club feat. Bea Whitlock,89.0,206872,Album,16,False,https://cdn.example.com/covers/073.jpg
2024-02-15,15,Hollow Ghosts,Dust & Ember,99.0,181921,Album,10,True,https://cdn.example.com/covers/048.jpg
2024-02-15,16,Paper Cities,Velvet Static,91.0,195370,Album,16,False,https://cdn.example.com/covers/081.jpg
2024-02-15,17,Velvet Machines,Trey Nakamura,90.0,270666,Album,16,False,https://cdn.example.com/covers/135.jpg
2024-02-15,18,Wildflower Signals,Dust & Ember,98.0,277579,Single,1,True,https://cdn.example.com/covers/146.jpg
2024-02-15,19,Ivory Summers,Saint Avery,89.0,277100,Album,17,True,https://cdn.example.com/covers/058.jpg
2024-02-15,20,Hollow Engines,Jaxon Frey,91.0,255285,Single,1,False,https://cdn.example.com/covers/047.jpg
2024-02-15,21,Restless Signals,Milo & The Tides,93.0,220260,Album,10,False,https://cdn.example.com/covers/100.jpg
2024-02-15,22,Restless Vices,Omar Diallo,86.0,207503,Single,1,False,https://cdn.example.com/covers/101.jpg
2024-02-15,23,Velvet Hours,Lorna Sky feat. Ruben Castellanos,89.0,221443,Album,11,True,https://cdn.example.com/covers/134.jpg
2024-02-15,24,Faded Summers,The Paper Kites Co.,86.0,238446,Single,1,False,https://cdn.example.com/covers/036.jpg
2024-02-15,25,Velvet Vices,Velvet Static,89.0,259460,Single,1,True,https://cdn.example.com/covers/138.jpg
2024-02-15,26,Silver Letters,Kira Lindqvist,89.0,135608,Single,1,False,https://cdn.example.com/covers/105.jpg
2024-02-15,27,Bitter Daylight,Lorna Sky,79.0,223885,Album,16,True,https://cdn.example.com/covers/008.jpg
2024-02-15,28,Bitter Machines,Dust & Ember,91.0,218931,Single,1,False,https://cdn.example.com/covers/011.jpg
2024-02-15,29,Quiet Promises,Deja Monroe,88.0,172131,Album,16,False,https://cdn.example.com/covers/091.jpg
2024-02-15,30,Bitter Signals,Jaxon Frey,80.0,168881,Single,1,False,https://cdn.example.com/covers/014.jpg
2024-02-15,31,Electric Wires,Trey Nakamura feat. Deja Monroe,85.0,227637,Album,16,False,https://cdn.example.com/covers/026.jpg
2024-02-15,32,Neon Rooms,Bea Whitlock,78.0,178843,Album,18,True,https://cdn.example.com/covers/078.jpg
2024-02-15,33,Midnight Crowns,Jaxon Frey,85.0,210662,Album,13,True,https://cdn.example.com/covers/067.jpg
2024-02-15,34,Velvet Weather,Dust & Ember,86.0,271354,Album,9,False,https://cdn.example.com/covers/139.jpg
2024-02-15,35,Faded Rivers,Saint Avery,82.0,216418,Album,15,False,https://cdn.example.com/covers/033.jpg
2024-02-15,36,Hollow Names,Milo & The Tides,83.0,205579,Single,1,True,https://cdn.example.com/covers/049.jpg
2024-02-15,37,Paper Highways,Ruben Castellanos feat. Priya Anand,78.0,160395,Single,1,False,https://cdn.example.com/covers/084.jpg
2024-02-15,38,Restless Ghosts,Milo & The Tides,84.0,132699,Single,1,True,https://cdn.example.com/covers/097.jpg
2024-02-15,39,Lonely Bones,The Paper Kites Co.,86.0,237046,Single,1,False,https://cdn.example.com/covers/060.jpg
2024-02-15,40,Faded Vices,Deja Monroe,80.0,106449,Album,15,False,https://cdn.example.com/covers/037.jpg
2024-02-15,41,Sugar Names,Trey Nakamura,74.0,242733,Album,15,True,https://cdn.example.com/covers/121.jpg
2024-02-15,42,Ashen Bones,Milo & The Tides feat. Omar Diallo,77.0,143025,Single,1,False,https://cdn.example.com/covers/000.jpg
2024-02-15,43,Static Wires,The Paper Kites Co. feat. Ruben Castellanos,73.0,171130,Single,1,False,https://cdn.example.com/covers/115.jpg
2024-02-15,44,Sunlit Highways,Kira Lindqvist,77.0,259501,Album,7,True,https://cdn.example.com/covers/125.jpg
2024-02-15,45,Bitter Engines,Ruben Castellanos,74.0,183774,Album,18,False,https://cdn.example.com/covers/009.jpg
2024-02-15,46,Paper Rivers,Lorna Sky,73.0,245886,Album,12,False,https://cdn.example.com/covers/086.jpg
2024-02-15,47,Sugar Bones,Halcyon Youth,70.0,203420,Album,17,True,https://cdn.example.com/covers/116.jpg
2024-02-15,48,Sugar Cities,Velvet Static,70.0,262484,Single,1,False,https://cdn.example.com/covers/117.jpg
2024-02-15,49,Crimson Ghosts,Velvet Static feat. Dust & Ember,75.0,207632,Single,1,False,https://cdn.example.com/covers/018.jpg
2024-02-15,50,Silver Bones,Saint Avery feat. Trey Nakamura,77.0,242348,Single,1,True,https://cdn.example.com/covers/102.jpg
2024-02-16,1,Electric Weather,Dust & Ember feat. Milo & The Tides,100.0,135617,Album,11,False,https://cdn.example.com/covers/025.jpg
2024-02-16,2,Neon Summers,Dust & Ember feat. Saint Avery,100.0,172623,Single,1,True,https://cdn.example.com/covers/079.jpg
2024-02-16,3,Lonely Rivers,Milo & The Tides,100.0,210046,Single,1,True,https://cdn.example.com/covers/064.jpg
2024-02-16,4,Faded Crowns,Jaxon Frey,100.0,146551,Album,17,True,https://cdn.example.com/covers/029.jpg
2024-02-16,5,Faded Promises,The Paper Kites Co.,97.0,216898,Album,11,False,https://cdn.example.com/covers/032.jpg
2024-02-16,6,Sugar Crowns,Lorna Sky,100.0,133986,Album,7,False,https://cdn.example.com/covers/118.jpg
2024-02-16,7,Wildflower Names,The Lantern Club feat. Nova Reyes,97.0,178107,Album,11,True,https://cdn.example.com/covers/144.jpg
2024-02-16,8,Golden Engines,Saint Avery,100.0,237976,Album,18,True,https://cdn.example.com/covers/042.jpg
2024-02-16,9,Ivory Letters,Saint Avery,100.0,230277,Single,1,False,https://cdn.example.com/covers/057.jpg
2024-02-16,10,Hollow Promises,Velvet Static,97.0,137625,Single,1,True,https://cdn.example.com/covers/050.jpg
2024-02-16,11,Ashen Rooms,Saint Avery feat. The Paper Kites Co.,100.0,221034,Album,20,True,https://cdn.example.com/covers/006.jpg
2024-02-16,12,Hollow Ghosts,Dust & Ember,,181921,Album,10,True,https://cdn.example.com/covers/048.jpg
2024-02-16,13,Paper Cities,Velvet Static,98.0,195370,Album,16,False,https://cdn.example.com/covers/081.jpg
2024-02-16,14,Golden Rooms,Nova Reyes,90.0,174403,Album,20,True,https://cdn.example.com/covers/045.jpg
2024-02-16,15,Midnight Summers,The Lantern Club feat. Bea Whitlock,90.0,206872,Album,16,False,https://cdn.example.com/covers/073.jpg
2024-02-16,16,Wildflower Signals,Dust & Ember,100.0,277579,Single,1,True,https://cdn.example.com/covers/146.jpg
2024-02-16,17,Hollow Engines,  JAXON FREY,100.0,255285,Single,1,False,https://cdn.example.com/covers/047.jpg
2024-02-16,18,Hollow Vices,Bea Whitlock,93.0,173530,Album,17,False,https://cdn.example.com/covers/053.jpg
2024-02-16,19,Ivory Summers,Saint Avery,89.0,277100,Album,17,True,https://cdn.example.com/covers/058.jpg
2024-02-16,20,Restless Signals,Milo & The Tides,91.0,220260,Album,10,False,https://cdn.example.com/covers/100.jpg
2024-02-16,21,Velvet Vices,Velvet Static,95.0,259460,Single,1,True,https://cdn.example.com/covers/138.jpg
2024-02-16,22,Velvet Machines,Trey Nakamura,96.0,270666,Album,16,False,https://cdn.example.com/covers/135.jpg
2024-02-16,23,Faded Summers,The Paper Kites Co.,89.0,238446,Single,1,False,https://cdn.example.com/covers/036.jpg
2024-02-16,24,Velvet Hours,Lorna Sky feat. Ruben Castellanos,83.0,221443,Album,11,True,https://cdn.example.com/covers/134.jpg
2024-02-16,25,Restless Vices,Omar Diallo,92.0,207503,Single,1,False,https://cdn.example.com/covers/101.jpg
2024-02-16,26,Neon Rooms,Bea Whitlock,88.0,178843,Album,18,True,https://cdn.example.com/covers/078.jpg
2024-02-16,27,Bitter Daylight,Lorna Sky,90.0,223885,Album,16,True,https://cdn.example.com/covers/008.jpg
2024-02-16,28,Sugar Names,Trey Nakamura,90.0,242733,Album,15,True,https://cdn.example.com/covers/121.jpg
2024-02-16,29,Silver Letters,Kira Lindqvist,87.0,135608,Single,1,False,https://cdn.example.com/covers/105.jpg
2024-02-16,30,Midnight Crowns,Jaxon Frey,88.0,210662,Album,13,True,https://cdn.example.com/covers/067.jpg
2024-02-16,31,Faded Rivers,Saint Avery,91.0,216418,Album,15,False,https://cdn.example.com/covers/033.jpg
2024-02-16,32,Electric Wires,Trey Nakamura feat. Deja Monroe,88.0,227637,Album,16,False,https://cdn.example.com/covers/026.jpg
2024-02-16,33,Velvet Weather,Dust & Ember,84.0,271354,Album,9,False,https://cdn.example.com/covers/139.jpg
2024-02-16,34,Ashen Bones,Milo & The Tides feat. Omar Diallo,87.0,143025,Single,1,False,https://cdn.example.com/covers/000.jpg
2024-02-16,35,Lonely Bones,The Paper Kites Co.,82.0,237046,Single,1,False,https://cdn.example.com/covers/060.jpg
2024-02-16,36,Quiet Promises,Deja Monroe,88.0,172131,Album,16,False,https://cdn.example.com/covers/091.jpg
2024-02-16,37,Bitter Signals,Jaxon Frey,83.0,168881,Single,1,False,https://cdn.example.com/covers/014.jpg
2024-02-16,38,Bitter Machines,Dust & Ember,82.0,218931,Single,1,False,https://cdn.example.com/covers/011.jpg
2024-02-16,39,Sugar Cities,Velvet Static,83.0,262484,Single,1,False,https://cdn.example.com/covers/117.jpg
2024-02-16,40,Static Wires,The Paper Kites Co. feat. Ruben Castellanos,76.0,171130,Single,1,False,https://cdn.example.com/covers/115.jpg
2024-02-16,41,Paper Highways,Ruben Castellanos feat. Priya Anand,81.0,160395,Single,1,False,https://cdn.example.com/covers/084.jpg
2024-02-16,42,Hollow Names,Milo & The Tides,76.0,205579,Single,1,True,https://cdn.example.com/covers/049.jpg
2024-02-16,43,Bitter Engines,Ruben Castellanos,79.0,183774,Album,18,False,https://cdn.example.com/covers/009.jpg
2024-02-16,44,Sunlit Highways,Kira Lindqvist,77.0,259501,Album,7,True,https://cdn.example.com/covers/125.jpg
2024-02-16,45,Faded Vices,Deja Monroe,72.0,106449,Album,15,False,https://cdn.example.com/covers/037.jpg
2024-02-16,46,Paper Rivers,Lorna Sky,70.0,245886,Album,12,False,https://cdn.example.com/covers/086.jpg
2024-02-16,47,Restless Ghosts,Milo & The Tides,73.0,132699,Single,1,True,https://cdn.example.com/covers/097.jpg
2024-02-16,48,Faded Cities,Jaxon Frey feat. Nova Reyes,73.0,282662,Album,10,False,https://cdn.example.com/covers/028.jpg
2024-02-16,49,Sugar Bones,Halcyon Youth,71.0,203420,Album,17,True,https://cdn.example.com/covers/116.jpg
2024-02-16,50,Sunlit Vices,The Lantern Club,71.0,228218,Single,1,True,https://cdn.example.com/covers/128.jpg
2024-02-17,1,Electric Weather,Dust & Ember feat. Milo & The Tides,100.0,135617,Album,11,False,https://cdn.example.com/covers/025.jpg
2024-02-17,2,Faded Crowns,Jaxon Frey,100.0,146551,Album,17,True,https://cdn.example.com/covers/029.jpg
2024-02-17,3,Neon Summers,Dust & Ember feat. Saint Avery,100.0,172623,Single,1,True,https://cdn.example.com/covers/079.jpg
2024-02-17,4,Golden Engines,Saint Avery,100.0,237976,Album,18,True,https://cdn.example.com/covers/042.jpg
2024-02-17,5,Lonely Rivers,Milo & The Tides,100.0,210046,Single,1,True,https://cdn.example.com/covers/064.jpg
2024-02-17,6,Faded Promises,The Paper Kites Co.,100.0,216898,Album,11,False,https://cdn.example.com/covers/032.jpg
2024-02-17,7,Hollow Promises,Velvet Static,100.0,137625,Single,1,True,https://cdn.example.com/covers/050.jpg
2024-02-17,8,Ivory Letters,Saint Avery,100.0,230277,Single,1,False,https://cdn.example.com/covers/057.jpg
2024-02-17,9,Wildflower Names,The Lantern Club feat. Nova Reyes,100.0,178107,Album,11,True,https://cdn.example.com/covers/144.jpg
2024-02-17,10,Sugar Crowns,Lorna Sky,99.0,133986,Album,7,False,https://cdn.example.com/covers/118.jpg
2024-02-17,11,Midnight Summers,The Lantern Club feat. Bea Whitlock,96.0,206872,Album,16,False,https://cdn.example.com/covers/073.jpg
2024-02-17,12,Paper Cities,Velvet Static,94.0,195370,Album,16,False,https://cdn.example.com/covers/081.jpg
2024-02-17,13,Golden Rooms,Nova Reyes,99.0,174403,Album,20,True,https://cdn.example.com/covers/045.jpg
2024-02-17,14,Ashen Rooms,Saint Avery feat. The Paper Kites Co.,96.0,221034,Album,20,True,https://cdn.example.com/covers/006.jpg
2024-02-17,15,Hollow Ghosts,Dust & Ember,97.0,181921,Album,10,True,https://cdn.example.com/covers/048.jpg
2024-02-17,16,Hollow Engines,Jaxon Frey,95.0,255285,Single,1,False,https://cdn.example.com/covers/047.jpg
2024-02-17,17,Ivory Summers,Saint Avery,98.0,277100,Album,17,True,https://cdn.example.com/covers/058.jpg
2024-02-17,18,Faded Summers,The Paper Kites Co.,92.0,238446,Single,1,False,https://cdn.example.com/covers/036.jpg
2024-02-17,19,Hollow Vices,Bea Whitlock,95.0,173530,Album,17,False,https://cdn.example.com/covers/053.jpg
2024-02-17,20,Velvet Machines,Trey Nakamura,92.0,270666,Album,16,False,https://cdn.example.com/covers/135.jpg
2024-02-17,21,Restless Vices,Omar Diallo,91.0,207503,Single,1,False,https://cdn.example.com/covers/101.jpg
2024-02-17,22,Velvet Vices,Velvet Static,87.0,259460,Single,1,True,https://cdn.example.com/covers/138.jpg
2024-02-17,23,Bitter Daylight,Lorna Sky,84.0,223885,Album,16,True,https://cdn.example.com/covers/008.jpg
2024-02-17,24,Sugar Names,Trey Nakamura,94.0,242733,Album,15,True,https://cdn.example.com/covers/121.jpg
2024-02-17,25,Restless Signals,Milo & The Tides,83.0,220260,Album,10,False,https://cdn.example.com/covers/100.jpg
2024-02-17,26,Wildflower Signals,Dust & Ember,84.0,277579,Single,1,True,https://cdn.example.com/covers/146.jpg
2024-02-17,27,Midnight Crowns,Jaxon Frey,90.0,210662,Album,13,True,https://cdn.example.com/covers/067.jpg
2024-02-17,28,Velvet Hours,Lorna Sky feat. Ruben Castellanos,79.0,221443,Album,11,True,https://cdn.example.com/covers/134.jpg
2024-02-17,29,Silver Letters,Kira Lindqvist,86.0,135608,Single,1,False,https://cdn.example.com/covers/105.jpg
2024-02-17,30,Neon Rooms,Bea Whitlock,90.0,178843,Album,18,True,https://cdn.example.com/covers/078.jpg
2024-02-17,31,Velvet Weather,Dust & Ember,81.0,271354,Album,9,False,https://cdn.example.com/covers/139.jpg
2024-02-17,32,Sugar Bones,Halcyon Youth,83.0,203420,Album,17,True,https://cdn.example.com/covers/116.jpg
2024-02-17,33,Electric Wires,Trey Nakamura feat. Deja Monroe,84.0,227637,Album,16,False,https://cdn.example.com/covers/026.jpg
2024-02-17,34,Faded Rivers,Saint Avery,83.0,216418,Album,15,False,https://cdn.example.com/covers/033.jpg
2024-02-17,35,Quiet Promises,Deja Monroe,81.0,172131,Album,16,False,https://cdn.example.com/covers/091.jpg
2024-02-17,36,Sunlit Highways,Kira Lindqvist,81.0,259501,Album,7,True,https://cdn.example.com/covers/125.jpg
2024-02-17,37,Paper Highways,Ruben Castellanos feat. Priya Anand,81.0,160395,Single,1,False,https://cdn.example.com/covers/084.jpg
2024-02-17,38,Bitter Machines,Dust & Ember,81.0,218931,Single,1,False,https://cdn.example.com/covers/011.jpg
2024-02-17,39,Bitter Signals,Jaxon Frey,80.0,168881,Single,1,False,https://cdn.example.com/covers/014.jpg
2024-02-17,40,Bitter Engines,Ruben Castellanos,78.0,183774,Album,18,False,https://cdn.example.com/covers/009.jpg
2024-02-17,41,Static Wires,The Paper Kites Co. feat. Ruben Castellanos,83.0,171130,Single,1,False,https://cdn.example.com/covers/115.jpg
2024-02-17,42,Lonely Bones,The Paper Kites Co.,79.0,237046,Single,1,False,https://cdn.example.com/covers/060.jpg
2024-02-17,43,Faded Vices,Deja Monroe,76.0,106449,Album,15,False,https://cdn.example.com/covers/037.jpg
2024-02-17,44,Ashen Bones,Milo & The Tides feat. Omar Diallo,75.0,143025,Single,1,False,https://cdn.example.com/covers/000.jpg
2024-02-17,45,Hollow Names,Milo & The Tides,72.0,205579,Single,1,True,https://cdn.example.com/covers/049.jpg
2024-02-17,46,Paper Rivers,Lorna Sky,75.0,245886,Album,12,False,https://cdn.example.com/covers/086.jpg
2024-02-17,47,Faded Cities,Jaxon Frey feat. Nova Reyes,75.0,282662,Album,10,False,https://cdn.example.com/covers/028.jpg
2024-02-17,48,Sugar Cities,Velvet Static,79.0,262484,Single,1,False,https://cdn.example.com/covers/117.jpg
2024-02-17,49,Neon Wires,Deja Monroe feat. Milo & The Tides,71.0,189317,Album,20,False,https://cdn.example.com/covers/080.jpg
2024-02-17,50,Restless Ghosts,Milo & The Tides,71.0,132699,Single,1,True,https://cdn.example.com/covers/097.jpg
2024-02-18,1,Electric Weather,Dust & Ember feat. Milo & The Tides,100.0,135617,Album,11,False,https://cdn.example.com/covers/025.jpg
2024-02-18,2,Faded Crowns,Jaxon Frey,100.0,146551,Album,17,True,https://cdn.example.com/covers/029.jpg
2024-02-18,3,Neon Summers,Dust & Ember feat. Saint Avery,100.0,172623,Single,1,True,https://cdn.example.com/covers/079.jpg
2024-02-18,4,Golden Engines,Saint Avery,100.0,237976,Album,18,True,https://cdn.example.com/covers/042.jpg
2024-02-18,5,Lonely Rivers,Milo & The Tides,100.0,210046,Single,1,True,https://cdn.example.com/covers/064.jpg
2024-02-18,6,Golden Rooms,Nova Reyes,100.0,174403,Album,20,True,https://cdn.example.com/covers/045.jpg
2024-02-18,7,Ivory Letters,Saint Avery,100.0,230277,Single,1,False,https://cdn.example.com/covers/057.jpg
2024-02-18,8,Ashen Rooms,Saint Avery feat. The Paper Kites Co.,100.0,221034,Album,20,True,https://cdn.example.com/covers/006.jpg
2024-02-18,9,Midnight Summers,The Lantern Club feat. Bea Whitlock,100.0,206872,Album,16,False,https://cdn.example.com/covers/073.jpg
2024-02-18,10,Paper Cities,Velvet Static,99.0,195370,Album,16,False,https://cdn.example.com/covers/081.jpg
2024-02-18,11,Faded Promises,The Paper Kites Co.,100.0,216898,Album,11,False,https://cdn.example.com/covers/032.jpg
2024-02-18,12,Sugar Crowns,Lorna Sky,97.0,133986,Album,7,False,https://cdn.example.com/covers/118.jpg
2024-02-18,13,Wildflower Names,The Lantern Club feat. Nova Reyes,95.0,178107,Album,11,True,https://cdn.example.com/covers/144.jpg
2024-02-18,14,Hollow Promises,Velvet Static,100.0,137625,Single,1,True,https://cdn.example.com/covers/050.jpg
2024-02-18,15,Hollow Engines,Jaxon Frey,93.0,255285,Single,1,False,https://cdn.example.com/covers/047.jpg
2024-02-18,16,Hollow Ghosts,Dust & Ember,94.0,181921,Album,10,True,https://cdn.example.com/covers/048.jpg
2024-02-18,17,Ivory Summers,Saint Avery,96.0,277100,Album,17,True,https://cdn.example.com/covers/058.jpg
2024-02-18,18,Velvet Machines,Trey Nakamura,91.0,270666,Album,16,False,https://cdn.example.com/covers/135.jpg
2024-02-18,19,Restless Signals,Milo & The Tides,88.0,220260,Album,10,False,https://cdn.example.com/covers/100.jpg
2024-02-18,20,Restless Vices,Omar Diallo,93.0,207503,Single,1,False,https://cdn.example.com/covers/101.jpg
2024-02-18,21,Hollow Vices,Bea Whitlock,87.0,173530,Album,17,False,https://cdn.example.com/covers/053.jpg
2024-02-18,22,Wildflower Signals,Dust & Ember,96.0,277579,Single,1,True,https://cdn.example.com/covers/146.jpg
2024-02-18,23,Velvet Vices,Velvet Static,89.0,259460,Single,1,True,https://cdn.example.com/covers/138.jpg
2024-02-18,24,Faded Summers,The Paper Kites Co.,88.0,238446,Single,1,False,https://cdn.example.com/covers/036.jpg
2024-02-18,25,Sunlit Highways,Kira Lindqvist,88.0,259501,Album,7,True,https://cdn.example.com/covers/125.jpg
2024-02-18,26,Bitter Daylight,Lorna Sky,91.0,223885,Album,16,True,https://cdn.example.com/covers/008.jpg
2024-02-18,27,Sugar Names,Trey Nakamura,87.0,242733,Album,15,True,https://cdn.example.com/covers/121.jpg
2024-02-18,28,Silver Letters,Kira Lindqvist,81.0,135608,Single,1,False,https://cdn.example.com/covers/105.jpg
2024-02-18,29,Midnight Crowns,Jaxon Frey,82.0,210662,Album,13,True,https://cdn.example.com/covers/067.jpg
2024-02-18,30,Quiet Promises,Deja Monroe,80.0,172131,Album,16,False,https://cdn.example.com/covers/091.jpg
2024-02-18,31,Faded Rivers,Saint Avery,79.0,216418,Album,15,False,https://cdn.example.com/covers/033.jpg
2024-02-18,32,Velvet Weather,Dust & Ember,77.0,271354,Album,9,False,https://cdn.example.com/covers/139.jpg
2024-02-18,33,Velvet Hours,Lorna Sky feat. Ruben Castellanos,85.0,221443,Album,11,True,https://cdn.example.com/covers/134.jpg
2024-02-18,34,Neon Rooms,Bea Whitlock,,178843,Album,18,True,https://cdn.example.com/covers/078.jpg
2024-02-18,35,Electric Wires,Trey Nakamura feat. Deja Monroe,80.0,227637,Album,16,False,https://cdn.example.com/covers/026.jpg
2024-02-18,36,Lonely Bones,The Paper Kites Co.,80.0,237046,Single,1,False,https://cdn.example.com/covers/060.jpg
2024-02-18,37,Restless Ghosts,Milo & The Tides,79.0,132699,Single,1,True,https://cdn.example.com/covers/097.jpg
2024-02-18,38,Sugar Cities,Velvet Static,81.0,262484,Single,1,False,https://cdn.example.com/covers/117.jpg
2024-02-18,39,Bitter Machines,Dust & Ember,78.0,218931,Single,1,False,https://cdn.example.com/covers/011.jpg
2024-02-18,40,Ashen Bones,Milo & The Tides feat. Omar Diallo,76.0,143025,Single,1,False,https://cdn.example.com/covers/000.jpg
2024-02-18,41,Paper Highways,Ruben Castellanos feat. Priya Anand,76.0,160395,Single,1,False,https://cdn.example.com/covers/084.jpg
2024-02-18,42,Static Wires,The Paper Kites Co. feat. Ruben Castellanos,76.0,171130,Single,1,False,https://cdn.example.com/covers/115.jpg
2024-02-18,43,Neon Wires,Deja Monroe feat. Milo & The Tides,74.0,189317,Album,20,False,https://cdn.example.com/covers/080.jpg
2024-02-18,44,Bitter Signals,Jaxon Frey,79.0,168881,Single,1,False,https://cdn.example.com/covers/014.jpg
2024-02-18,45,Sugar Signals,Priya Anand,75.0,221010,Album,15,False,https://cdn.example.com/covers/122.jpg
2024-02-18,46,Faded Vices,Deja Monroe,78.0,106449,Album,15,False,https://cdn.example.com/covers/037.jpg
2024-02-18,47,Silver Hours,Nova Reyes,75.0,228733,Single,1,True,https://cdn.example.com/covers/104.jpg
2024-02-18,48,Faded Cities,Jaxon Frey feat. Nova Reyes,78.0,282662,Album,10,False,https://cdn.example.com/covers/028.jpg
2024-02-18,49,Sugar Bones,Halcyon Youth,71.0,203420,Album,17,True,https://cdn.example.com/covers/116.jpg
2024-02-18,50,Bitter Engines,Ruben Castellanos,76.0,183774,Album,18,False,https://cdn.example.com/covers/009.jpg
2024-02-19,1,Lonely Rivers,Milo & The Tides,100.0,210046,Single,1,True,https://cdn.example.com/covers/064.jpg
2024-02-19,2,Ivory Letters,Saint Avery,98.0,230277,Single,1,False,https://cdn.example.com/covers/057.jpg
2024-02-19,3,Golden Engines,Saint Avery,100.0,237976,Album,18,True,https://cdn.example.com/covers/042.jpg
2024-02-19,4,Electric Weather,Dust & Ember feat. Milo & The Tides,100.0,135617,Album,11,False,https://cdn.example.com/covers/025.jpg
2024-02-19,5,Neon Summers,Dust & Ember feat. Saint Avery,100.0,172623,Single,1,True,https://cdn.example.com/covers/079.jpg
2024-02-19,6,Faded Crowns,Jaxon Frey,100.0,146551,Album,17,True,https://cdn.example.com/covers/029.jpg
2024-02-19,7,Wildflower Names,The Lantern Club feat. Nova Reyes,100.0,178107,Album,11,True,https://cdn.example.com/covers/144.jpg
2024-02-19,8,Hollow Promises,Velvet Static,100.0,137625,Single,1,True,https://cdn.example.com/covers/050.jpg
2024-02-19,9,Hollow Engines,Jaxon Frey,99.0,255285,Single,1,False,https://cdn.example.com/covers/047.jpg
2024-02-19,10,Sugar Crowns,Lorna Sky,100.0,133986,Album,7,False,https://cdn.example.com/covers/118.jpg
2024-02-19,11,Paper Cities,Velvet Static,100.0,195370,Album,16,False,https://cdn.example.com/covers/081.jpg
2024-02-19,12,Golden Rooms,Nova Reyes,100.0,174403,Album,20,True,https://cdn.example.com/covers/045.jpg
2024-02-19,13,Faded Promises,The Paper Kites Co.,95.0,216898,Album,11,False,https://cdn.example.com/covers/032.jpg
2024-02-19,14,Midnight Summers,The Lantern Club feat. Bea Whitlock,93.0,206872,Album,16,False,https://cdn.example.com/covers/073.jpg
2024-02-19,15,Ashen Rooms,Saint Avery feat. The Paper Kites Co.,100.0,221034,Album,20,True,https://cdn.example.com/covers/006.jpg
2024-02-19,16,Ivory Summers,Saint Avery,98.0,277100,Album,17,True,https://cdn.example.com/covers/058.jpg
2024-02-19,17,Hollow Vices,Bea Whitlock,96.0,173530,Album,17,False,https://cdn.example.com/covers/053.jpg
2024-02-19,18,Hollow Ghosts,Dust & Ember,91.0,181921,Album,10,True,https://cdn.example.com/covers/048.jpg
2024-02-19,19,Restless Vices,Omar Diallo,92.0,207503,Single,1,False,https://cdn.example.com/covers/101.jpg
2024-02-19,20,Velvet Machines,Trey Nakamura,83.0,270666,Album,16,False,https://cdn.example.com/covers/135.jpg
2024-02-19,21,Velvet Vices,Velvet Static,97.0,259460,Single,1,True,https://cdn.example.com/covers/138.jpg
2024-02-19,22,Faded Summers,The Paper Kites Co.,85.0,238446,Single,1,False,https://cdn.example.com/covers/036.jpg
2024-02-19,23,Midnight Crowns,Jaxon Frey,93.0,210662,Album,13,True,https://cdn.example.com/covers/067.jpg
2024-02-19,24,Sugar Names,Trey Nakamura,89.0,242733,Album,15,True,https://cdn.example.com/covers/121.jpg
2024-02-19,25,Neon Rooms,Bea Whitlock,87.0,178843,Album,18,True,https://cdn.example.com/covers/078.jpg
2024-02-19,26,Restless Signals,Milo & The Tides,88.0,220260,Album,10,False,https://cdn.example.com/covers/100.jpg
2024-02-19,27,Wildflower Signals,  DUST & EMBER,86.0,277579,Single,1,True,https://cdn.example.com/covers/146.jpg
2024-02-19,28,Bitter Daylight,Lorna Sky,87.0,223885,Album,16,True,https://cdn.example.com/covers/008.jpg
2024-02-19,29,Quiet Promises,Deja Monroe,85.0,172131,Album,16,False,https://cdn.example.com/covers/091.jpg
2024-02-19,30,Restless Ghosts,Milo & The Tides,81.0,132699,Single,1,True,https://cdn.example.com/covers/097.jpg
2024-02-19,31,Silver Letters,Kira Lindqvist,78.0,135608,Single,1,False,https://cdn.example.com/covers/105.jpg
2024-02-19,32,Velvet Hours,Lorna Sky feat. Ruben Castellanos,79.0,221443,Album,11,True,https://cdn.example.com/covers/134.jpg
2024-02-19,33,Electric Wires,Trey Nakamura feat. Deja Monroe,80.0,227637,Album,16,False,https://cdn.example.com/covers/026.jpg
2024-02-19,34,Faded Rivers,Saint Avery,81.0,216418,Album,15,False,https://cdn.example.com/covers/033.jpg
2024-02-19,35,Velvet Weather,Dust & Ember,83.0,271354,Album,9,False,https://cdn.example.com/covers/139.jpg
2024-02-19,36,Lonely Bones,The Paper Kites Co.,79.0,237046,Single,1,False,https://cdn.example.com/covers/060.jpg
2024-02-19,37,Velvet Promises,Kira Lindqvist,77.0,204302,Album,8,False,https://cdn.example.com/covers/136.jpg
2024-02-19,38,Sunlit Highways,Kira Lindqvist,83.0,259501,Album,7,True,https://cdn.example.com/covers/125.jpg
2024-02-19,39,Hollow Names,Milo & The Tides,77.0,205579,Single,1,True,https://cdn.example.com/covers/049.jpg
2024-02-19,40,Sugar Bones,Halcyon Youth,70.0,203420,Album,17,True,https://cdn.example.com/covers/116.jpg
2024-02-19,41,Bitter Signals,Jaxon Frey,79.0,168881,Single,1,False,https://cdn.example.com/covers/014.jpg
2024-02-19,42,Sugar Cities,Velvet Static,75.0,262484,Single,1,False,https://cdn.example.com/covers/117.jpg
2024-02-19,43,Paper Highways,Ruben Castellanos feat. Priya Anand,78.0,160395,Single,1,False,https://cdn.example.com/covers/084.jpg
2024-02-19,44,Silver Hours,Nova Reyes,71.0,228733,Single,1,True,https://cdn.example.com/covers/104.jpg
2024-02-19,45,Ashen Bones,Milo & The Tides feat. Omar Diallo,78.0,143025,Single,1,False,https://cdn.example.com/covers/000.jpg
2024-02-19,46,Static Wires,The Paper Kites Co. feat. Ruben Castellanos,77.0,171130,Single,1,False,https://cdn.example.com/covers/115.jpg
2024-02-19,47,Bitter Machines,Dust & Ember,73.0,218931,Single,1,False,https://cdn.example.com/covers/011.jpg
2024-02-19,48,Faded Cities,Jaxon Frey feat. Nova Reyes,74.0,282662,Album,10,False,https://cdn.example.com/covers/028.jpg
2024-02-19,49,Bitter Engines,Ruben Castellanos,75.0,183774,Album,18,False,https://cdn.example.com/covers/009.jpg
2024-02-19,50,Neon Wires,Deja Monroe feat. Milo & The Tides,69.0,189317,Album,20,False,https://cdn.example.com/covers/080.jpg
2024-02-20,1,Lonely Rivers,Milo & The Tides,100.0,210046,Single,1,True,https://cdn.example.com/covers/064.jpg
2024-02-20,2,Faded Crowns,Jaxon Frey,100.0,146551,Album,17,True,https://cdn.example.com/covers/029.jpg
2024-02-20,3,Electric Weather,Dust & Ember feat. Milo & The Tides,100.0,135617,Album,11,False,https://cdn.example.com/covers/025.jpg
2024-02-20,4,Golden Engines,Saint Avery,100.0,237976,Album,18,True,https://cdn.example.com/covers/042.jpg
2024-02-20,5,Golden Rooms,Nova Reyes,100.0,174403,Album,20,True,https://cdn.example.com/covers/045.jpg
2024-02-20,6,Neon Summers,Dust & Ember feat. Saint Avery,100.0,172623,Single,1,True,https://cdn.example.com/covers/079.jpg
2024-02-20,7,Midnight Summers,The Lantern Club feat. Bea Whitlock,100.0,206872,Album,16,False,https://cdn.example.com/covers/073.jpg
2024-02-20,8,Ivory Letters,Saint Avery,99.0,230277,Single,1,False,https://cdn.example.com/covers/057.jpg
2024-02-20,9,Wildflower Names,The Lantern Club feat. Nova Reyes,100.0,178107,Album,11,True,https://cdn.example.com/covers/144.jpg
2024-02-20,10,Sugar Crowns,Lorna Sky,95.0,133986,Album,7,False,https://cdn.example.com/covers/118.jpg
2024-02-20,11,Hollow Promises,Velvet Static,97.0,137625,Single,1,True,https://cdn.example.com/covers/050.jpg
2024-02-20,12,Ashen Rooms,Saint Avery feat. The Paper Kites Co.,97.0,221034,Album,20,True,https://cdn.example.com/covers/006.jpg
2024-02-20,13,Paper Cities,Velvet Static,98.0,195370,Album,16,False,https://cdn.example.com/covers/081.jpg
2024-02-20,14,Hollow Ghosts,Dust & Ember,98.0,181921,Album,10,True,https://cdn.example.com/covers/048.jpg
2024-02-20,15,Wildflower Signals,Dust & Ember,97.0,277579,Single,1,True,https://cdn.example.com/covers/146.jpg
2024-02-20,16,Faded Promises,The Paper Kites Co.,91.0,216898,Album,11,False,https://cdn.example.com/covers/032.jpg
2024-02-20,17,Restless Vices,Omar Diallo,96.0,207503,Single,1,False,https://cdn.example.com/covers/101.jpg
2024-02-20,18,Velvet Machines,Trey Nakamura,95.0,270666,Album,16,False,https://cdn.example.com/covers/135.jpg
2024-02-20,19,Hollow Engines,Jaxon Frey,93.0,255285,Single,1,False,https://cdn.example.com/covers/047.jpg
2024-02-20,20,Hollow Vices,Bea Whitlock,94.0,173530,Album,17,False,https://cdn.example.com/covers/053.jpg
2024-02-20,21,Velvet Vices,Velvet Static,96.0,259460,Single,1,True,https://cdn.example.com/covers/138.jpg
2024-02-20,22,Sugar Names,Trey Nakamura,87.0,242733,Album,15,True,https://cdn.example.com/covers/121.jpg
2024-02-20,23,Bitter Daylight,Lorna Sky,95.0,223885,Album,16,True,https://cdn.example.com/covers/008.jpg
2024-02-20,24,Silver Letters,Kira Lindqvist,88.0,135608,Single,1,False,https://cdn.example.com/covers/105.jpg
2024-02-20,25,Restless Signals,Milo & The Tides,88.0,220260,Album,10,False,https://cdn.example.com/covers/100.jpg
2024-02-20,26,Ivory Summers,Saint Avery,84.0,277100,Album,17,True,https://cdn.example.com/covers/058.jpg
2024-02-20,27,Faded Summers,The Paper Kites Co.,84.0,238446,Single,1,False,https://cdn.example.com/covers/036.jpg
2024-02-20,28,Electric Wires,Trey Nakamura feat. Deja Monroe,90.0,227637,Album,16,False,https://cdn.example.com/covers/026.jpg
2024-02-20,29,Midnight Crowns,Jaxon Frey,84.0,210662,Album,13,True,https://cdn.example.com/covers/067.jpg
2024-02-20,30,Silver Hours,Nova Reyes,82.0,228733,Single,1,True,https://cdn.example.com/covers/104.jpg
2024-02-20,31,Neon Rooms,Bea Whitlock,85.0,178843,Album,18,True,https://cdn.example.com/covers/078.jpg
2024-02-20,32,Paper Highways,Ruben Castellanos feat. Priya Anand,86.0,160395,Single,1,False,https://cdn.example.com/covers/084.jpg
2024-02-20,33,Sugar Bones,Halcyon Youth,85.0,203420,Album,17,True,https://cdn.example.com/covers/116.jpg
2024-02-20,34,Quiet Promises,Deja Monroe,84.0,172131,Album,16,False,https://cdn.example.com/covers/091.jpg
2024-02-20,35,Lonely Bones,The Paper Kites Co.,84.0,237046,Single,1,False,https://cdn.example.com/covers/060.jpg
2024-02-20,36,Restless Ghosts,Milo & The Tides,77.0,132699,Single,1,True,https://cdn.example.com/covers/097.jpg
2024-02-20,37,Sunlit Highways,Kira Lindqvist,82.0,259501,Album,7,True,https://cdn.example.com/covers/125.jpg
2024-02-20,38,Velvet Hours,Lorna Sky feat. Ruben Castellanos,75.0,221443,Album,11,True,https://cdn.example.com/covers/134.jpg
2024-02-20,39,Velvet Promises,Kira Lindqvist,80.0,204302,Album,8,False,https://cdn.example.com/covers/136.jpg
2024-02-20,40,Bitter Signals,Jaxon Frey,77.0,168881,Single,1,False,https://cdn.example.com/covers/014.jpg
2024-02-20,41,Faded Rivers,Saint Avery,77.0,216418,Album,15,False,https://cdn.example.com/covers/033.jpg
2024-02-20,42,Faded Vices,Deja Monroe,74.0,106449,Album,15,False,https://cdn.example.com/covers/037.jpg
2024-02-20,43,Velvet Weather,Dust & Ember,75.0,271354,Album,9,False,https://cdn.example.com/covers/139.jpg
2024-02-20,44,Sugar Signals,Priya Anand,70.0,221010,Album,15,False,https://cdn.example.com/covers/122.jpg
2024-02-20,45,Crimson Ghosts,Velvet Static feat. Dust & Ember,69.0,207632,Single,1,False,https://cdn.example.com/covers/018.jpg
2024-02-20,46,Sugar Cities,Velvet Static,73.0,262484,Single,1,False,https://cdn.example.com/covers/117.jpg
2024-02-20,47,Hollow Names,Milo & The Tides,76.0,205579,Single,1,True,https://cdn.example.com/covers/049.jpg
2024-02-20,48,Neon Wires,Deja Monroe feat. Milo & The Tides,78.0,189317,Album,20,False,https://cdn.example.com/covers/080.jpg
2024-02-20,49,Paper Rivers,  LORNA SKY,73.0,245886,Album,12,False,https://cdn.example.com/covers/086.jpg
2024-02-20,50,Bitter Machines,Dust & Ember,75.0,218931,Single,1,False,https://cdn.example.com/covers/011.jpg
2024-02-21,1,Lonely Rivers,Milo & The Tides,100.0,210046,Single,1,True,https://cdn.example.com/covers/064.jpg
2024-02-21,2,Electric Weather,Dust & Ember feat. Milo & The Tides,100.0,135617,Album,11,False,https://cdn.example.com/covers/025.jpg
2024-02-21,3,Neon Summers,Dust & Ember feat. Saint Avery,100.0,172623,Single,1,True,https://cdn.example.com/covers/079.jpg
2024-02-21,4,Faded Crowns,Jaxon Frey,100.0,146551,Album,17,True,https://cdn.example.com/covers/029.jpg
2024-02-21,5,Golden Engines,Saint Avery,100.0,237976,Album,18,True,https://cdn.example.com/covers/042.jpg
2024-02-21,6,Ivory Letters,Saint Avery,100.0,230277,Single,1,False,https://cdn.example.com/covers/057.jpg
2024-02-21,7,Golden Rooms,Nova Reyes,100.0,174403,Album,20,True,https://cdn.example.com/covers/045.jpg
2024-02-21,8,Ashen Rooms,Saint Avery feat. The Paper Kites Co.,100.0,221034,Album,20,True,https://cdn.example.com/covers/006.jpg
2024-02-21,9,Faded Promises,The Paper Kites Co.,100.0,216898,Album,11,False,https://cdn.example.com/covers/032.jpg
2024-02-21,10,Wildflower Names,The Lantern Club feat. Nova Reyes,100.0,178107,Album,11,True,https://cdn.example.com/covers/144.jpg
2024-02-21,11,Sugar Crowns,Lorna Sky,100.0,133986,Album,7,False,https://cdn.example.com/covers/118.jpg
2024-02-21,12,Hollow Ghosts,Dust & Ember,100.0,181921,Album,10,True,https://cdn.example.com/covers/048.jpg
2024-02-21,13,Hollow Promises,Velvet Static,97.0,137625,Single,1,True,https://cdn.example.com/covers/050.jpg
2024-02-21,14,Paper Cities,Velvet Static,96.0,195370,Album,16,False,https://cdn.example.com/covers/081.jpg
2024-02-21,15,Hollow Engines,Jaxon Frey,94.0,255285,Single,1,False,https://cdn.example.com/covers/047.jpg
2024-02-21,16,Midnight Summers,The Lantern Club feat. Bea Whitlock,92.0,206872,Album,16,False,https://cdn.example.com/covers/073.jpg
2024-02-21,17,Velvet Vices,Velvet Static,90.0,259460,Single,1,True,https://cdn.example.com/covers/138.jpg
2024-02-21,18,Ivory Summers,Saint Avery,97.0,277100,Album,17,True,https://cdn.example.com/covers/058.jpg
2024-02-21,19,Restless Signals,Milo & The Tides,90.0,220260,Album,10,False,https://cdn.example.com/covers/100.jpg
2024-02-21,20,Sugar Names,Trey Nakamura,93.0,242733,Album,15,True,https://cdn.example.com/covers/121.jpg
2024-02-21,21,Velvet Machines,Trey Nakamura,87.0,270666,Album,16,False,https://cdn.example.com/covers/135.jpg
2024-02-21,22,Hollow Vices,  BEA WHITLOCK,90.0,173530,Album,17,False,https://cdn.example.com/covers/053.jpg
2024-02-21,23,Wildflower Signals,Dust & Ember,91.0,277579,Single,1,True,https://cdn.example.com/covers/146.jpg
2024-02-21,24,Restless Vices,Omar Diallo,86.0,207503,Single,1,False,https://cdn.example.com/covers/101.jpg
2024-02-21,25,Bitter Daylight,Lorna Sky,89.0,223885,Album,16,True,https://cdn.example.com/covers/008.jpg
2024-02-21,26,Sunlit Highways,Kira Lindqvist,84.0,259501,Album,7,True,https://cdn.example.com/covers/125.jpg
2024-02-21,27,Faded Summers,The Paper Kites Co.,85.0,238446,Single,1,False,https://cdn.example.com/covers/036.jpg
2024-02-21,28,Electric Wires,Trey Nakamura feat. Deja Monroe,83.0,227637,Album,16,False,https://cdn.example.com/covers/026.jpg
2024-02-21,29,Silver Letters,Kira Lindqvist,84.0,135608,Single,1,False,https://cdn.example.com/covers/105.jpg
2024-02-21,30,Velvet Hours,Lorna Sky feat. Ruben Castellanos,92.0,221443,Album,11,True,https://cdn.example.com/covers/134.jpg
2024-02-21,31,Velvet Promises,Kira Lindqvist,80.0,204302,Album,8,False,https://cdn.example.com/covers/136.jpg
2024-02-21,32,Neon Rooms,Bea Whitlock,84.0,178843,Album,18,True,https://cdn.example.com/covers/078.jpg
2024-02-21,33,Paper Highways,Ruben Castellanos feat. Priya Anand,83.0,160395,Single,1,False,https://cdn.example.com/covers/084.jpg
2024-02-21,34,Bitter Signals,Jaxon Frey,87.0,168881,Single,1,False,https://cdn.example.com/covers/014.jpg
2024-02-21,35,Silver Hours,Nova Reyes,84.0,228733,Single,1,True,https://cdn.example.com/covers/104.jpg
2024-02-21,36,Velvet Weather,Dust & Ember,80.0,271354,Album,9,False,https://cdn.example.com/covers/139.jpg
2024-02-21,37,Midnight Crowns,Jaxon Frey,78.0,210662,Album,13,True,https://cdn.example.com/covers/067.jpg
2024-02-21,38,Sugar Signals,Priya Anand,82.0,221010,Album,15,False,https://cdn.example.com/covers/122.jpg
2024-02-21,39,Sugar Bones,Halcyon Youth,82.0,203420,Album,17,True,https://cdn.example.com/covers/116.jpg
2024-02-21,40,Quiet Promises,Deja Monroe,75.0,172131,Album,16,False,https://cdn.example.com/covers/091.jpg
2024-02-21,41,Bitter Machines,Dust & Ember,72.0,218931,Single,1,False,https://cdn.example.com/covers/011.jpg
2024-02-21,42,Sugar Cities,Velvet Static,77.0,262484,Single,1,False,https://cdn.example.com/covers/117.jpg
2024-02-21,43,Faded Rivers,Saint Avery,78.0,216418,Album,15,False,https://cdn.example.com/covers/033.jpg
2024-02-21,44,Lonely Bones,The Paper Kites Co.,77.0,237046,Single,1,False,https://cdn.example.com/covers/060.jpg
2024-02-21,45,Ashen Bones,Milo & The Tides feat. Omar Diallo,77.0,143025,Single,1,False,https://cdn.example.com/covers/000.jpg
2024-02-21,46,Faded Cities,Jaxon Frey feat. Nova Reyes,72.0,282662,Album,10,False,https://cdn.example.com/covers/028.jpg
2024-02-21,47,Hollow Names,Milo & The Tides,75.0,205579,Single,1,True,https://cdn.example.com/covers/049.jpg
2024-02-21,48,Static Wires,The Paper Kites Co. feat. Ruben Castellanos,72.0,171130,Single,1,False,https://cdn.example.com/covers/115.jpg
2024-02-21,49,Crimson Ghosts,Velvet Static feat. Dust & Ember,78.0,207632,Single,1,False,https://cdn.example.com/covers/018.jpg
2024-02-21,50,Bitter Engines,Ruben Castellanos,70.0,183774,Album,18,False,https://cdn.example.com/covers/009.jpg
2024-02-22,1,Lonely Rivers,Milo & The Tides,100.0,210046,Single,1,True,https://cdn.example.com/covers/064.jpg
2024-02-22,2,Neon Summers,Dust & Ember feat. Saint Avery,100.0,172623,Single,1,True,https://cdn.example.com/covers/079.jpg
2024-02-22,3,Electric Weather,Dust & Ember feat. Milo & The Tides,100.0,135617,Album,11,False,https://cdn.example.com/covers/025.jpg
2024-02-22,4,Faded Crowns,Jaxon Frey,100.0,146551,Album,17,True,https://cdn.example.com/covers/029.jpg
2024-02-22,5,Golden Engines,Saint Avery,99.0,237976,Album,18,True,https://cdn.example.com/covers/042.jpg
2024-02-22,6,Ivory Letters,Saint Avery,100.0,230277,Single,1,False,https://cdn.example.com/covers/057.jpg
2024-02-22,7,Wildflower Names,The Lantern Club feat. Nova Reyes,100.0,178107,Album,11,True,https://cdn.example.com/covers/144.jpg
2024-02-22,8,Golden Rooms,Nova Reyes,100.0,174403,Album,20,True,https://cdn.example.com/covers/045.jpg
2024-02-22,9,Faded Promises,The Paper Kites Co.,99.0,216898,Album,11,False,https://cdn.example.com/covers/032.jpg
2024-02-22,10,Midnight Summers,The Lantern Club feat. Bea Whitlock,100.0,206872,Album,16,False,https://cdn.example.com/covers/073.jpg
2024-02-22,11,Paper Cities,Velvet Static,97.0,195370,Album,16,False,https://cdn.example.com/covers/081.jpg
2024-02-22,12,Hollow Engines,Jaxon Frey,100.0,255285,Single,1,False,https://cdn.example.com/covers/047.jpg
2024-02-22,13,Sugar Crowns,Lorna Sky,97.0,133986,Album,7,False,https://cdn.example.com/covers/118.jpg
2024-02-22,14,Ashen Rooms,Saint Avery feat. The Paper Kites Co.,100.0,221034,Album,20,True,https://cdn.example.com/covers/006.jpg
2024-02-22,15,Restless Vices,Omar Diallo,98.0,207503,Single,1,False,https://cdn.example.com/covers/101.jpg
2024-02-22,16,Faded Summers,The Paper Kites Co.,93.0,238446,Single,1,False,https://cdn.example.com/covers/036.jpg
2024-02-22,17,Velvet Machines,Trey Nakamura,92.0,270666,Album,16,False,https://cdn.example.com/covers/135.jpg
2024-02-22,18,Velvet Vices,Velvet Static,95.0,259460,Single,1,True,https://cdn.example.com/covers/138.jpg
2024-02-22,19,Hollow Promises,Velvet Static,94.0,137625,Single,1,True,https://cdn.example.com/covers/050.jpg
2024-02-22,20,Sugar Names,Trey Nakamura,91.0,242733,Album,15,True,https://cdn.example.com/covers/121.jpg
2024-02-22,21,Bitter Daylight,Lorna Sky,91.0,223885,Album,16,True,https://cdn.example.com/covers/008.jpg
2024-02-22,22,Hollow Vices,Bea Whitlock,86.0,173530,Album,17,False,https://cdn.example.com/covers/053.jpg
2024-02-22,23,Hollow Ghosts,Dust & Ember,90.0,181921,Album,10,True,https://cdn.example.com/covers/048.jpg
2024-02-22,24,Restless Signals,Milo & The Tides,94.0,220260,Album,10,False,https://cdn.example.com/covers/100.jpg
2024-02-22,25,Ivory Summers,Saint Avery,86.0,277100,Album,17,True,https://cdn.example.com/covers/058.jpg
2024-02-22,26,Silver Hours,Nova Reyes,91.0,228733,Single,1,True,https://cdn.example.com/covers/104.jpg
2024-02-22,27,Wildflower Signals,Dust & Ember,87.0,277579,Single,1,True,https://cdn.example.com/covers/146.jpg
2024-02-22,28,Faded Cities,Jaxon Frey feat. Nova Reyes,87.0,282662,Album,10,False,https://cdn.example.com/covers/028.jpg
2024-02-22,29,Neon Rooms,Bea Whitlock,85.0,178843,Album,18,True,https://cdn.example.com/covers/078.jpg
2024-02-22,30,Silver Letters,Kira Lindqvist,90.0,135608,Single,1,False,https://cdn.example.com/covers/105.jpg
2024-02-22,31,Sunlit Highways,Kira Lindqvist,89.0,259501,Album,7,True,https://cdn.example.com/covers/125.jpg
2024-02-22,32,Electric Wires,Trey Nakamura feat. Deja Monroe,87.0,227637,Album,16,False,https://cdn.example.com/covers/026.jpg
2024-02-22,33,Midnight Crowns,Jaxon Frey,82.0,210662,Album,13,True,https://cdn.example.com/covers/067.jpg
2024-02-22,34,Velvet Promises,Kira Lindqvist,83.0,204302,Album,8,False,https://cdn.example.com/covers/136.jpg
2024-02-22,35,Velvet Weather,Dust & Ember,81.0,271354,Album,9,False,https://cdn.example.com/covers/139.jpg
2024-02-22,36,Paper Highways,Ruben Castellanos feat. Priya Anand,80.0,160395,Single,1,False,https://cdn.example.com/covers/084.jpg
2024-02-22,37,Bitter Signals,Jaxon Frey,77.0,168881,Single,1,False,https://cdn.example.com/covers/014.jpg
2024-02-22,38,Quiet Promises,Deja Monroe,79.0,172131,Album,16,False,https://cdn.example.com/covers/091.jpg
2024-02-22,39,Sugar Signals,Priya Anand,81.0,221010,Album,15,False,https://cdn.example.com/covers/122.jpg
2024-02-22,40,Velvet Hours,Lorna Sky feat. Ruben Castellanos,77.0,221443,Album,11,True,https://cdn.example.com/covers/134.jpg
2024-02-22,41,Restless Ghosts,Milo & The Tides,74.0,132699,Single,1,True,https://cdn.example.com/covers/097.jpg
2024-02-22,42,Sugar Bones,Halcyon Youth,81.0,203420,Album,17,True,https://cdn.example.com/covers/116.jpg
2024-02-22,43,Bitter Machines,Dust & Ember,85.0,218931,Single,1,False,https://cdn.example.com/covers/011.jpg
2024-02-22,44,Faded Rivers,Saint Avery,76.0,216418,Album,15,False,https://cdn.example.com/covers/033.jpg
2024-02-22,45,Ashen Bones,Milo & The Tides feat. Omar Diallo,76.0,143025,Single,1,False,https://cdn.example.com/covers/000.jpg
2024-02-22,46,Sugar Cities,Velvet Static,86.0,262484,Single,1,False,https://cdn.example.com/covers/117.jpg
2024-02-22,47,Sugar Hours,Bea Whitlock,75.0,157479,Single,1,True,https://cdn.example.com/covers/120.jpg
2024-02-22,48,Bitter Engines,Ruben Castellanos,71.0,183774,Album,18,False,https://cdn.example.com/covers/009.jpg
2024-02-22,49,Faded Vices,Deja Monroe,69.0,106449,Album,15,False,https://cdn.example.com/covers/037.jpg
2024-02-22,50,Static Wires,The Paper Kites Co. feat. Ruben Castellanos,74.0,171130,Single,1,False,https://cdn.example.com/covers/115.jpg
2024-02-23,1,Lonely Rivers,Milo & The Tides,100.0,210046,Single,1,True,https://cdn.example.com/covers/064.jpg
2024-02-23,2,Neon Summers,Dust & Ember feat. Saint Avery,100.0,172623,Single,1,True,https://cdn.example.com/covers/079.jpg
2024-02-23,3,Golden Rooms,Nova Reyes,100.0,174403,Album,20,True,https://cdn.example.com/covers/045.jpg
2024-02-23,4,Faded Crowns,Jaxon Frey,100.0,146551,Album,17,True,https://cdn.example.com/covers/029.jpg
2024-02-23,5,Ivory Letters,Saint Avery,100.0,230277,Single,1,False,https://cdn.example.com/covers/057.jpg
2024-02-23,6,Electric Weather,Dust & Ember feat. Milo & The Tides,100.0,135617,Album,11,False,https://cdn.example.com/covers/025.jpg
2024-02-23,7,Golden Engines,Saint Avery,100.0,237976,Album,18,True,https://cdn.example.com/covers/042.jpg
2024-02-23,8,Ashen Rooms,Saint Avery feat. The Paper Kites Co.,97.0,221034,Album,20,True,https://cdn.example.com/covers/006.jpg
2024-02-23,9,Wildflower Names,The Lantern Club feat. Nova Reyes,100.0,178107,Album,11,True,https://cdn.example.com/covers/144.jpg
2024-02-23,10,Midnight Summers,The Lantern Club feat. Bea Whitlock,99.0,206872,Album,16,False,https://cdn.example.com/covers/073.jpg
2024-02-23,11,Hollow Ghosts,Dust & Ember,100.0,181921,Album,10,True,https://cdn.example.com/covers/048.jpg
2024-02-23,12,Sugar Crowns,Lorna Sky,94.0,133986,Album,7,False,https://cdn.example.com/covers/118.jpg
2024-02-23,13,Faded Promises,The Paper Kites Co.,98.0,216898,Album,11,False,https://cdn.example.com/covers/032.jpg
2024-02-23,14,Hollow Engines,Jaxon Frey,93.0,255285,Single,1,False,https://cdn.example.com/covers/047.jpg
2024-02-23,15,Paper Cities,Velvet Static,97.0,195370,Album,16,False,https://cdn.example.com/covers/081.jpg
2024-02-23,16,Sugar Names,Trey Nakamura,93.0,242733,Album,15,True,https://cdn.example.com/covers/121.jpg
2024-02-23,17,Wildflower Signals,Dust & Ember,95.0,277579,Single,1,True,https://cdn.example.com/covers/146.jpg
2024-02-23,18,Ivory Summers,Saint Avery,97.0,277100,Album,17,True,https://cdn.example.com/covers/058.jpg
2024-02-23,19,Hollow Vices,Bea Whitlock,86.0,173530,Album,17,False,https://cdn.example.com/covers/053.jpg
2024-02-23,20,Restless Vices,Omar Diallo,90.0,207503,Single,1,False,https://cdn.example.com/covers/101.jpg
2024-02-23,21,Velvet Vices,Velvet Static,95.0,259460,Single,1,True,https://cdn.example.com/covers/138.jpg
2024-02-23,22,Silver Letters,Kira Lindqvist,93.0,135608,Single,1,False,https://cdn.example.com/covers/105.jpg
2024-02-23,23,Neon Rooms,Bea Whitlock,88.0,178843,Album,18,True,https://cdn.example.com/covers/078.jpg
2024-02-23,24,Hollow Promises,Velvet Static,93.0,137625,Single,1,True,https://cdn.example.com/covers/050.jpg
2024-02-23,25,Bitter Daylight,Lorna Sky,88.0,223885,Album,16,True,https://cdn.example.com/covers/008.jpg
2024-02-23,26,Faded Summers,The Paper Kites Co.,88.0,238446,Single,1,False,https://cdn.example.com/covers/036.jpg
2024-02-23,27,Silver Hours,Nova Reyes,94.0,228733,Single,1,True,https://cdn.example.com/covers/104.jpg
2024-02-23,28,Quiet Promises,Deja Monroe,84.0,172131,Album,16,False,https://cdn.example.com/covers/091.jpg
2024-02-23,29,Velvet Machines,Trey Nakamura,87.0,270666,Album,16,False,https://cdn.example.com/covers/135.jpg
2024-02-23,30,Restless Signals,Milo & The Tides,88.0,220260,Album,10,False,https://cdn.example.com/covers/100.jpg
2024-02-23,31,Faded Cities,Jaxon Frey feat. Nova Reyes,84.0,282662,Album,10,False,https://cdn.example.com/covers/028.jpg
2024-02-23,32,Midnight Crowns,Jaxon Frey,80.0,210662,Album,13,True,https://cdn.example.com/covers/067.jpg
2024-02-23,33,Sunlit Highways,Kira Lindqvist,90.0,259501,Album,7,True,https://cdn.example.com/covers/125.jpg
2024-02-23,34,Velvet Promises,Kira Lindqvist,86.0,204302,Album,8,False,https://cdn.example.com/covers/136.jpg
2024-02-23,35,Bitter Signals,Jaxon Frey,81.0,168881,Single,1,False,https://cdn.example.com/covers/014.jpg
2024-02-23,36,Faded Rivers,Saint Avery,80.0,216418,Album,15,False,https://cdn.example.com/covers/033.jpg
2024-02-23,37,Sugar Signals,Priya Anand,84.0,221010,Album,15,False,https://cdn.example.com/covers/122.jpg
2024-02-23,38,Sugar Cities,Velvet Static,76.0,262484,Single,1,False,https://cdn.example.com/covers/117.jpg
2024-02-23,39,Velvet Weather,Dust & Ember,80.0,271354,Album,9,False,https://cdn.example.com/covers/139.jpg
2024-02-23,40,Paper Highways,Ruben Castellanos feat. Priya Anand,78.0,160395,Single,1,False,https://cdn.example.com/covers/084.jpg
2024-02-23,41,Restless Ghosts,Milo & The Tides,82.0,132699,Single,1,True,https://cdn.example.com/covers/097.jpg
2024-02-23,42,Ashen Bones,Milo & The Tides feat. Omar Diallo,,143025,Single,1,False,https://cdn.example.com/covers/000.jpg
2024-02-23,43,Lonely Bones,The Paper Kites Co.,80.0,237046,Single,1,False,https://cdn.example.com/covers/060.jpg
2024-02-23,44,Velvet Hours,Lorna Sky feat. Ruben Castellanos,80.0,221443,Album,11,True,https://cdn.example.com/covers/134.jpg
2024-02-23,45,Bitter Machines,Dust & Ember,67.0,218931,Single,1,False,https://cdn.example.com/covers/011.jpg
2024-02-23,46,Faded Vices,Deja Monroe,71.0,106449,Album,15,False,https://cdn.example.com/covers/037.jpg
2024-02-23,47,Sugar Bones,Halcyon Youth,72.0,203420,Album,17,True,https://cdn.example.com/covers/116.jpg
2024-02-23,48,Static Wires,The Paper Kites Co. feat. Ruben Castellanos,70.0,171130,Single,1,False,https://cdn.example.com/covers/115.jpg
2024-02-23,49,Hollow Names,Milo & The Tides,74.0,205579,Single,1,True,https://cdn.example.com/covers/049.jpg
2024-02-23,50,Crimson Ghosts,Velvet Static feat. Dust & Ember,66.0,207632,Single,1,False,https://cdn.example.com/covers/018.jpg
2024-02-24,1,Lonely Rivers,Milo & The Tides,100.0,210046,Single,1,True,https://cdn.example.com/covers/064.jpg
2024-02-24,2,Golden Rooms,Nova Reyes,100.0,174403,Album,20,True,https://cdn.example.com/covers/045.jpg
2024-02-24,3,Electric Weather,Dust & Ember feat. Milo & The Tides,100.0,135617,Album,11,False,https://cdn.example.com/covers/025.jpg
2024-02-24,4,Neon Summers,Dust & Ember feat. Saint Avery,100.0,172623,Single,1,True,https://cdn.example.com/covers/079.jpg
2024-02-24,5,Golden Engines,Saint Avery,100.0,237976,Album,18,True,https://cdn.example.com/covers/042.jpg
2024-02-24,6,Ivory Letters,Saint Avery,100.0,230277,Single,1,False,https://cdn.example.com/covers/057.jpg
2024-02-24,7,Faded Crowns,Jaxon Frey,100.0,146551,Album,17,True,https://cdn.example.com/covers/029.jpg
2024-02-24,8,Paper Cities,Velvet Static,100.0,195370,Album,16,False,https://cdn.example.com/covers/081.jpg
2024-02-24,9,Faded Promises,The Paper Kites Co.,100.0,216898,Album,11,False,https://cdn.example.com/covers/032.jpg
2024-02-24,10,Ashen Rooms,Saint Avery feat. The Paper Kites Co.,100.0,221034,Album,20,True,https://cdn.example.com/covers/006.jpg
2024-02-24,11,Midnight Summers,The Lantern Club feat. Bea Whitlock,97.0,206872,Album,16,False,https://cdn.example.com/covers/073.jpg
2024-02-24,12,Hollow Engines,Jaxon Frey,92.0,255285,Single,1,False,https://cdn.example.com/covers/047.jpg
2024-02-24,13,Wildflower Names,The Lantern Club feat. Nova Reyes,99.0,178107,Album,11,True,https://cdn.example.com/covers/144.jpg
2024-02-24,14,Velvet Vices,Velvet Static,99.0,259460,Single,1,True,https://cdn.example.com/covers/138.jpg
2024-02-24,15,Silver Hours,Nova Reyes,95.0,228733,Single,1,True,https://cdn.example.com/covers/104.jpg
2024-02-24,16,Hollow Ghosts,Dust & Ember,91.0,181921,Album,10,True,https://cdn.example.com/covers/048.jpg
2024-02-24,17,Hollow Vices,Bea Whitlock,95.0,173530,Album,17,False,https://cdn.example.com/covers/053.jpg
2024-02-24,18,Sugar Crowns,Lorna Sky,93.0,133986,Album,7,False,https://cdn.example.com/covers/118.jpg
2024-02-24,19,Restless Vices,Omar Diallo,92.0,207503,Single,1,False,https://cdn.example.com/covers/101.jpg
2024-02-24,20,Sugar Names,Trey Nakamura,89.0,242733,Album,15,True,https://cdn.example.com/covers/121.jpg
2024-02-24,21,Neon Rooms,Bea Whitlock,,178843,Album,18,True,https://cdn.example.com/covers/078.jpg
2024-02-24,22,Ivory Summers,Saint Avery,87.0,277100,Album,17,True,https://cdn.example.com/covers/058.jpg
2024-02-24,23,Faded Summers,The Paper Kites Co.,86.0,238446,Single,1,False,https://cdn.example.com/covers/036.jpg
2024-02-24,24,Hollow Promises,Velvet Static,94.0,137625,Single,1,True,https://cdn.example.com/covers/050.jpg
2024-02-24,25,Wildflower Signals,Dust & Ember,87.0,277579,Single,1,True,https://cdn.example.com/covers/146.jpg
2024-02-24,26,Bitter Daylight,Lorna Sky,81.0,223885,Album,16,True,https://cdn.example.com/covers/008.jpg
2024-02-24,27,Velvet Machines,Trey Nakamura,87.0,270666,Album,16,False,https://cdn.example.com/covers/135.jpg
2024-02-24,28,Restless Signals,Milo & The Tides,87.0,220260,Album,10,False,https://cdn.example.com/covers/100.jpg
2024-02-24,29,Electric Wires,Trey Nakamura feat. Deja Monroe,85.0,227637,Album,16,False,https://cdn.example.com/covers/026.jpg
2024-02-24,30,Midnight Crowns,Jaxon Frey,89.0,210662,Album,13,True,https://cdn.example.com/covers/067.jpg
2024-02-24,31,Sugar Signals,Priya Anand,88.0,221010,Album,15,False,https://cdn.example.com/covers/122.jpg
2024-02-24,32,Faded Cities,Jaxon Frey feat. Nova Reyes,93.0,282662,Album,10,False,https://cdn.example.com/covers/028.jpg
2024-02-24,33,Sunlit Highways,Kira Lindqvist,82.0,259501,Album,7,True,https://cdn.example.com/covers/125.jpg
2024-02-24,34,Bitter Signals,Jaxon Frey,84.0,168881,Single,1,False,https://cdn.example.com/covers/014.jpg
2024-02-24,35,Hollow Rivers,Bea Whitlock,83.0,208425,Album,9,True,https://cdn.example.com/covers/051.jpg
2024-02-24,36,Velvet Promises,Kira Lindqvist,82.0,204302,Album,8,False,https://cdn.example.com/covers/136.jpg
2024-02-24,37,Silver Letters,Kira Lindqvist,86.0,135608,Single,1,False,https://cdn.example.com/covers/105.jpg
2024-02-24,38,Faded Rivers,Saint Avery,75.0,216418,Album,15,False,https://cdn.example.com/covers/033.jpg
2024-02-24,39,Quiet Promises,Deja Monroe,72.0,172131,Album,16,False,https://cdn.example.com/covers/091.jpg
2024-02-24,40,Sugar Cities,Velvet Static,79.0,262484,Single,1,False,https://cdn.example.com/covers/117.jpg
2024-02-24,41,Velvet Hours,Lorna Sky feat. Ruben Castellanos,91.0,221443,Album,11,True,https://cdn.example.com/covers/134.jpg
2024-02-24,42,Paper Highways,Ruben Castellanos feat. Priya Anand,82.0,160395,Single,1,False,https://cdn.example.com/covers/084.jpg
2024-02-24,43,Restless Ghosts,Milo & The Tides,76.0,132699,Single,1,True,https://cdn.example.com/covers/097.jpg
2024-02-24,44,Velvet Weather,Dust & Ember,73.0,271354,Album,9,False,https://cdn.example.com/covers/139.jpg
2024-02-24,45,Hollow Names,Milo & The Tides,79.0,205579,Single,1,True,https://cdn.example.com/covers/049.jpg
2024-02-24,46,Sugar Bones,Halcyon Youth,79.0,203420,Album,17,True,https://cdn.example.com/covers/116.jpg
2024-02-24,47,Ashen Bones,Milo & The Tides feat. Omar Diallo,72.0,143025,Single,1,False,https://cdn.example.com/covers/000.jpg
2024-02-24,48,Lonely Bones,The Paper Kites Co.,72.0,237046,Single,1,False,https://cdn.example.com/covers/060.jpg
2024-02-24,49,Sugar Hours,Bea Whitlock,73.0,157479,Single,1,True,https://cdn.example.com/covers/120.jpg
2024-02-24,50,Bitter Machines,Dust & Ember,75.0,218931,Single,1,False,https://cdn.example.com/covers/011.jpg
2024-02-25,1,Lonely Rivers,Milo & The Tides,100.0,210046,Single,1,True,https://cdn.example.com/covers/064.jpg
2024-02-25,2,Neon Summers,Dust & Ember feat. Saint Avery,100.0,172623,Single,1,True,https://cdn.example.com/covers/079.jpg
2024-02-25,3,Golden Rooms,Nova Reyes,100.0,174403,Album,20,True,https://cdn.example.com/covers/045.jpg
2024-02-25,4,Faded Crowns,Jaxon Frey,100.0,146551,Album,17,True,https://cdn.example.com/covers/029.jpg
2024-02-25,5,Electric Weather,Dust & Ember feat. Milo & The Tides,100.0,135617,Album,11,False,https://cdn.example.com/covers/025.jpg
2024-02-25,6,Ivory Letters,Saint Avery,100.0,230277,Single,1,False,https://cdn.example.com/covers/057.jpg
2024-02-25,7,Paper Cities,Velvet Static,98.0,195370,Album,16,False,https://cdn.example.com/covers/081.jpg
2024-02-25,8,Sugar Names,Trey Nakamura,100.0,242733,Album,15,True,https://cdn.example.com/covers/121.jpg
2024-02-25,9,Midnight Summers,The Lantern Club feat. Bea Whitlock,100.0,206872,Album,16,False,https://cdn.example.com/covers/073.jpg
2024-02-25,10,Ashen Rooms,Saint Avery feat. The Paper Kites Co.,95.0,221034,Album,20,True,https://cdn.example.com/covers/006.jpg
2024-02-25,11,Silver Hours,Nova Reyes,98.0,228733,Single,1,True,https://cdn.example.com/covers/104.jpg
2024-02-25,12,Wildflower Names,The Lantern Club feat. Nova Reyes,100.0,178107,Album,11,True,https://cdn.example.com/covers/144.jpg
2024-02-25,13,Velvet Vices,Velvet Static,99.0,259460,Single,1,True,https://cdn.example.com/covers/138.jpg
2024-02-25,14,Golden Engines,Saint Avery,96.0,237976,Album,18,True,https://cdn.example.com/covers/042.jpg
2024-02-25,15,Hollow Ghosts,Dust & Ember,100.0,181921,Album,10,True,https://cdn.example.com/covers/048.jpg
2024-02-25,16,Ivory Summers,Saint Avery,98.0,277100,Album,17,True,https://cdn.example.com/covers/058.jpg
2024-02-25,17,Hollow Engines,Jaxon Frey,93.0,255285,Single,1,False,https://cdn.example.com/covers/047.jpg
2024-02-25,18,Faded Summers,The Paper Kites Co.,98.0,238446,Single,1,False,https://cdn.example.com/covers/036.jpg
2024-02-25,19,Velvet Promises,Kira Lindqvist,98.0,204302,Album,8,False,https://cdn.example.com/covers/136.jpg
2024-02-25,20,Restless Vices,Omar Diallo,94.0,207503,Single,1,False,https://cdn.example.com/covers/101.jpg
2024-02-25,21,Sugar Crowns,Lorna Sky,88.0,133986,Album,7,False,https://cdn.example.com/covers/118.jpg
2024-02-25,22,Velvet Machines,Trey Nakamura,96.0,270666,Album,16,False,https://cdn.example.com/covers/135.jpg
2024-02-25,23,Faded Promises,The Paper Kites Co.,95.0,216898,Album,11,False,https://cdn.example.com/covers/032.jpg
2024-02-25,24,Bitter Daylight,Lorna Sky,79.0,223885,Album,16,True,https://cdn.example.com/covers/008.jpg
2024-02-25,25,Hollow Vices,Bea Whitlock,89.0,173530,Album,17,False,https://cdn.example.com/covers/053.jpg
2024-02-25,26,Hollow Promises,Velvet Static,86.0,137625,Single,1,True,https://cdn.example.com/covers/050.jpg
2024-02-25,27,Restless Signals,Milo & The Tides,79.0,220260,Album,10,False,https://cdn.example.com/covers/100.jpg
2024-02-25,28,Wildflower Signals,Dust & Ember,84.0,277579,Single,1,True,https://cdn.example.com/covers/146.jpg
2024-02-25,29,Sunlit Highways,Kira Lindqvist,83.0,259501,Album,7,True,https://cdn.example.com/covers/125.jpg
2024-02-25,30,Sugar Cities,Velvet Static,84.0,262484,Single,1,False,https://cdn.example.com/covers/117.jpg
2024-02-25,31,Silver Letters,Kira Lindqvist,82.0,135608,Single,1,False,https://cdn.example.com/covers/105.jpg
2024-02-25,32,Neon Rooms,Bea Whitlock,88.0,178843,Album,18,True,https://cdn.example.com/covers/078.jpg
2024-02-25,33,Velvet Weather,Dust & Ember,85.0,271354,Album,9,False,https://cdn.example.com/covers/139.jpg
2024-02-25,34,Faded Cities,Jaxon Frey feat. Nova Reyes,80.0,282662,Album,10,False,https://cdn.example.com/covers/028.jpg
2024-02-25,35,Midnight Crowns,Jaxon Frey,84.0,210662,Album,13,True,https://cdn.example.com/covers/067.jpg
2024-02-25,36,Faded Rivers,Saint Avery,82.0,216418,Album,15,False,https://cdn.example.com/covers/033.jpg
2024-02-25,37,Sugar Hours,Bea Whitlock,76.0,157479,Single,1,True,https://cdn.example.com/covers/120.jpg
2024-02-25,38,Sugar Bones,Halcyon Youth,79.0,203420,Album,17,True,https://cdn.example.com/covers/116.jpg
2024-02-25,39,Ashen Bones,Milo & The Tides feat. Omar Diallo,84.0,143025,Single,1,False,https://cdn.example.com/covers/000.jpg
2024-02-25,40,Velvet Hours,Lorna Sky feat. Ruben Castellanos,82.0,221443,Album,11,True,https://cdn.example.com/covers/134.jpg
2024-02-25,41,Electric Wires,Trey Nakamura feat. Deja Monroe,83.0,227637,Album,16,False,https://cdn.example.com/covers/026.jpg
2024-02-25,42,Paper Highways,Ruben Castellanos feat. Priya Anand,76.0,160395,Single,1,False,https://cdn.example.com/covers/084.jpg
2024-02-25,43,Bitter Signals,Jaxon Frey,77.0,168881,Single,1,False,https://cdn.example.com/covers/014.jpg
2024-02-25,44,Quiet Promises,Deja Monroe,76.0,172131,Album,16,False,https://cdn.example.com/covers/091.jpg
2024-02-25,45,Hollow Rivers,Bea Whitlock,73.0,208425,Album,9,True,https://cdn.example.com/covers/051.jpg
2024-02-25,46,Sugar Signals,Priya Anand,77.0,221010,Album,15,False,https://cdn.example.com/covers/122.jpg
2024-02-25,47,Static Wires,The Paper Kites Co. feat. Ruben Castellanos,75.0,171130,Single,1,False,https://cdn.example.com/covers/115.jpg
2024-02-25,48,Bitter Machines,Dust & Ember,75.0,218931,Single,1,False,https://cdn.example.com/covers/011.jpg
2024-02-25,49,Crimson Ghosts,Velvet Static feat. Dust & Ember,74.0,207632,Single,1,False,https://cdn.example.com/covers/018.jpg
2024-02-25,50,Restless Ghosts,Milo & The Tides,69.0,132699,Single,1,True,https://cdn.example.com/covers/097.jpg
2024-02-26,1,Lonely Rivers,Milo & The Tides,100.0,210046,Single,1,True,https://cdn.example.com/covers/064.jpg
2024-02-26,2,Neon Summers,Dust & Ember feat. Saint Avery,100.0,172623,Single,1,True,https://cdn.example.com/covers/079.jpg
2024-02-26,3,Golden Rooms,Nova Reyes,100.0,174403,Album,20,True,https://cdn.example.com/covers/045.jpg
2024-02-26,4,Electric Weather,Dust & Ember feat. Milo & The Tides,100.0,135617,Album,11,False,https://cdn.example.com/covers/025.jpg
2024-02-26,5,Ivory Letters,Saint Avery,100.0,230277,Single,1,False,https://cdn.example.com/covers/057.jpg
2024-02-26,6,Golden Engines,Saint Avery,100.0,237976,Album,18,True,https://cdn.example.com/covers/042.jpg
2024-02-26,7,Paper Cities,Velvet Static,100.0,195370,Album,16,False,https://cdn.example.com/covers/081.jpg
2024-02-26,8,Midnight Summers,The Lantern Club feat. Bea Whitlock,100.0,206872,Album,16,False,https://cdn.example.com/covers/073.jpg
2024-02-26,9,Sugar Names,Trey Nakamura,100.0,242733,Album,15,True,https://cdn.example.com/covers/121.jpg
2024-02-26,10,Faded Crowns,Jaxon Frey,100.0,146551,Album,17,True,https://cdn.example.com/covers/029.jpg
2024-02-26,11,Faded Promises,The Paper Kites Co.,93.0,216898,Album,11,False,https://cdn.example.com/covers/032.jpg
2024-02-26,12,Ashen Rooms,Saint Avery feat. The Paper Kites Co.,97.0,221034,Album,20,True,https://cdn.example.com/covers/006.jpg
2024-02-26,13,Hollow Ghosts,Dust & Ember,97.0,181921,Album,10,True,https://cdn.example.com/covers/048.jpg
2024-02-26,14,Hollow Engines,Jaxon Frey,100.0,255285,Single,1,False,https://cdn.example.com/covers/047.jpg
2024-02-26,15,Wildflower Names,The Lantern Club feat. Nova Reyes,93.0,178107,Album,11,True,https://cdn.example.com/covers/144.jpg
2024-02-26,16,Sugar Crowns,Lorna Sky,97.0,133986,Album,7,False,https://cdn.example.com/covers/118.jpg
2024-02-26,17,Velvet Vices,Velvet Static,94.0,259460,Single,1,True,https://cdn.example.com/covers/138.jpg
2024-02-26,18,Velvet Promises,Kira Lindqvist,95.0,204302,Album,8,False,https://cdn.example.com/covers/136.jpg
2024-02-26,19,Silver Hours,Nova Reyes,98.0,228733,Single,1,True,https://cdn.example.com/covers/104.jpg
2024-02-26,20,Restless Vices,Omar Diallo,89.0,207503,Single,1,False,https://cdn.example.com/covers/101.jpg
2024-02-26,21,Neon Rooms,Bea Whitlock,87.0,178843,Album,18,True,https://cdn.example.com/covers/078.jpg
2024-02-26,22,Ivory Summers,Saint Avery,95.0,277100,Album,17,True,https://cdn.example.com/covers/058.jpg
2024-02-26,23,Faded Cities,Jaxon Frey feat. Nova Reyes,91.0,282662,Album,10,False,https://cdn.example.com/covers/028.jpg
2024-02-26,24,Faded Summers,The Paper Kites Co.,86.0,238446,Single,1,False,https://cdn.example.com/covers/036.jpg
2024-02-26,25,Bitter Daylight,Lorna Sky,90.0,223885,Album,16,True,https://cdn.example.com/covers/008.jpg
2024-02-26,26,Restless Signals,Milo & The Tides,86.0,220260,Album,10,False,https://cdn.example.com/covers/100.jpg
2024-02-26,27,Hollow Vices,Bea Whitlock,91.0,173530,Album,17,False,https://cdn.example.com/covers/053.jpg
2024-02-26,28,Hollow Promises,Velvet Static,86.0,137625,Single,1,True,https://cdn.example.com/covers/050.jpg
2024-02-26,29,Velvet Machines,Trey Nakamura,91.0,270666,Album,16,False,https://cdn.example.com/covers/135.jpg
2024-02-26,30,Wildflower Signals,Dust & Ember,84.0,277579,Single,1,True,https://cdn.example.com/covers/146.jpg
2024-02-26,31,Hollow Rivers,Bea Whitlock,86.0,208425,Album,9,True,https://cdn.example.com/covers/051.jpg
2024-02-26,32,Silver Letters,Kira Lindqvist,84.0,135608,Single,1,False,https://cdn.example.com/covers/105.jpg
2024-02-26,33,Sunlit Highways,Kira Lindqvist,86.0,259501,Album,7,True,https://cdn.example.com/covers/125.jpg
2024-02-26,34,Quiet Promises,Deja Monroe,80.0,172131,Album,16,False,https://cdn.example.com/covers/091.jpg
2024-02-26,35,Sugar Cities,Velvet Static,85.0,262484,Single,1,False,https://cdn.example.com/covers/117.jpg
2024-02-26,36,Electric Wires,Trey Nakamura feat. Deja Monroe,79.0,227637,Album,16,False,https://cdn.example.com/covers/026.jpg
2024-02-26,37,Sugar Signals,Priya Anand,85.0,221010,Album,15,False,https://cdn.example.com/covers/122.jpg
2024-02-26,38,Midnight Crowns,Jaxon Frey,79.0,210662,Album,13,True,https://cdn.example.com/covers/067.jpg
2024-02-26,39,Sugar Bones,Halcyon Youth,77.0,203420,Album,17,True,https://cdn.example.com/covers/116.jpg
2024-02-26,40,Paper Highways,Ruben Castellanos feat. Priya Anand,83.0,160395,Single,1,False,https://cdn.example.com/covers/084.jpg
2024-02-26,41,Bitter Signals,Jaxon Frey,77.0,168881,Single,1,False,https://cdn.example.com/covers/014.jpg
2024-02-26,42,Velvet Highways,Cold Harbor,79.0,215061,Single,1,True,https://cdn.example.com/covers/133.jpg
2024-02-26,43,Ashen Bones,Milo & The Tides feat. Omar Diallo,76.0,143025,Single,1,False,https://cdn.example.com/covers/000.jpg
2024-02-26,44,Velvet Weather,Dust & Ember,79.0,271354,Album,9,False,https://cdn.example.com/covers/139.jpg
2024-02-26,45,Restless Ghosts,Milo & The Tides,82.0,132699,Single,1,True,https://cdn.example.com/covers/097.jpg
2024-02-26,46,Static Wires,The Paper Kites Co. feat. Ruben Castellanos,72.0,171130,Single,1,False,https://cdn.example.com/covers/115.jpg
2024-02-26,47,Quiet Names,Deja Monroe,75.0,155216,Single,1,True,https://cdn.example.com/covers/090.jpg
2024-02-26,48,Faded Rivers,Saint Avery,75.0,216418,Album,15,False,https://cdn.example.com/covers/033.jpg
2024-02-26,49,Restless Highways,Halcyon Youth,71.0,171215,Single,1,False,https://cdn.example.com/covers/098.jpg
2024-02-26,50,Neon Wires,Deja Monroe feat. Milo & The Tides,70.0,189317,Album,20,False,https://cdn.example.com/covers/080.jpg
2024-02-27,1,Lonely Rivers,Milo & The Tides,100.0,210046,Single,1,True,https://cdn.example.com/covers/064.jpg
2024-02-27,2,Golden Rooms,Nova Reyes,100.0,174403,Album,20,True,https://cdn.example.com/covers/045.jpg
2024-02-27,3,Neon Summers,Dust & Ember feat. Saint Avery,100.0,172623,Single,1,True,https://cdn.example.com/covers/079.jpg
2024-02-27,4,Faded Crowns,Jaxon Frey,100.0,146551,Album,17,True,https://cdn.example.com/covers/029.jpg
2024-02-27,5,Midnight Summers,The Lantern Club feat. Bea Whitlock,100.0,206872,Album,16,False,https://cdn.example.com/covers/073.jpg
2024-02-27,6,Ashen Rooms,Saint Avery feat. The Paper Kites Co.,100.0,221034,Album,20,True,https://cdn.example.com/covers/006.jpg
2024-02-27,7,Electric Weather,Dust & Ember feat. Milo & The Tides,100.0,135617,Album,11,False,https://cdn.example.com/covers/025.jpg
2024-02-27,8,Golden Engines,Saint Avery,100.0,237976,Album,18,True,https://cdn.example.com/covers/042.jpg
2024-02-27,9,Paper Cities,Velvet Static,100.0,195370,Album,16,False,https://cdn.example.com/covers/081.jpg
2024-02-27,10,Sugar Names,Trey Nakamura,99.0,242733,Album,15,True,https://cdn.example.com/covers/121.jpg
2024-02-27,11,Hollow Ghosts,Dust & Ember,98.0,181921,Album,10,True,https://cdn.example.com/covers/048.jpg
2024-02-27,12,Faded Promises,The Paper Kites Co.,98.0,216898,Album,11,False,https://cdn.example.com/covers/032.jpg
2024-02-27,13,Ivory Letters,Saint Avery,98.0,230277,Single,1,False,https://cdn.example.com/covers/057.jpg
2024-02-27,14,Silver Hours,Nova Reyes,97.0,228733,Single,1,True,https://cdn.example.com/covers/104.jpg
2024-02-27,15,Velvet Vices,Velvet Static,92.0,259460,Single,1,True,https://cdn.example.com/covers/138.jpg
2024-02-27,16,Wildflower Names,The Lantern Club feat. Nova Reyes,92.0,178107,Album,11,True,https://cdn.example.com/covers/144.jpg
2024-02-27,17,Wildflower Signals,Dust & Ember,91.0,277579,Single,1,True,https://cdn.example.com/covers/146.jpg
2024-02-27,18,Ivory Summers,Saint Avery,88.0,277100,Album,17,True,https://cdn.example.com/covers/058.jpg
2024-02-27,19,Velvet Promises,Kira Lindqvist,90.0,204302,Album,8,False,https://cdn.example.com/covers/136.jpg
2024-02-27,20,Faded Summers,The Paper Kites Co.,92.0,238446,Single,1,False,https://cdn.example.com/covers/036.jpg
2024-02-27,21,Restless Vices,Omar Diallo,92.0,207503,Single,1,False,https://cdn.example.com/covers/101.jpg
2024-02-27,22,Velvet Machines,Trey Nakamura,97.0,270666,Album,16,False,https://cdn.example.com/covers/135.jpg
2024-02-27,23,Bitter Daylight,Lorna Sky,92.0,223885,Album,16,True,https://cdn.example.com/covers/008.jpg
2024-02-27,24,Hollow Vices,Bea Whitlock,83.0,173530,Album,17,False,https://cdn.example.com/covers/053.jpg
2024-02-27,25,Sugar Crowns,Lorna Sky,88.0,133986,Album,7,False,https://cdn.example.com/covers/118.jpg
2024-02-27,26,Hollow Engines,Jaxon Frey,94.0,255285,Single,1,False,https://cdn.example.com/covers/047.jpg
2024-02-27,27,Faded Cities,Jaxon Frey feat. Nova Reyes,90.0,282662,Album,10,False,https://cdn.example.com/covers/028.jpg
2024-02-27,28,Neon Rooms,Bea Whitlock,80.0,178843,Album,18,True,https://cdn.example.com/covers/078.jpg
2024-02-27,29,Hollow Promises,Velvet Static,86.0,137625,Single,1,True,https://cdn.example.com/covers/050.jpg
2024-02-27,30,Velvet Highways,Cold Harbor,82.0,215061,Single,1,True,https://cdn.example.com/covers/133.jpg
2024-02-27,31,Silver Letters,Kira Lindqvist,81.0,135608,Single,1,False,https://cdn.example.com/covers/105.jpg
2024-02-27,32,Hollow Rivers,Bea Whitlock,88.0,208425,Album,9,True,https://cdn.example.com/covers/051.jpg
2024-02-27,33,Sugar Signals,Priya Anand,82.0,221010,Album,15,False,https://cdn.example.com/covers/122.jpg
2024-02-27,34,Bitter Signals,Jaxon Frey,86.0,168881,Single,1,False,https://cdn.example.com/covers/014.jpg
2024-02-27,35,Restless Signals,Milo & The Tides,81.0,220260,Album,10,False,https://cdn.example.com/covers/100.jpg
2024-02-27,36,Electric Wires,Trey Nakamura feat. Deja Monroe,86.0,227637,Album,16,False,https://cdn.example.com/covers/026.jpg
2024-02-27,37,Paper Highways,Ruben Castellanos feat. Priya Anand,77.0,160395,Single,1,False,https://cdn.example.com/covers/084.jpg
2024-02-27,38,Quiet Promises,Deja Monroe,78.0,172131,Album,16,False,https://cdn.example.com/covers/091.jpg
2024-02-27,39,Restless Ghosts,Milo & The Tides,87.0,132699,Single,1,True,https://cdn.example.com/covers/097.jpg
2024-02-27,40,Velvet Weather,Dust & Ember,78.0,271354,Album,9,False,https://cdn.example.com/covers/139.jpg
2024-02-27,41,Hollow Names,Milo & The Tides,79.0,205579,Single,1,True,https://cdn.example.com/covers/049.jpg
2024-02-27,42,Sugar Cities,Velvet Static,76.0,262484,Single,1,False,https://cdn.example.com/covers/117.jpg
2024-02-27,43,Sugar Hours,Bea Whitlock,77.0,157479,Single,1,True,https://cdn.example.com/covers/120.jpg
2024-02-27,44,Ivory Weather,Cold Harbor,80.0,141107,Single,1,True,https://cdn.example.com/covers/059.jpg
2024-02-27,45,Midnight Crowns,Jaxon Frey,67.0,210662,Album,13,True,https://cdn.example.com/covers/067.jpg
2024-02-27,46,Sunlit Highways,Kira Lindqvist,75.0,259501,Album,7,True,https://cdn.example.com/covers/125.jpg
2024-02-27,47,Sugar Bones,Halcyon Youth,70.0,203420,Album,17,True,https://cdn.example.com/covers/116.jpg
2024-02-27,48,Ashen Bones,Milo & The Tides feat. Omar Diallo,73.0,143025,Single,1,False,https://cdn.example.com/covers/000.jpg
2024-02-27,49,Crimson Ghosts,Velvet Static feat. Dust & Ember,66.0,207632,Single,1,False,https://cdn.example.com/covers/018.jpg
2024-02-27,50,Static Wires,The Paper Kites Co. feat. Ruben Castellanos,75.0,171130,Single,1,False,https://cdn.example.com/covers/115.jpg
2024-02-28,1,Golden Rooms,Nova Reyes,100.0,174403,Album,20,True,https://cdn.example.com/covers/045.jpg
2024-02-28,2,Lonely Rivers,Milo & The Tides,100.0,210046,Single,1,True,https://cdn.example.com/covers/064.jpg
2024-02-28,3,Neon Summers,Dust & Ember feat. Saint Avery,100.0,172623,Single,1,True,https://cdn.example.com/covers/079.jpg
2024-02-28,4,Electric Weather,Dust & Ember feat. Milo & The Tides,100.0,135617,Album,11,False,https://cdn.example.com/covers/025.jpg
2024-02-28,5,Faded Crowns,Jaxon Frey,100.0,146551,Album,17,True,https://cdn.example.com/covers/029.jpg
2024-02-28,6,Restless Vices,Omar Diallo,100.0,207503,Single,1,False,https://cdn.example.com/covers/101.jpg
2024-02-28,7,Ashen Rooms,Saint Avery feat. The Paper Kites Co.,100.0,221034,Album,20,True,https://cdn.example.com/covers/006.jpg
2024-02-28,8,Velvet Vices,Velvet Static,100.0,259460,Single,1,True,https://cdn.example.com/covers/138.jpg
2024-02-28,9,Sugar Names,Trey Nakamura,100.0,242733,Album,15,True,https://cdn.example.com/covers/121.jpg
2024-02-28,10,Midnight Summers,The Lantern Club feat. Bea Whitlock,96.0,206872,Album,16,False,https://cdn.example.com/covers/073.jpg
2024-02-28,11,Ivory Letters,Saint Avery,100.0,230277,Single,1,False,https://cdn.example.com/covers/057.jpg
2024-02-28,12,Golden Engines,Saint Avery,90.0,237976,Album,18,True,https://cdn.example.com/covers/042.jpg
2024-02-28,13,Paper Cities,Velvet Static,100.0,195370,Album,16,False,https://cdn.example.com/covers/081.jpg
2024-02-28,14,Silver Hours,Nova Reyes,98.0,228733,Single,1,True,https://cdn.example.com/covers/104.jpg
2024-02-28,15,Wildflower Names,The Lantern Club feat. Nova Reyes,93.0,178107,Album,11,True,https://cdn.example.com/covers/144.jpg
2024-02-28,16,Hollow Ghosts,Dust & Ember,97.0,181921,Album,10,True,https://cdn.example.com/covers/048.jpg
2024-02-28,17,Faded Promises,The Paper Kites Co.,99.0,216898,Album,11,False,https://cdn.example.com/covers/032.jpg
2024-02-28,18,Faded Summers,The Paper Kites Co.,97.0,238446,Single,1,False,https://cdn.example.com/covers/036.jpg
2024-02-28,19,Ivory Summers,Saint Avery,90.0,277100,Album,17,True,https://cdn.example.com/covers/058.jpg
2024-02-28,20,Velvet Promises,Kira Lindqvist,94.0,204302,Album,8,False,https://cdn.example.com/covers/136.jpg
2024-02-28,21,Hollow Promises,Velvet Static,87.0,137625,Single,1,True,https://cdn.example.com/covers/050.jpg
2024-02-28,22,Sugar Crowns,Lorna Sky,92.0,133986,Album,7,False,https://cdn.example.com/covers/118.jpg
2024-02-28,23,Hollow Vices,Bea Whitlock,90.0,173530,Album,17,False,https://cdn.example.com/covers/053.jpg
2024-02-28,24,Bitter Daylight,Lorna Sky,93.0,223885,Album,16,True,https://cdn.example.com/covers/008.jpg
2024-02-28,25,Neon Rooms,Bea Whitlock,89.0,178843,Album,18,True,https://cdn.example.com/covers/078.jpg
2024-02-28,26,Wildflower Signals,Dust & Ember,89.0,277579,Single,1,True,https://cdn.example.com/covers/146.jpg
2024-02-28,27,Velvet Machines,Trey Nakamura,87.0,270666,Album,16,False,https://cdn.example.com/covers/135.jpg
2024-02-28,28,Silver Letters,Kira Lindqvist,86.0,135608,Single,1,False,https://cdn.example.com/covers/105.jpg
2024-02-28,29,Electric Wires,Trey Nakamura feat. Deja Monroe,92.0,227637,Album,16,False,https://cdn.example.com/covers/026.jpg
2024-02-28,30,Faded Cities,Jaxon Frey feat. Nova Reyes,89.0,282662,Album,10,False,https://cdn.example.com/covers/028.jpg
2024-02-28,31,Hollow Engines,Jaxon Frey,85.0,255285,Single,1,False,https://cdn.example.com/covers/047.jpg
2024-02-28,32,Sunlit Highways,Kira Lindqvist,84.0,259501,Album,7,True,https://cdn.example.com/covers/125.jpg
2024-02-28,33,Hollow Rivers,Bea Whitlock,82.0,208425,Album,9,True,https://cdn.example.com/covers/051.jpg
2024-02-28,34,Sugar Signals,Priya Anand,77.0,221010,Album,15,False,https://cdn.example.com/covers/122.jpg
2024-02-28,35,Restless Signals,Milo & The Tides,82.0,220260,Album,10,False,https://cdn.example.com/covers/100.jpg
2024-02-28,36,Bitter Signals,Jaxon Frey,81.0,168881,Single,1,False,https://cdn.example.com/covers/014.jpg
2024-02-28,37,Velvet Highways,Cold Harbor,76.0,215061,Single,1,True,https://cdn.example.com/covers/133.jpg
2024-02-28,38,Paper Highways,Ruben Castellanos feat. Priya Anand,82.0,160395,Single,1,False,https://cdn.example.com/covers/084.jpg
2024-02-28,39,Midnight Crowns,Jaxon Frey,80.0,210662,Album,13,True,https://cdn.example.com/covers/067.jpg
2024-02-28,40,Quiet Promises,Deja Monroe,77.0,172131,Album,16,False,https://cdn.example.com/covers/091.jpg
2024-02-28,41,Velvet Weather,Dust & Ember,81.0,271354,Album,9,False,https://cdn.example.com/covers/139.jpg
2024-02-28,42,Restless Ghosts,Milo & The Tides,79.0,132699,Single,1,True,https://cdn.example.com/covers/097.jpg
2024-02-28,43,Sugar Bones,Halcyon Youth,77.0,203420,Album,17,True,https://cdn.example.com/covers/116.jpg
2024-02-28,44,Hollow Names,Milo & The Tides,80.0,205579,Single,1,True,https://cdn.example.com/covers/049.jpg
2024-02-28,45,Sugar Hours,Bea Whitlock,78.0,157479,Single,1,True,https://cdn.example.com/covers/120.jpg
2024-02-28,46,Ashen Bones,Milo & The Tides feat. Omar Diallo,71.0,143025,Single,1,False,https://cdn.example.com/covers/000.jpg
2024-02-28,47,Sugar Cities,Velvet Static,71.0,262484,Single,1,False,https://cdn.example.com/covers/117.jpg
2024-02-28,48,Crimson Ghosts,Velvet Static feat. Dust & Ember,74.0,207632,Single,1,False,https://cdn.example.com/covers/018.jpg
2024-02-28,49,Faded Rivers,Saint Avery,74.0,216418,Album,15,False,https://cdn.example.com/covers/033.jpg
2024-02-28,50,Lonely Bones,The Paper Kites Co.,74.0,237046,Single,1,False,https://cdn.example.com/covers/060.jpg
2024-02-29,1,Lonely Rivers,Milo & The Tides,100.0,210046,Single,1,True,https://cdn.example.com/covers/064.jpg
2024-02-29,2,Golden Rooms,Nova Reyes,100.0,174403,Album,20,True,https://cdn.example.com/covers/045.jpg
2024-02-29,3,Neon Summers,Dust & Ember feat. Saint Avery,100.0,172623,Single,1,True,https://cdn.example.com/covers/079.jpg
2024-02-29,4,Faded Crowns,Jaxon Frey,100.0,146551,Album,17,True,https://cdn.example.com/covers/029.jpg
2024-02-29,5,Electric Weather,Dust & Ember feat. Milo & The Tides,100.0,135617,Album,11,False,https://cdn.example.com/covers/025.jpg
2024-02-29,6,Golden Engines,Saint Avery,100.0,237976,Album,18,True,https://cdn.example.com/covers/042.jpg
2024-02-29,7,Ivory Letters,Saint Avery,100.0,230277,Single,1,False,https://cdn.example.com/covers/057.jpg
2024-02-29,8,Midnight Summers,The Lantern Club feat. Bea Whitlock,100.0,206872,Album,16,False,https://cdn.example.com/covers/073.jpg
2024-02-29,9,Ashen Rooms,Saint Avery feat. The Paper Kites Co.,100.0,221034,Album,20,True,https://cdn.example.com/covers/006.jpg
2024-02-29,10,Paper Cities,Velvet Static,99.0,195370,Album,16,False,https://cdn.example.com/covers/081.jpg
2024-02-29,11,Wildflower Names,The Lantern Club feat. Nova Reyes,100.0,178107,Album,11,True,https://cdn.example.com/covers/144.jpg
2024-02-29,12,Velvet Highways,Cold Harbor,98.0,215061,Single,1,True,https://cdn.example.com/covers/133.jpg
2024-02-29,13,Silver Hours,Nova Reyes,99.0,228733,Single,1,True,https://cdn.example.com/covers/104.jpg
2024-02-29,14,Ivory Summers,Saint Avery,98.0,277100,Album,17,True,https://cdn.example.com/covers/058.jpg
2024-02-29,15,Velvet Vices,Velvet Static,95.0,259460,Single,1,True,https://cdn.example.com/covers/138.jpg
2024-02-29,16,Restless Vices,Omar Diallo,97.0,207503,Single,1,False,https://cdn.example.com/covers/101.jpg
2024-02-29,17,Hollow Vices,Bea Whitlock,94.0,173530,Album,17,False,https://cdn.example.com/covers/053.jpg
2024-02-29,18,Hollow Ghosts,Dust & Ember,94.0,181921,Album,10,True,https://cdn.example.com/covers/048.jpg
2024-02-29,19,Velvet Promises,Kira Lindqvist,91.0,204302,Album,8,False,https://cdn.example.com/covers/136.jpg
2024-02-29,20,Sugar Names,Trey Nakamura,97.0,242733,Album,15,True,https://cdn.example.com/covers/121.jpg
2024-02-29,21,Faded Promises,The Paper Kites Co.,97.0,216898,Album,11,False,https://cdn.example.com/covers/032.jpg
2024-02-29,22,Silver Letters,Kira Lindqvist,89.0,135608,Single,1,False,https://cdn.example.com/covers/105.jpg
2024-02-29,23,Faded Summers,The Paper Kites Co.,98.0,238446,Single,1,False,https://cdn.example.com/covers/036.jpg
2024-02-29,24,Hollow Rivers,Bea Whitlock,85.0,208425,Album,9,True,https://cdn.example.com/covers/051.jpg
2024-02-29,25,Wildflower Signals,Dust & Ember,90.0,277579,Single,1,True,https://cdn.example.com/covers/146.jpg
2024-02-29,26,Bitter Daylight,Lorna Sky,90.0,223885,Album,16,True,https://cdn.example.com/covers/008.jpg
2024-02-29,27,Sugar Crowns,Lorna Sky,86.0,133986,Album,7,False,https://cdn.example.com/covers/118.jpg
2024-02-29,28,Faded Cities,Jaxon Frey feat. Nova Reyes,91.0,282662,Album,10,False,https://cdn.example.com/covers/028.jpg
2024-02-29,29,Sugar Signals,Priya Anand,83.0,221010,Album,15,False,https://cdn.example.com/covers/122.jpg
2024-02-29,30,Hollow Engines,Jaxon Frey,79.0,255285,Single,1,False,https://cdn.example.com/covers/047.jpg
2024-02-29,31,Velvet Machines,Trey Nakamura,83.0,270666,Album,16,False,https://cdn.example.com/covers/135.jpg
2024-02-29,32,Sunlit Highways,Kira Lindqvist,82.0,259501,Album,7,True,https://cdn.example.com/covers/125.jpg
2024-02-29,33,Sugar Cities,Velvet Static,83.0,262484,Single,1,False,https://cdn.example.com/covers/117.jpg
2024-02-29,34,Hollow Promises,Velvet Static,83.0,137625,Single,1,True,https://cdn.example.com/covers/050.jpg
2024-02-29,35,Paper Highways,Ruben Castellanos feat. Priya Anand,82.0,160395,Single,1,False,https://cdn.example.com/covers/084.jpg
2024-02-29,36,Neon Rooms,Bea Whitlock,74.0,178843,Album,18,True,https://cdn.example.com/covers/078.jpg
2024-02-29,37,Sugar Bones,Halcyon Youth,83.0,203420,Album,17,True,https://cdn.example.com/covers/116.jpg
2024-02-29,38,Midnight Crowns,Jaxon Frey,82.0,210662,Album,13,True,https://cdn.example.com/covers/067.jpg
2024-02-29,39,Ashen Bones,Milo & The Tides feat. Omar Diallo,78.0,143025,Single,1,False,https://cdn.example.com/covers/000.jpg
2024-02-29,40,Restless Signals,Milo & The Tides,77.0,220260,Album,10,False,https://cdn.example.com/covers/100.jpg
2024-02-29,41,Velvet Weather,Dust & Ember,77.0,271354,Album,9,False,https://cdn.example.com/covers/139.jpg
2024-02-29,42,Sugar Hours,Bea Whitlock,82.0,157479,Single,1,True,https://cdn.example.com/covers/120.jpg
2024-02-29,43,Electric Wires,Trey Nakamura feat. Deja Monroe,79.0,227637,Album,16,False,https://cdn.example.com/covers/026.jpg
2024-02-29,44,Bitter Signals,Jaxon Frey,75.0,168881,Single,1,False,https://cdn.example.com/covers/014.jpg
2024-02-29,45,Restless Ghosts,Milo & The Tides,78.0,132699,Single,1,True,https://cdn.example.com/covers/097.jpg
2024-02-29,46,Quiet Names,Deja Monroe,75.0,155216,Single,1,True,https://cdn.example.com/covers/090.jpg
2024-02-29,47,Quiet Promises,Deja Monroe,75.0,172131,Album,16,False,https://cdn.example.com/covers/091.jpg
2024-02-29,48,Static Wires,The Paper Kites Co. feat. Ruben Castellanos,76.0,171130,Single,1,False,https://cdn.example.com/covers/115.jpg
2024-02-29,49,Faded Rivers,Saint Avery,73.0,216418,Album,15,False,https://cdn.example.com/covers/033.jpg
2024-02-29,50,Crimson Ghosts,Velvet Static feat. Dust & Ember,68.0,207632,Single,1,False,https://cdn.example.com/covers/018.jpg
2024-03-01,1,Lonely Rivers,Milo & The Tides,100.0,210046,Single,1,True,https://cdn.example.com/covers/064.jpg
2024-03-01,2,Neon Summers,Dust & Ember feat. Saint Avery,100.0,172623,Single,1,True,https://cdn.example.com/covers/079.jpg
2024-03-01,3,Golden Rooms,Nova Reyes,100.0,174403,Album,20,True,https://cdn.example.com/covers/045.jpg
2024-03-01,4,Electric Weather,Dust & Ember feat. Milo & The Tides,100.0,135617,Album,11,False,https://cdn.example.com/covers/025.jpg
2024-03-01,5,Ivory Letters,Saint Avery,100.0,230277,Single,1,False,https://cdn.example.com/covers/057.jpg
2024-03-01,6,Faded Crowns,Jaxon Frey,100.0,146551,Album,17,True,https://cdn.example.com/covers/029.jpg
2024-03-01,7,Golden Engines,Saint Avery,100.0,237976,Album,18,True,https://cdn.example.com/covers/042.jpg
2024-03-01,8,Silver Hours,Nova Reyes,99.0,228733,Single,1,True,https://cdn.example.com/covers/104.jpg
2024-03-01,9,Hollow Ghosts,Dust & Ember,100.0,181921,Album,10,True,https://cdn.example.com/covers/048.jpg
2024-03-01,10,Wildflower Names,The Lantern Club feat. Nova Reyes,95.0,178107,Album,11,True,https://cdn.example.com/covers/144.jpg
2024-03-01,11,Paper Cities,Velvet Static,99.0,195370,Album,16,False,https://cdn.example.com/covers/081.jpg
2024-03-01,12,Ashen Rooms,Saint Avery feat. The Paper Kites Co.,100.0,221034,Album,20,True,https://cdn.example.com/covers/006.jpg
2024-03-01,13,Restless Vices,Omar Diallo,96.0,207503,Single,1,False,https://cdn.example.com/covers/101.jpg
2024-03-01,14,Velvet Vices,Velvet Static,100.0,259460,Single,1,True,https://cdn.example.com/covers/138.jpg
2024-03-01,15,Midnight Summers,The Lantern Club feat. Bea Whitlock,96.0,206872,Album,16,False,https://cdn.example.com/covers/073.jpg
2024-03-01,16,Sugar Names,Trey Nakamura,93.0,242733,Album,15,True,https://cdn.example.com/covers/121.jpg
2024-03-01,17,Faded Summers,The Paper Kites Co.,98.0,238446,Single,1,False,https://cdn.example.com/covers/036.jpg
2024-03-01,18,Velvet Promises,Kira Lindqvist,100.0,204302,Album,8,False,https://cdn.example.com/covers/136.jpg
2024-03-01,19,Faded Promises,The Paper Kites Co.,96.0,216898,Album,11,False,https://cdn.example.com/covers/032.jpg
2024-03-01,20,Bitter Daylight,Lorna Sky,93.0,223885,Album,16,True,https://cdn.example.com/covers/008.jpg
2024-03-01,21,Hollow Rivers,Bea Whitlock,92.0,208425,Album,9,True,https://cdn.example.com/covers/051.jpg
2024-03-01,22,Neon Rooms,Bea Whitlock,90.0,178843,Album,18,True,https://cdn.example.com/covers/078.jpg
2024-03-01,23,Velvet Highways,Cold Harbor,88.0,215061,Single,1,True,https://cdn.example.com/covers/133.jpg
2024-03-01,24,Hollow Vices,Bea Whitlock,90.0,173530,Album,17,False,https://cdn.example.com/covers/053.jpg
2024-03-01,25,Sugar Crowns,Lorna Sky,90.0,133986,Album,7,False,https://cdn.example.com/covers/118.jpg
2024-03-01,26,Ivory Summers,Saint Avery,87.0,277100,Album,17,True,https://cdn.example.com/covers/058.jpg
2024-03-01,27,Faded Cities,Jaxon Frey feat. Nova Reyes,83.0,282662,Album,10,False,https://cdn.example.com/covers/028.jpg
2024-03-01,28,Silver Letters,Kira Lindqvist,92.0,135608,Single,1,False,https://cdn.example.com/covers/105.jpg
2024-03-01,29,Wildflower Signals,Dust & Ember,88.0,277579,Single,1,True,https://cdn.example.com/covers/146.jpg
2024-03-01,30,Hollow Engines,Jaxon Frey,86.0,255285,Single,1,False,https://cdn.example.com/covers/047.jpg
2024-03-01,31,Velvet Machines,Trey Nakamura,84.0,270666,Album,16,False,https://cdn.example.com/covers/135.jpg
2024-03-01,32,Sunlit Highways,Kira Lindqvist,84.0,259501,Album,7,True,https://cdn.example.com/covers/125.jpg
2024-03-01,33,Sugar Signals,Priya Anand,85.0,221010,Album,15,False,https://cdn.example.com/covers/122.jpg
2024-03-01,34,Hollow Promises,Velvet Static,81.0,137625,Single,1,True,https://cdn.example.com/covers/050.jpg
2024-03-01,35,Sugar Cities,Velvet Static,81.0,262484,Single,1,False,https://cdn.example.com/covers/117.jpg
2024-03-01,36,Paper Highways,Ruben Castellanos feat. Priya Anand,78.0,160395,Single,1,False,https://cdn.example.com/covers/084.jpg
2024-03-01,37,Restless Signals,Milo & The Tides,87.0,220260,Album,10,False,https://cdn.example.com/covers/100.jpg
2024-03-01,38,Midnight Crowns,Jaxon Frey,80.0,210662,Album,13,True,https://cdn.example.com/covers/067.jpg
2024-03-01,39,Crimson Ghosts,Velvet Static feat. Dust & Ember,80.0,207632,Single,1,False,https://cdn.example.com/covers/018.jpg
2024-03-01,40,Electric Wires,Trey Nakamura feat. Deja Monroe,77.0,227637,Album,16,False,https://cdn.example.com/covers/026.jpg
2024-03-01,41,Sugar Bones,Halcyon Youth,74.0,203420,Album,17,True,https://cdn.example.com/covers/116.jpg
2024-03-01,42,Restless Ghosts,Milo & The Tides,85.0,132699,Single,1,True,https://cdn.example.com/covers/097.jpg
2024-03-01,43,Quiet Promises,Deja Monroe,,172131,Album,16,False,https://cdn.example.com/covers/091.jpg
2024-03-01,44,Ashen Bones,Milo & The Tides feat. Omar Diallo,76.0,143025,Single,1,False,https://cdn.example.com/covers/000.jpg
2024-03-01,45,Velvet Weather,Dust & Ember,77.0,271354,Album,9,False,https://cdn.example.com/covers/139.jpg
2024-03-01,46,Quiet Names,Deja Monroe,78.0,155216,Single,1,True,https://cdn.example.com/covers/090.jpg
2024-03-01,47,Sugar Hours,Bea Whitlock,77.0,157479,Single,1,True,https://cdn.example.com/covers/120.jpg
2024-03-01,48,Hollow Names,Milo & The Tides,65.0,205579,Single,1,True,https://cdn.example.com/covers/049.jpg
2024-03-01,49,Static Wires,The Paper Kites Co. feat. Ruben Castellanos,70.0,171130,Single,1,False,https://cdn.example.com/covers/115.jpg
2024-03-01,50,Bitter Machines,Dust & Ember,76.0,218931,Single,1,False,https://cdn.example.com/covers/011.jpg
2024-03-02,1,Golden Rooms,Nova Reyes,100.0,174403,Album,20,True,https://cdn.example.com/covers/045.jpg
2024-03-02,2,Neon Summers,Dust & Ember feat. Saint Avery,100.0,172623,Single,1,True,https://cdn.example.com/covers/079.jpg
2024-03-02,3,Lonely Rivers,Milo & The Tides,100.0,210046,Single,1,True,https://cdn.example.com/covers/064.jpg
2024-03-02,4,Faded Crowns,Jaxon Frey,100.0,146551,Album,17,True,https://cdn.example.com/covers/029.jpg
2024-03-02,5,Electric Weather,Dust & Ember feat. Milo & The Tides,100.0,135617,Album,11,False,https://cdn.example.com/covers/025.jpg
2024-03-02,6,Sugar Names,Trey Nakamura,98.0,242733,Album,15,True,https://cdn.example.com/covers/121.jpg
2024-03-02,7,Silver Hours,Nova Reyes,100.0,228733,Single,1,True,https://cdn.example.com/covers/104.jpg
2024-03-02,8,Velvet Vices,Velvet Static,98.0,259460,Single,1,True,https://cdn.example.com/covers/138.jpg
2024-03-02,9,Golden Engines,Saint Avery,97.0,237976,Album,18,True,https://cdn.example.com/covers/042.jpg
2024-03-02,10,Paper Cities,Velvet Static,100.0,195370,Album,16,False,https://cdn.example.com/covers/081.jpg
2024-03-02,11,Ivory Letters,Saint Avery,100.0,230277,Single,1,False,https://cdn.example.com/covers/057.jpg
2024-03-02,12,Velvet Promises,Kira Lindqvist,98.0,204302,Album,8,False,https://cdn.example.com/covers/136.jpg
2024-03-02,13,Midnight Summers,The Lantern Club feat. Bea Whitlock,100.0,206872,Album,16,False,https://cdn.example.com/covers/073.jpg
2024-03-02,14,Faded Summers,The Paper Kites Co.,92.0,238446,Single,1,False,https://cdn.example.com/covers/036.jpg
2024-03-02,15,Wildflower Names,The Lantern Club feat. Nova Reyes,93.0,178107,Album,11,True,https://cdn.example.com/covers/144.jpg
2024-03-02,16,Velvet Highways,Cold Harbor,96.0,215061,Single,1,True,https://cdn.example.com/covers/133.jpg
2024-03-02,17,Bitter Daylight,Lorna Sky,96.0,223885,Album,16,True,https://cdn.example.com/covers/008.jpg
2024-03-02,18,Hollow Rivers,Bea Whitlock,87.0,208425,Album,9,True,https://cdn.example.com/covers/051.jpg
2024-03-02,19,Faded Promises,The Paper Kites Co.,99.0,216898,Album,11,False,https://cdn.example.com/covers/032.jpg
2024-03-02,20,Restless Vices,Omar Diallo,94.0,207503,Single,1,False,https://cdn.example.com/covers/101.jpg
2024-03-02,21,Hollow Ghosts,Dust & Ember,96.0,181921,Album,10,True,https://cdn.example.com/covers/048.jpg
2024-03-02,22,Ashen Rooms,Saint Avery feat. The Paper Kites Co.,89.0,221034,Album,20,True,https://cdn.example.com/covers/006.jpg
2024-03-02,23,Faded Cities,  JAXON FREY FEAT. NOVA REYES,92.0,282662,Album,10,False,https://cdn.example.com/covers/028.jpg
2024-03-02,24,Sugar Crowns,Lorna Sky,91.0,133986,Album,7,False,https://cdn.example.com/covers/118.jpg
2024-03-02,25,Hollow Vices,Bea Whitlock,86.0,173530,Album,17,False,https://cdn.example.com/covers/053.jpg
2024-03-02,26,Ivory Summers,Saint Avery,85.0,277100,Album,17,True,https://cdn.example.com/covers/058.jpg
2024-03-02,27,Hollow Promises,Velvet Static,91.0,137625,Single,1,True,https://cdn.example.com/covers/050.jpg
2024-03-02,28,Silver Letters,Kira Lindqvist,79.0,135608,Single,1,False,https://cdn.example.com/covers/105.jpg
2024-03-02,29,Wildflower Signals,Dust & Ember,90.0,277579,Single,1,True,https://cdn.example.com/covers/146.jpg
2024-03-02,30,Bitter Signals,Jaxon Frey,84.0,168881,Single,1,False,https://cdn.example.com/covers/014.jpg
2024-03-02,31,Paper Highways,Ruben Castellanos feat. Priya Anand,86.0,160395,Single,1,False,https://cdn.example.com/covers/084.jpg
2024-03-02,32,Neon Rooms,Bea Whitlock,83.0,178843,Album,18,True,https://cdn.example.com/covers/078.jpg
2024-03-02,33,Midnight Crowns,Jaxon Frey,83.0,210662,Album,13,True,https://cdn.example.com/covers/067.jpg
2024-03-02,34,Velvet Machines,Trey Nakamura,83.0,270666,Album,16,False,https://cdn.example.com/covers/135.jpg
2024-03-02,35,Sunlit Highways,Kira Lindqvist,77.0,259501,Album,7,True,https://cdn.example.com/covers/125.jpg
2024-03-02,36,Hollow Engines,Jaxon Frey,77.0,255285,Single,1,False,https://cdn.example.com/covers/047.jpg
2024-03-02,37,Sugar Signals,Priya Anand,86.0,221010,Album,15,False,https://cdn.example.com/covers/122.jpg
2024-03-02,38,Ashen Bones,Milo & The Tides feat. Omar Diallo,77.0,143025,Single,1,False,https://cdn.example.com/covers/000.jpg
2024-03-02,39,Sugar Bones,Halcyon Youth,83.0,203420,Album,17,True,https://cdn.example.com/covers/116.jpg
2024-03-02,40,Sugar Cities,Velvet Static,75.0,262484,Single,1,False,https://cdn.example.com/covers/117.jpg
2024-03-02,41,Quiet Names,Deja Monroe,79.0,155216,Single,1,True,https://cdn.example.com/covers/090.jpg
2024-03-02,42,Electric Wires,Trey Nakamura feat. Deja Monroe,74.0,227637,Album,16,False,https://cdn.example.com/covers/026.jpg
2024-03-02,43,Restless Signals,Milo & The Tides,74.0,220260,Album,10,False,https://cdn.example.com/covers/100.jpg
2024-03-02,44,Static Wires,The Paper Kites Co. feat. Ruben Castellanos,73.0,171130,Single,1,False,https://cdn.example.com/covers/115.jpg
2024-03-02,45,Ivory Weather,Cold Harbor,77.0,141107,Single,1,True,https://cdn.example.com/covers/059.jpg
2024-03-02,46,Hollow Names,Milo & The Tides,72.0,205579,Single,1,True,https://cdn.example.com/covers/049.jpg
2024-03-02,47,Restless Ghosts,Milo & The Tides,71.0,132699,Single,1,True,https://cdn.example.com/covers/097.jpg
2024-03-02,48,Crimson Ghosts,Velvet Static feat. Dust & Ember,78.0,207632,Single,1,False,https://cdn.example.com/covers/018.jpg
2024-03-02,49,Sugar Hours,Bea Whitlock,74.0,157479,Single,1,True,https://cdn.example.com/covers/120.jpg
2024-03-02,50,Quiet Promises,Deja Monroe,72.0,172131,Album,16,False,https://cdn.example.com/covers/091.jpg
2024-03-03,1,Lonely Rivers,Milo & The Tides,100.0,210046,Single,1,True,https://cdn.example.com/covers/064.jpg
2024-03-03,2,Golden Rooms,Nova Reyes,100.0,174403,Album,20,True,https://cdn.example.com/covers/045.jpg
2024-03-03,3,Neon Summers,Dust & Ember feat. Saint Avery,100.0,172623,Single,1,True,https://cdn.example.com/covers/079.jpg
2024-03-03,4,Faded Crowns,Jaxon Frey,100.0,146551,Album,17,True,https://cdn.example.com/covers/029.jpg
2024-03-03,5,Midnight Summers,The Lantern Club feat. Bea Whitlock,98.0,206872,Album,16,False,https://cdn.example.com/covers/073.jpg
2024-03-03,6,Electric Weather,Dust & Ember feat. Milo & The Tides,100.0,135617,Album,11,False,https://cdn.example.com/covers/025.jpg
2024-03-03,7,Silver Hours,Nova Reyes,100.0,228733,Single,1,True,https://cdn.example.com/covers/104.jpg
2024-03-03,8,Velvet Promises,Kira Lindqvist,100.0,204302,Album,8,False,https://cdn.example.com/covers/136.jpg
2024-03-03,9,Velvet Vices,Velvet Static,96.0,259460,Single,1,True,https://cdn.example.com/covers/138.jpg
2024-03-03,10,Ivory Letters,Saint Avery,100.0,230277,Single,1,False,https://cdn.example.com/covers/057.jpg
2024-03-03,11,Sugar Names,Trey Nakamura,100.0,242733,Album,15,True,https://cdn.example.com/covers/121.jpg
2024-03-03,12,Velvet Highways,Cold Harbor,100.0,215061,Single,1,True,https://cdn.example.com/covers/133.jpg
2024-03-03,13,Golden Engines,Saint Avery,100.0,237976,Album,18,True,https://cdn.example.com/covers/042.jpg
2024-03-03,14,Paper Cities,  VELVET STATIC,100.0,195370,Album,16,False,https://cdn.example.com/covers/081.jpg
2024-03-03,15,Faded Summers,The Paper Kites Co.,94.0,238446,Single,1,False,https://cdn.example.com/covers/036.jpg
2024-03-03,16,Restless Vices,Omar Diallo,94.0,207503,Single,1,False,https://cdn.example.com/covers/101.jpg
2024-03-03,17,Hollow Rivers,Bea Whitlock,93.0,208425,Album,9,True,https://cdn.example.com/covers/051.jpg
2024-03-03,18,Faded Cities,Jaxon Frey feat. Nova Reyes,88.0,282662,Album,10,False,https://cdn.example.com/covers/028.jpg
2024-03-03,19,Wildflower Names,  THE LANTERN CLUB FEAT. NOVA REYES,92.0,178107,Album,11,True,https://cdn.example.com/covers/144.jpg
2024-03-03,20,Ashen Rooms,Saint Avery feat. The Paper Kites Co.,91.0,221034,Album,20,True,https://cdn.example.com/covers/006.jpg
2024-03-03,21,Hollow Ghosts,Dust & Ember,95.0,181921,Album,10,True,https://cdn.example.com/covers/048.jpg
2024-03-03,22,Faded Promises,The Paper Kites Co.,96.0,216898,Album,11,False,https://cdn.example.com/covers/032.jpg
2024-03-03,23,Bitter Daylight,Lorna Sky,92.0,223885,Album,16,True,https://cdn.example.com/covers/008.jpg
2024-03-03,24,Hollow Vices,Bea Whitlock,93.0,173530,Album,17,False,https://cdn.example.com/covers/053.jpg
2024-03-03,25,Neon Rooms,Bea Whitlock,93.0,178843,Album,18,True,https://cdn.example.com/covers/078.jpg
2024-03-03,26,Ivory Summers,Saint Avery,85.0,277100,Album,17,True,https://cdn.example.com/covers/058.jpg
2024-03-03,27,Silver Letters,Kira Lindqvist,89.0,135608,Single,1,False,https://cdn.example.com/covers/105.jpg
2024-03-03,28,Hollow Engines,Jaxon Frey,86.0,255285,Single,1,False,https://cdn.example.com/covers/047.jpg
2024-03-03,29,Sugar Signals,Priya Anand,87.0,221010,Album,15,False,https://cdn.example.com/covers/122.jpg
2024-03-03,30,Sugar Crowns,Lorna Sky,85.0,133986,Album,7,False,https://cdn.example.com/covers/118.jpg
2024-03-03,31,Wildflower Signals,Dust & Ember,80.0,277579,Single,1,True,https://cdn.example.com/covers/146.jpg
2024-03-03,32,Hollow Promises,Velvet Static,81.0,137625,Single,1,True,https://cdn.example.com/covers/050.jpg
2024-03-03,33,Velvet Machines,Trey Nakamura,87.0,270666,Album,16,False,https://cdn.example.com/covers/135.jpg
2024-03-03,34,Restless Signals,Milo & The Tides,79.0,220260,Album,10,False,https://cdn.example.com/covers/100.jpg
2024-03-03,35,Bitter Signals,Jaxon Frey,72.0,168881,Single,1,False,https://cdn.example.com/covers/014.jpg
2024-03-03,36,Midnight Crowns,Jaxon Frey,84.0,210662,Album,13,True,https://cdn.example.com/covers/067.jpg
2024-03-03,37,Sugar Cities,Velvet Static,80.0,262484,Single,1,False,https://cdn.example.com/covers/117.jpg
2024-03-03,38,Sugar Bones,Halcyon Youth,78.0,203420,Album,17,True,https://cdn.example.com/covers/116.jpg
2024-03-03,39,Sunlit Highways,Kira Lindqvist,81.0,259501,Album,7,True,https://cdn.example.com/covers/125.jpg
2024-03-03,40,Quiet Promises,Deja Monroe,76.0,172131,Album,16,False,https://cdn.example.com/covers/091.jpg
2024-03-03,41,Faded Rivers,Saint Avery,77.0,216418,Album,15,False,https://cdn.example.com/covers/033.jpg
2024-03-03,42,Quiet Names,Deja Monroe,73.0,155216,Single,1,True,https://cdn.example.com/covers/090.jpg
2024-03-03,43,Restless Ghosts,Milo & The Tides,80.0,132699,Single,1,True,https://cdn.example.com/covers/097.jpg
2024-03-03,44,Neon Highways,Kira Lindqvist,70.0,257162,Single,1,True,https://cdn.example.com/covers/075.jpg
2024-03-03,45,Crimson Ghosts,Velvet Static feat. Dust & Ember,79.0,207632,Single,1,False,https://cdn.example.com/covers/018.jpg
2024-03-03,46,Sugar Hours,Bea Whitlock,76.0,157479,Single,1,True,https://cdn.example.com/covers/120.jpg
2024-03-03,47,Wildflower Ghosts,Bea Whitlock feat. Halcyon Youth,80.0,203198,Album,7,True,https://cdn.example.com/covers/142.jpg
2024-03-03,48,Velvet Weather,Dust & Ember,76.0,271354,Album,9,False,https://cdn.example.com/covers/139.jpg
2024-03-03,49,Electric Wires,Trey Nakamura feat. Deja Monroe,70.0,227637,Album,16,False,https://cdn.example.com/covers/026.jpg
2024-03-03,50,Bitter Machines,Dust & Ember,74.0,218931,Single,1,False,https://cdn.example.com/covers/011.jpg
2024-03-04,1,Lonely Rivers,Milo & The Tides,100.0,210046,Single,1,True,https://cdn.example.com/covers/064.jpg
2024-03-04,2,Golden Rooms,Nova Reyes,100.0,174403,Album,20,True,https://cdn.example.com/covers/045.jpg
2024-03-04,3,Neon Summers,Dust & Ember feat. Saint Avery,100.0,172623,Single,1,True,https://cdn.example.com/covers/079.jpg
2024-03-04,4,Velvet Highways,Cold Harbor,100.0,215061,Single,1,True,https://cdn.example.com/covers/133.jpg
2024-03-04,5,Electric Weather,Dust & Ember feat. Milo & The Tides,100.0,135617,Album,11,False,https://cdn.example.com/covers/025.jpg
2024-03-04,6,Silver Hours,Nova Reyes,100.0,228733,Single,1,True,https://cdn.example.com/covers/104.jpg
2024-03-04,7,Ivory Letters,Saint Avery,100.0,230277,Single,1,False,https://cdn.example.com/covers/057.jpg
2024-03-04,8,Paper Cities,Velvet Static,100.0,195370,Album,16,False,https://cdn.example.com/covers/081.jpg
2024-03-04,9,Faded Crowns,Jaxon Frey,100.0,146551,Album,17,True,https://cdn.example.com/covers/029.jpg
2024-03-04,10,Sugar Names,Trey Nakamura,100.0,242733,Album,15,True,https://cdn.example.com/covers/121.jpg
2024-03-04,11,Velvet Promises,Kira Lindqvist,100.0,204302,Album,8,False,https://cdn.example.com/covers/136.jpg
2024-03-04,12,Hollow Rivers,Bea Whitlock,98.0,208425,Album,9,True,https://cdn.example.com/covers/051.jpg
2024-03-04,13,Velvet Vices,Velvet Static,99.0,259460,Single,1,True,https://cdn.example.com/covers/138.jpg
2024-03-04,14,Faded Summers,The Paper Kites Co.,99.0,238446,Single,1,False,https://cdn.example.com/covers/036.jpg
2024-03-04,15,Golden Engines,Saint Avery,93.0,237976,Album,18,True,https://cdn.example.com/covers/042.jpg
2024-03-04,16,Midnight Summers,The Lantern Club feat. Bea Whitlock,96.0,206872,Album,16,False,https://cdn.example.com/covers/073.jpg
2024-03-04,17,Hollow Ghosts,Dust & Ember,95.0,181921,Album,10,True,https://cdn.example.com/covers/048.jpg
2024-03-04,18,Restless Vices,Omar Diallo,99.0,207503,Single,1,False,https://cdn.example.com/covers/101.jpg
2024-03-04,19,Bitter Daylight,Lorna Sky,90.0,223885,Album,16,True,https://cdn.example.com/covers/008.jpg
2024-03-04,20,Wildflower Names,The Lantern Club feat. Nova Reyes,91.0,178107,Album,11,True,https://cdn.example.com/covers/144.jpg
2024-03-04,21,Faded Cities,Jaxon Frey feat. Nova Reyes,95.0,282662,Album,10,False,https://cdn.example.com/covers/028.jpg
2024-03-04,22,Faded Promises,The Paper Kites Co.,96.0,216898,Album,11,False,https://cdn.example.com/covers/032.jpg
2024-03-04,23,Ashen Rooms,Saint Avery feat. The Paper Kites Co.,89.0,221034,Album,20,True,https://cdn.example.com/covers/006.jpg
2024-03-04,24,Neon Rooms,Bea Whitlock,88.0,178843,Album,18,True,https://cdn.example.com/covers/078.jpg
2024-03-04,25,Silver Letters,Kira Lindqvist,90.0,135608,Single,1,False,https://cdn.example.com/covers/105.jpg
2024-03-04,26,Ivory Summers,Saint Avery,90.0,277100,Album,17,True,https://cdn.example.com/covers/058.jpg
2024-03-04,27,Hollow Vices,Bea Whitlock,91.0,173530,Album,17,False,https://cdn.example.com/covers/053.jpg
2024-03-04,28,Hollow Engines,Jaxon Frey,84.0,255285,Single,1,False,https://cdn.example.com/covers/047.jpg
2024-03-04,29,Wildflower Signals,Dust & Ember,89.0,277579,Single,1,True,https://cdn.example.com/covers/146.jpg
2024-03-04,30,Velvet Machines,Trey Nakamura,89.0,270666,Album,16,False,https://cdn.example.com/covers/135.jpg
2024-03-04,31,Sunlit Highways,Kira Lindqvist,84.0,259501,Album,7,True,https://cdn.example.com/covers/125.jpg
2024-03-04,32,Sugar Crowns,Lorna Sky,79.0,133986,Album,7,False,https://cdn.example.com/covers/118.jpg
2024-03-04,33,Electric Wires,Trey Nakamura feat. Deja Monroe,79.0,227637,Album,16,False,https://cdn.example.com/covers/026.jpg
2024-03-04,34,Restless Signals,Milo & The Tides,82.0,220260,Album,10,False,https://cdn.example.com/covers/100.jpg
2024-03-04,35,Hollow Promises,Velvet Static,77.0,137625,Single,1,True,https://cdn.example.com/covers/050.jpg
2024-03-04,36,Crimson Ghosts,Velvet Static feat. Dust & Ember,81.0,207632,Single,1,False,https://cdn.example.com/covers/018.jpg
2024-03-04,37,Sugar Cities,Velvet Static,81.0,262484,Single,1,False,https://cdn.example.com/covers/117.jpg
2024-03-04,38,Sugar Signals,Priya Anand,78.0,221010,Album,15,False,https://cdn.example.com/covers/122.jpg
2024-03-04,39,Bitter Summers,Ruben Castellanos,76.0,173228,Single,1,True,https://cdn.example.com/covers/015.jpg
2024-03-04,40,Midnight Crowns,Jaxon Frey,85.0,210662,Album,13,True,https://cdn.example.com/covers/067.jpg
2024-03-04,41,Bitter Signals,Jaxon Frey,74.0,168881,Single,1,False,https://cdn.example.com/covers/014.jpg
2024-03-04,42,Velvet Weather,Dust & Ember,74.0,271354,Album,9,False,https://cdn.example.com/covers/139.jpg
2024-03-04,43,Sugar Hours,Bea Whitlock,78.0,157479,Single,1,True,https://cdn.example.com/covers/120.jpg
2024-03-04,44,Ivory Weather,Cold Harbor,78.0,141107,Single,1,True,https://cdn.example.com/covers/059.jpg
2024-03-04,45,Restless Ghosts,Milo & The Tides,71.0,132699,Single,1,True,https://cdn.example.com/covers/097.jpg
2024-03-04,46,Ashen Bones,Milo & The Tides feat. Omar Diallo,76.0,143025,Single,1,False,https://cdn.example.com/covers/000.jpg
2024-03-04,47,Paper Highways,Ruben Castellanos feat. Priya Anand,74.0,160395,Single,1,False,https://cdn.example.com/covers/084.jpg
2024-03-04,48,Sugar Bones,Halcyon Youth,79.0,203420,Album,17,True,https://cdn.example.com/covers/116.jpg
2024-03-04,49,Quiet Promises,Deja Monroe,68.0,172131,Album,16,False,https://cdn.example.com/covers/091.jpg
2024-03-04,50,Hollow Names,Milo & The Tides,66.0,205579,Single,1,True,https://cdn.example.com/covers/049.jpg
2024-03-05,1,Lonely Rivers,Milo & The Tides,100.0,210046,Single,1,True,https://cdn.example.com/covers/064.jpg
2024-03-05,2,Golden Rooms,Nova Reyes,100.0,174403,Album,20,True,https://cdn.example.com/covers/045.jpg
2024-03-05,3,Silver Hours,Nova Reyes,100.0,228733,Single,1,True,https://cdn.example.com/covers/104.jpg
2024-03-05,4,Neon Summers,Dust & Ember feat. Saint Avery,100.0,172623,Single,1,True,https://cdn.example.com/covers/079.jpg
2024-03-05,5,Velvet Highways,Cold Harbor,100.0,215061,Single,1,True,https://cdn.example.com/covers/133.jpg
2024-03-05,6,Velvet Vices,Velvet Static,100.0,259460,Single,1,True,https://cdn.example.com/covers/138.jpg
2024-03-05,7,Faded Crowns,Jaxon Frey,97.0,146551,Album,17,True,https://cdn.example.com/covers/029.jpg
2024-03-05,8,Ivory Letters,Saint Avery,100.0,230277,Single,1,False,https://cdn.example.com/covers/057.jpg
2024-03-05,9,Electric Weather,Dust & Ember feat. Milo & The Tides,100.0,135617,Album,11,False,https://cdn.example.com/covers/025.jpg
2024-03-05,10,Sugar Names,Trey Nakamura,100.0,242733,Album,15,True,https://cdn.example.com/covers/121.jpg
2024-03-05,11,Velvet Promises,Kira Lindqvist,100.0,204302,Album,8,False,https://cdn.example.com/covers/136.jpg
2024-03-05,12,Golden Engines,Saint Avery,100.0,237976,Album,18,True,https://cdn.example.com/covers/042.jpg
2024-03-05,13,Midnight Summers,The Lantern Club feat. Bea Whitlock,99.0,206872,Album,16,False,https://cdn.example.com/covers/073.jpg
2024-03-05,14,Paper Cities,Velvet Static,99.0,195370,Album,16,False,https://cdn.example.com/covers/081.jpg
2024-03-05,15,Ashen Rooms,Saint Avery feat. The Paper Kites Co.,96.0,221034,Album,20,True,https://cdn.example.com/covers/006.jpg
2024-03-05,16,Restless Vices,Omar Diallo,94.0,207503,Single,1,False,https://cdn.example.com/covers/101.jpg
2024-03-05,17,Bitter Daylight,Lorna Sky,91.0,223885,Album,16,True,https://cdn.example.com/covers/008.jpg
2024-03-05,18,Hollow Ghosts,Dust & Ember,99.0,181921,Album,10,True,https://cdn.example.com/covers/048.jpg
2024-03-05,19,Ivory Summers,Saint Avery,92.0,277100,Album,17,True,https://cdn.example.com/covers/058.jpg
2024-03-05,20,Faded Cities,Jaxon Frey feat. Nova Reyes,90.0,282662,Album,10,False,https://cdn.example.com/covers/028.jpg
2024-03-05,21,Wildflower Names,The Lantern Club feat. Nova Reyes,97.0,178107,Album,11,True,https://cdn.example.com/covers/144.jpg
2024-03-05,22,Faded Summers,The Paper Kites Co.,91.0,238446,Single,1,False,https://cdn.example.com/covers/036.jpg
2024-03-05,23,Hollow Rivers,Bea Whitlock,100.0,208425,Album,9,True,https://cdn.example.com/covers/051.jpg
2024-03-05,24,Faded Promises,The Paper Kites Co.,95.0,216898,Album,11,False,https://cdn.example.com/covers/032.jpg
2024-03-05,25,Hollow Vices,Bea Whitlock,92.0,173530,Album,17,False,https://cdn.example.com/covers/053.jpg
2024-03-05,26,Neon Rooms,Bea Whitlock,91.0,178843,Album,18,True,https://cdn.example.com/covers/078.jpg
2024-03-05,27,Sugar Cities,Velvet Static,84.0,262484,Single,1,False,https://cdn.example.com/covers/117.jpg
2024-03-05,28,Silver Letters,Kira Lindqvist,81.0,135608,Single,1,False,https://cdn.example.com/covers/105.jpg
2024-03-05,29,Sugar Signals,Priya Anand,87.0,221010,Album,15,False,https://cdn.example.com/covers/122.jpg
2024-03-05,30,Sugar Crowns,  LORNA SKY,83.0,133986,Album,7,False,https://cdn.example.com/covers/118.jpg
2024-03-05,31,Wildflower Signals,Dust & Ember,84.0,277579,Single,1,True,https://cdn.example.com/covers/146.jpg
2024-03-05,32,Velvet Machines,Trey Nakamura,88.0,270666,Album,16,False,https://cdn.example.com/covers/135.jpg
2024-03-05,33,Paper Highways,Ruben Castellanos feat. Priya Anand,82.0,160395,Single,1,False,https://cdn.example.com/covers/084.jpg
2024-03-05,34,Hollow Engines,Jaxon Frey,78.0,255285,Single,1,False,https://cdn.example.com/covers/047.jpg
2024-03-05,35,Sugar Bones,Halcyon Youth,81.0,203420,Album,17,True,https://cdn.example.com/covers/116.jpg
2024-03-05,36,Bitter Signals,Jaxon Frey,77.0,168881,Single,1,False,https://cdn.example.com/covers/014.jpg
2024-03-05,37,Hollow Promises,Velvet Static,82.0,137625,Single,1,True,https://cdn.example.com/covers/050.jpg
2024-03-05,38,Sunlit Highways,Kira Lindqvist,82.0,259501,Album,7,True,https://cdn.example.com/covers/125.jpg
2024-03-05,39,Sugar Hours,Bea Whitlock,77.0,157479,Single,1,True,https://cdn.example.com/covers/120.jpg
2024-03-05,40,Restless Signals,Milo & The Tides,78.0,220260,Album,10,False,https://cdn.example.com/covers/100.jpg
2024-03-05,41,Midnight Crowns,Jaxon Frey,82.0,210662,Album,13,True,https://cdn.example.com/covers/067.jpg
2024-03-05,42,Neon Highways,Kira Lindqvist,79.0,257162,Single,1,True,https://cdn.example.com/covers/075.jpg
2024-03-05,43,Bitter Summers,Ruben Castellanos,76.0,173228,Single,1,True,https://cdn.example.com/covers/015.jpg
2024-03-05,44,Restless Ghosts,Milo & The Tides,76.0,132699,Single,1,True,https://cdn.example.com/covers/097.jpg
2024-03-05,45,Quiet Names,Deja Monroe,75.0,155216,Single,1,True,https://cdn.example.com/covers/090.jpg
2024-03-05,46,Ashen Bones,Milo & The Tides feat. Omar Diallo,72.0,143025,Single,1,False,https://cdn.example.com/covers/000.jpg
2024-03-05,47,Quiet Promises,Deja Monroe,73.0,172131,Album,16,False,https://cdn.example.com/covers/091.jpg
2024-03-05,48,Velvet Weather,Dust & Ember,74.0,271354,Album,9,False,https://cdn.example.com/covers/139.jpg
2024-03-05,49,Ivory Weather,Cold Harbor,74.0,141107,Single,1,True,https://cdn.example.com/covers/059.jpg
2024-03-05,50,Crimson Ghosts,Velvet Static feat. Dust & Ember,69.0,207632,Single,1,False,https://cdn.example.com/covers/018.jpg
2024-03-06,1,Neon Summers,Dust & Ember feat. Saint Avery,100.0,172623,Single,1,True,https://cdn.example.com/covers/079.jpg
2024-03-06,2,Lonely Rivers,Milo & The Tides,100.0,210046,Single,1,True,https://cdn.example.com/covers/064.jpg
2024-03-06,3,Golden Rooms,Nova Reyes,100.0,174403,Album,20,True,https://cdn.example.com/covers/045.jpg
2024-03-06,4,Velvet Highways,Cold Harbor,100.0,215061,Single,1,True,https://cdn.example.com/covers/133.jpg
2024-03-06,5,Velvet Promises,Kira Lindqvist,100.0,204302,Album,8,False,https://cdn.example.com/covers/136.jpg
2024-03-06,6,Velvet Vices,Velvet Static,100.0,259460,Single,1,True,https://cdn.example.com/covers/138.jpg
2024-03-06,7,Ivory Letters,Saint Avery,97.0,230277,Single,1,False,https://cdn.example.com/covers/057.jpg
2024-03-06,8,Silver Hours,Nova Reyes,100.0,228733,Single,1,True,https://cdn.example.com/covers/104.jpg
2024-03-06,9,Sugar Names,Trey Nakamura,96.0,242733,Album,15,True,https://cdn.example.com/covers/121.jpg
2024-03-06,10,Electric Weather,Dust & Ember feat. Milo & The Tides,100.0,135617,Album,11,False,https://cdn.example.com/covers/025.jpg
2024-03-06,11,Faded Crowns,Jaxon Frey,100.0,146551,Album,17,True,https://cdn.example.com/covers/029.jpg
2024-03-06,12,Midnight Summers,The Lantern Club feat. Bea Whitlock,96.0,206872,Album,16,False,https://cdn.example.com/covers/073.jpg
2024-03-06,13,Paper Cities,Velvet Static,100.0,195370,Album,16,False,https://cdn.example.com/covers/081.jpg
2024-03-06,14,Restless Vices,Omar Diallo,95.0,207503,Single,1,False,https://cdn.example.com/covers/101.jpg
2024-03-06,15,Faded Cities,Jaxon Frey feat. Nova Reyes,95.0,282662,Album,10,False,https://cdn.example.com/covers/028.jpg
2024-03-06,16,Ivory Summers,Saint Avery,96.0,277100,Album,17,True,https://cdn.example.com/covers/058.jpg
2024-03-06,17,Bitter Daylight,Lorna Sky,94.0,223885,Album,16,True,https://cdn.example.com/covers/008.jpg
2024-03-06,18,Ashen Rooms,Saint Avery feat. The Paper Kites Co.,89.0,221034,Album,20,True,https://cdn.example.com/covers/006.jpg
2024-03-06,19,Golden Engines,Saint Avery,94.0,237976,Album,18,True,https://cdn.example.com/covers/042.jpg
2024-03-06,20,Faded Summers,The Paper Kites Co.,92.0,238446,Single,1,False,https://cdn.example.com/covers/036.jpg
2024-03-06,21,Hollow Rivers,Bea Whitlock,94.0,208425,Album,9,True,https://cdn.example.com/covers/051.jpg
2024-03-06,22,Wildflower Names,The Lantern Club feat. Nova Reyes,89.0,178107,Album,11,True,https://cdn.example.com/covers/144.jpg
2024-03-06,23,Hollow Ghosts,Dust & Ember,95.0,181921,Album,10,True,https://cdn.example.com/covers/048.jpg
2024-03-06,24,Silver Letters,Kira Lindqvist,90.0,135608,Single,1,False,https://cdn.example.com/covers/105.jpg
2024-03-06,25,Faded Promises,The Paper Kites Co.,94.0,216898,Album,11,False,https://cdn.example.com/covers/032.jpg
2024-03-06,26,Hollow Vices,Bea Whitlock,91.0,173530,Album,17,False,https://cdn.example.com/covers/053.jpg
2024-03-06,27,Neon Rooms,Bea Whitlock,90.0,178843,Album,18,True,https://cdn.example.com/covers/078.jpg
2024-03-06,28,Paper Highways,Ruben Castellanos feat. Priya Anand,87.0,160395,Single,1,False,https://cdn.example.com/covers/084.jpg
2024-03-06,29,Neon Highways,Kira Lindqvist,82.0,257162,Single,1,True,https://cdn.example.com/covers/075.jpg
2024-03-06,30,Wildflower Signals,Dust & Ember,85.0,277579,Single,1,True,https://cdn.example.com/covers/146.jpg
2024-03-06,31,Velvet Machines,Trey Nakamura,84.0,270666,Album,16,False,https://cdn.example.com/covers/135.jpg
2024-03-06,32,Midnight Crowns,Jaxon Frey,85.0,210662,Album,13,True,https://cdn.example.com/covers/067.jpg
2024-03-06,33,Sunlit Highways,Kira Lindqvist,83.0,259501,Album,7,True,https://cdn.example.com/covers/125.jpg
2024-03-06,34,Sugar Signals,Priya Anand,79.0,221010,Album,15,False,https://cdn.example.com/covers/122.jpg
2024-03-06,35,Sugar Bones,Halcyon Youth,83.0,203420,Album,17,True,https://cdn.example.com/covers/116.jpg
2024-03-06,36,Bitter Summers,Ruben Castellanos,82.0,173228,Single,1,True,https://cdn.example.com/covers/015.jpg
2024-03-06,37,Hollow Engines,Jaxon Frey,82.0,255285,Single,1,False,https://cdn.example.com/covers/047.jpg
2024-03-06,38,Quiet Names,Deja Monroe,79.0,155216,Single,1,True,https://cdn.example.com/covers/090.jpg
2024-03-06,39,Wildflower Ghosts,Bea Whitlock feat. Halcyon Youth,83.0,203198,Album,7,True,https://cdn.example.com/covers/142.jpg
2024-03-06,40,Sugar Crowns,Lorna Sky,82.0,133986,Album,7,False,https://cdn.example.com/covers/118.jpg
2024-03-06,41,Bitter Signals,Jaxon Frey,80.0,168881,Single,1,False,https://cdn.example.com/covers/014.jpg
2024-03-06,42,Sugar Hours,Bea Whitlock,79.0,157479,Single,1,True,https://cdn.example.com/covers/120.jpg
2024-03-06,43,Sugar Cities,Velvet Static,78.0,262484,Single,1,False,https://cdn.example.com/covers/117.jpg
2024-03-06,44,Static Wires,The Paper Kites Co. feat. Ruben Castellanos,70.0,171130,Single,1,False,https://cdn.example.com/covers/115.jpg
2024-03-06,45,Crimson Ghosts,Velvet Static feat. Dust & Ember,76.0,207632,Single,1,False,https://cdn.example.com/covers/018.jpg
2024-03-06,46,Restless Ghosts,Milo & The Tides,81.0,132699,Single,1,True,https://cdn.example.com/covers/097.jpg
2024-03-06,47,Hollow Promises,Velvet Static,73.0,137625,Single,1,True,https://cdn.example.com/covers/050.jpg
2024-03-06,48,Ashen Bones,Milo & The Tides feat. Omar Diallo,78.0,143025,Single,1,False,https://cdn.example.com/covers/000.jpg
2024-03-06,49,Restless Signals,Milo & The Tides,72.0,220260,Album,10,False,https://cdn.example.com/covers/100.jpg
2024-03-06,50,Restless Highways,Halcyon Youth,70.0,171215,Single,1,False,https://cdn.example.com/covers/098.jpg
2024-03-07,1,Golden Rooms,Nova Reyes,100.0,174403,Album,20,True,https://cdn.example.com/covers/045.jpg
2024-03-07,2,Velvet Highways,Cold Harbor,100.0,215061,Single,1,True,https://cdn.example.com/covers/133.jpg
2024-03-07,3,Neon Summers,Dust & Ember feat. Saint Avery,100.0,172623,Single,1,True,https://cdn.example.com/covers/079.jpg
2024-03-07,4,Silver Hours,Nova Reyes,100.0,228733,Single,1,True,https://cdn.example.com/covers/104.jpg
2024-03-07,5,Lonely Rivers,Milo & The Tides,100.0,210046,Single,1,True,https://cdn.example.com/covers/064.jpg
2024-03-07,6,Velvet Promises,Kira Lindqvist,100.0,204302,Album,8,False,https://cdn.example.com/covers/136.jpg
2024-03-07,7,Hollow Rivers,Bea Whitlock,99.0,208425,Album,9,True,https://cdn.example.com/covers/051.jpg
2024-03-07,8,Sugar Names,Trey Nakamura,100.0,242733,Album,15,True,https://cdn.example.com/covers/121.jpg
2024-03-07,9,Faded Crowns,Jaxon Frey,100.0,146551,Album,17,True,https://cdn.example.com/covers/029.jpg
2024-03-07,10,Restless Vices,Omar Diallo,100.0,207503,Single,1,False,https://cdn.example.com/covers/101.jpg
2024-03-07,11,Electric Weather,Dust & Ember feat. Milo & The Tides,99.0,135617,Album,11,False,https://cdn.example.com/covers/025.jpg
2024-03-07,12,Golden Engines,Saint Avery,99.0,237976,Album,18,True,https://cdn.example.com/covers/042.jpg
2024-03-07,13,Velvet Vices,Velvet Static,95.0,259460,Single,1,True,https://cdn.example.com/covers/138.jpg
2024-03-07,14,Midnight Summers,The Lantern Club feat. Bea Whitlock,95.0,206872,Album,16,False,https://cdn.example.com/covers/073.jpg
2024-03-07,15,Ashen Rooms,Saint Avery feat. The Paper Kites Co.,97.0,221034,Album,20,True,https://cdn.example.com/covers/006.jpg
2024-03-07,16,Faded Cities,Jaxon Frey feat. Nova Reyes,92.0,282662,Album,10,False,https://cdn.example.com/covers/028.jpg
2024-03-07,17,Faded Summers,The Paper Kites Co.,96.0,238446,Single,1,False,https://cdn.example.com/covers/036.jpg
2024-03-07,18,Ivory Summers,Saint Avery,94.0,277100,Album,17,True,https://cdn.example.com/covers/058.jpg
2024-03-07,19,Ivory Letters,Saint Avery,93.0,230277,Single,1,False,https://cdn.example.com/covers/057.jpg
2024-03-07,20,Paper Cities,Velvet Static,95.0,195370,Album,16,False,https://cdn.example.com/covers/081.jpg
2024-03-07,21,Hollow Vices,Bea Whitlock,93.0,173530,Album,17,False,https://cdn.example.com/covers/053.jpg
2024-03-07,22,Hollow Ghosts,Dust & Ember,87.0,181921,Album,10,True,https://cdn.example.com/covers/048.jpg
2024-03-07,23,Wildflower Names,The Lantern Club feat. Nova Reyes,94.0,178107,Album,11,True,https://cdn.example.com/covers/144.jpg
2024-03-07,24,Faded Promises,The Paper Kites Co.,95.0,216898,Album,11,False,https://cdn.example.com/covers/032.jpg
2024-03-07,25,Bitter Daylight,Lorna Sky,93.0,223885,Album,16,True,https://cdn.example.com/covers/008.jpg
2024-03-07,26,Neon Rooms,Bea Whitlock,92.0,178843,Album,18,True,https://cdn.example.com/covers/078.jpg
2024-03-07,27,Silver Letters,Kira Lindqvist,83.0,135608,Single,1,False,https://cdn.example.com/covers/105.jpg
2024-03-07,28,Velvet Machines,Trey Nakamura,89.0,270666,Album,16,False,https://cdn.example.com/covers/135.jpg
2024-03-07,29,Neon Highways,Kira Lindqvist,88.0,257162,Single,1,True,https://cdn.example.com/covers/075.jpg
2024-03-07,30,Sunlit Highways,Kira Lindqvist,88.0,259501,Album,7,True,https://cdn.example.com/covers/125.jpg
2024-03-07,31,Wildflower Signals,Dust & Ember,83.0,277579,Single,1,True,https://cdn.example.com/covers/146.jpg
2024-03-07,32,Sugar Crowns,Lorna Sky,82.0,133986,Album,7,False,https://cdn.example.com/covers/118.jpg
2024-03-07,33,Bitter Signals,Jaxon Frey,83.0,168881,Single,1,False,https://cdn.example.com/covers/014.jpg
2024-03-07,34,Restless Highways,Halcyon Youth,78.0,171215,Single,1,False,https://cdn.example.com/covers/098.jpg
2024-03-07,35,Bitter Summers,Ruben Castellanos,74.0,173228,Single,1,True,https://cdn.example.com/covers/015.jpg
2024-03-07,36,Midnight Crowns,Jaxon Frey,81.0,210662,Album,13,True,https://cdn.example.com/covers/067.jpg
2024-03-07,37,Wildflower Ghosts,Bea Whitlock feat. Halcyon Youth,82.0,203198,Album,7,True,https://cdn.example.com/covers/142.jpg
2024-03-07,38,Electric Wires,Trey Nakamura feat. Deja Monroe,82.0,227637,Album,16,False,https://cdn.example.com/covers/026.jpg
2024-03-07,39,Restless Signals,Milo & The Tides,80.0,220260,Album,10,False,https://cdn.example.com/covers/100.jpg
2024-03-07,40,Sugar Signals,Priya Anand,74.0,221010,Album,15,False,https://cdn.example.com/covers/122.jpg
2024-03-07,41,Paper Highways,Ruben Castellanos feat. Priya Anand,77.0,160395,Single,1,False,https://cdn.example.com/covers/084.jpg
2024-03-07,42,Sugar Hours,Bea Whitlock,76.0,157479,Single,1,True,https://cdn.example.com/covers/120.jpg
2024-03-07,43,Sugar Bones,Halcyon Youth,74.0,203420,Album,17,True,https://cdn.example.com/covers/116.jpg
2024-03-07,44,Ivory Weather,Cold Harbor,76.0,141107,Single,1,True,https://cdn.example.com/covers/059.jpg
2024-03-07,45,Restless Ghosts,Milo & The Tides,74.0,132699,Single,1,True,https://cdn.example.com/covers/097.jpg
2024-03-07,46,Sugar Cities,Velvet Static,73.0,262484,Single,1,False,https://cdn.example.com/covers/117.jpg
2024-03-07,47,Static Wires,The Paper Kites Co. feat. Ruben Castellanos,77.0,171130,Single,1,False,https://cdn.example.com/covers/115.jpg
2024-03-07,48,Crimson Ghosts,Velvet Static feat. Dust & Ember,74.0,207632,Single,1,False,https://cdn.example.com/covers/018.jpg
2024-03-07,49,Hollow Engines,Jaxon Frey,68.0,255285,Single,1,False,https://cdn.example.com/covers/047.jpg
2024-03-07,50,Ashen Bones,Milo & The Tides feat. Omar Diallo,70.0,143025,Single,1,False,https://cdn.example.com/covers/000.jpg
2024-03-08,1,Golden Rooms,Nova Reyes,100.0,174403,Album,20,True,https://cdn.example.com/covers/045.jpg
2024-03-08,2,Silver Hours,Nova Reyes,100.0,228733,Single,1,True,https://cdn.example.com/covers/104.jpg
2024-03-08,3,Neon Summers,Dust & Ember feat. Saint Avery,100.0,172623,Single,1,True,https://cdn.example.com/covers/079.jpg
2024-03-08,4,Velvet Highways,Cold Harbor,100.0,215061,Single,1,True,https://cdn.example.com/covers/133.jpg
2024-03-08,5,Lonely Rivers,Milo & The Tides,100.0,210046,Single,1,True,https://cdn.example.com/covers/064.jpg
2024-03-08,6,Faded Crowns,Jaxon Frey,100.0,146551,Album,17,True,https://cdn.example.com/covers/029.jpg
2024-03-08,7,Sugar Names,Trey Nakamura,100.0,242733,Album,15,True,https://cdn.example.com/covers/121.jpg
2024-03-08,8,Hollow Rivers,Bea Whitlock,96.0,208425,Album,9,True,https://cdn.example.com/covers/051.jpg
2024-03-08,9,Golden Engines,Saint Avery,99.0,237976,Album,18,True,https://cdn.example.com/covers/042.jpg
2024-03-08,10,Velvet Vices,Velvet Static,100.0,259460,Single,1,True,https://cdn.example.com/covers/138.jpg
2024-03-08,11,Ivory Letters,Saint Avery,100.0,230277,Single,1,False,https://cdn.example.com/covers/057.jpg
2024-03-08,12,Faded Summers,The Paper Kites Co.,100.0,238446,Single,1,False,https://cdn.example.com/covers/036.jpg
2024-03-08,13,Electric Weather,Dust & Ember feat. Milo & The Tides,88.0,135617,Album,11,False,https://cdn.example.com/covers/025.jpg
2024-03-08,14,Restless Vices,Omar Diallo,98.0,207503,Single,1,False,https://cdn.example.com/covers/101.jpg
2024-03-08,15,Midnight Summers,The Lantern Club feat. Bea Whitlock,90.0,206872,Album,16,False,https://cdn.example.com/covers/073.jpg
2024-03-08,16,Faded Cities,Jaxon Frey feat. Nova Reyes,92.0,282662,Album,10,False,https://cdn.example.com/covers/028.jpg
2024-03-08,17,Velvet Promises,Kira Lindqvist,95.0,204302,Album,8,False,https://cdn.example.com/covers/136.jpg
2024-03-08,18,Paper Cities,Velvet Static,97.0,195370,Album,16,False,https://cdn.example.com/covers/081.jpg
2024-03-08,19,Ivory Summers,Saint Avery,98.0,277100,Album,17,True,https://cdn.example.com/covers/058.jpg
2024-03-08,20,Bitter Daylight,Lorna Sky,94.0,223885,Album,16,True,https://cdn.example.com/covers/008.jpg
2024-03-08,21,Ashen Rooms,Saint Avery feat. The Paper Kites Co.,90.0,221034,Album,20,True,https://cdn.example.com/covers/006.jpg
2024-03-08,22,Wildflower Names,The Lantern Club feat. Nova Reyes,,178107,Album,11,True,https://cdn.example.com/covers/144.jpg
2024-03-08,23,Hollow Ghosts,Dust & Ember,90.0,181921,Album,10,True,https://cdn.example.com/covers/048.jpg
2024-03-08,24,Silver Letters,Kira Lindqvist,84.0,135608,Single,1,False,https://cdn.example.com/covers/105.jpg
2024-03-08,25,Faded Promises,The Paper Kites Co.,83.0,216898,Album,11,False,https://cdn.example.com/covers/032.jpg
2024-03-08,26,Neon Rooms,Bea Whitlock,89.0,178843,Album,18,True,https://cdn.example.com/covers/078.jpg
2024-03-08,27,Wildflower Ghosts,Bea Whitlock feat. Halcyon Youth,88.0,203198,Album,7,True,https://cdn.example.com/covers/142.jpg
2024-03-08,28,Quiet Names,Deja Monroe,88.0,155216,Single,1,True,https://cdn.example.com/covers/090.jpg
2024-03-08,29,Hollow Vices,Bea Whitlock,88.0,173530,Album,17,False,https://cdn.example.com/covers/053.jpg
2024-03-08,30,Sugar Signals,Priya Anand,90.0,221010,Album,15,False,https://cdn.example.com/covers/122.jpg
2024-03-08,31,Neon Highways,Kira Lindqvist,83.0,257162,Single,1,True,https://cdn.example.com/covers/075.jpg
2024-03-08,32,Velvet Machines,Trey Nakamura,83.0,270666,Album,16,False,https://cdn.example.com/covers/135.jpg
2024-03-08,33,Wildflower Signals,Dust & Ember,83.0,277579,Single,1,True,https://cdn.example.com/covers/146.jpg
2024-03-08,34,Ivory Weather,Cold Harbor,82.0,141107,Single,1,True,https://cdn.example.com/covers/059.jpg
2024-03-08,35,Velvet Weather,Dust & Ember,84.0,271354,Album,9,False,https://cdn.example.com/covers/139.jpg
2024-03-08,36,Paper Highways,Ruben Castellanos feat. Priya Anand,79.0,160395,Single,1,False,https://cdn.example.com/covers/084.jpg
2024-03-08,37,Midnight Crowns,Jaxon Frey,80.0,210662,Album,13,True,https://cdn.example.com/covers/067.jpg
2024-03-08,38,Bitter Summers,Ruben Castellanos,82.0,173228,Single,1,True,https://cdn.example.com/covers/015.jpg
2024-03-08,39,Sugar Hours,Bea Whitlock,82.0,157479,Single,1,True,https://cdn.example.com/covers/120.jpg
2024-03-08,40,Sugar Bones,Halcyon Youth,75.0,203420,Album,17,True,https://cdn.example.com/covers/116.jpg
2024-03-08,41,Sugar Crowns,Lorna Sky,81.0,133986,Album,7,False,https://cdn.example.com/covers/118.jpg
2024-03-08,42,Ashen Bones,Milo & The Tides feat. Omar Diallo,75.0,143025,Single,1,False,https://cdn.example.com/covers/000.jpg
2024-03-08,43,Sunlit Highways,Kira Lindqvist,78.0,259501,Album,7,True,https://cdn.example.com/covers/125.jpg
2024-03-08,44,Crimson Ghosts,Velvet Static feat. Dust & Ember,79.0,207632,Single,1,False,https://cdn.example.com/covers/018.jpg
2024-03-08,45,Bitter Signals,Jaxon Frey,73.0,168881,Single,1,False,https://cdn.example.com/covers/014.jpg
2024-03-08,46,Quiet Promises,Deja Monroe,72.0,172131,Album,16,False,https://cdn.example.com/covers/091.jpg
2024-03-08,47,Sunlit Daylight,Trey Nakamura,80.0,250117,Album,13,False,https://cdn.example.com/covers/124.jpg
2024-03-08,48,Electric Wires,Trey Nakamura feat. Deja Monroe,75.0,227637,Album,16,False,https://cdn.example.com/covers/026.jpg
2024-03-08,49,Sugar Cities,Velvet Static,78.0,262484,Single,1,False,https://cdn.example.com/covers/117.jpg
2024-03-08,50,Restless Ghosts,Milo & The Tides,74.0,132699,Single,1,True,https://cdn.example.com/covers/097.jpg
2024-03-09,1,Golden Rooms,Nova Reyes,100.0,174403,Album,20,True,https://cdn.example.com/covers/045.jpg
2024-03-09,2,Velvet Highways,Cold Harbor,100.0,215061,Single,1,True,https://cdn.example.com/covers/133.jpg
2024-03-09,3,Neon Summers,Dust & Ember feat. Saint Avery,100.0,172623,Single,1,True,https://cdn.example.com/covers/079.jpg
2024-03-09,4,Silver Hours,Nova Reyes,100.0,228733,Single,1,True,https://cdn.example.com/covers/104.jpg
2024-03-09,5,Lonely Rivers,Milo & The Tides,100.0,210046,Single,1,True,https://cdn.example.com/covers/064.jpg
2024-03-09,6,Faded Crowns,Jaxon Frey,100.0,146551,Album,17,True,https://cdn.example.com/covers/029.jpg
2024-03-09,7,Velvet Promises,Kira Lindqvist,100.0,204302,Album,8,False,https://cdn.example.com/covers/136.jpg
2024-03-09,8,Sugar Names,Trey Nakamura,100.0,242733,Album,15,True,https://cdn.example.com/covers/121.jpg
2024-03-09,9,Ivory Letters,Saint Avery,100.0,230277,Single,1,False,https://cdn.example.com/covers/057.jpg
2024-03-09,10,Paper Cities,Velvet Static,100.0,195370,Album,16,False,https://cdn.example.com/covers/081.jpg
2024-03-09,11,Restless Vices,Omar Diallo,98.0,207503,Single,1,False,https://cdn.example.com/covers/101.jpg
2024-03-09,12,Golden Engines,Saint Avery,98.0,237976,Album,18,True,https://cdn.example.com/covers/042.jpg
2024-03-09,13,Velvet Vices,Velvet Static,99.0,259460,Single,1,True,https://cdn.example.com/covers/138.jpg
2024-03-09,14,Midnight Summers,The Lantern Club feat. Bea Whitlock,100.0,206872,Album,16,False,https://cdn.example.com/covers/073.jpg
2024-03-09,15,Faded Cities,Jaxon Frey feat. Nova Reyes,96.0,282662,Album,10,False,https://cdn.example.com/covers/028.jpg
2024-03-09,16,Electric Weather,Dust & Ember feat. Milo & The Tides,93.0,135617,Album,11,False,https://cdn.example.com/covers/025.jpg
2024-03-09,17,Hollow Rivers,Bea Whitlock,94.0,208425,Album,9,True,https://cdn.example.com/covers/051.jpg
2024-03-09,18,Bitter Daylight,Lorna Sky,97.0,223885,Album,16,True,https://cdn.example.com/covers/008.jpg
2024-03-09,19,Faded Summers,The Paper Kites Co.,99.0,238446,Single,1,False,https://cdn.example.com/covers/036.jpg
2024-03-09,20,Ashen Rooms,Saint Avery feat. The Paper Kites Co.,87.0,221034,Album,20,True,https://cdn.example.com/covers/006.jpg
2024-03-09,21,Ivory Summers,Saint Avery,89.0,277100,Album,17,True,https://cdn.example.com/covers/058.jpg
2024-03-09,22,Hollow Ghosts,Dust & Ember,92.0,181921,Album,10,True,https://cdn.example.com/covers/048.jpg
2024-03-09,23,Wildflower Names,The Lantern Club feat. Nova Reyes,90.0,178107,Album,11,True,https://cdn.example.com/covers/144.jpg
2024-03-09,24,Faded Promises,The Paper Kites Co.,87.0,216898,Album,11,False,https://cdn.example.com/covers/032.jpg
2024-03-09,25,Silver Letters,Kira Lindqvist,91.0,135608,Single,1,False,https://cdn.example.com/covers/105.jpg
2024-03-09,26,Neon Rooms,Bea Whitlock,85.0,178843,Album,18,True,https://cdn.example.com/covers/078.jpg
2024-03-09,27,Neon Highways,Kira Lindqvist,91.0,257162,Single,1,True,https://cdn.example.com/covers/075.jpg
2024-03-09,28,Hollow Vices,Bea Whitlock,85.0,173530,Album,17,False,https://cdn.example.com/covers/053.jpg
2024-03-09,29,Quiet Names,Deja Monroe,81.0,155216,Single,1,True,https://cdn.example.com/covers/090.jpg
2024-03-09,30,Bitter Summers,Ruben Castellanos,85.0,173228,Single,1,True,https://cdn.example.com/covers/015.jpg
2024-03-09,31,Sunlit Highways,Kira Lindqvist,81.0,259501,Album,7,True,https://cdn.example.com/covers/125.jpg
2024-03-09,32,Sugar Bones,Halcyon Youth,84.0,203420,Album,17,True,https://cdn.example.com/covers/116.jpg
2024-03-09,33,Sugar Hours,Bea Whitlock,78.0,157479,Single,1,True,https://cdn.example.com/covers/120.jpg
2024-03-09,34,Velvet Machines,Trey Nakamura,84.0,270666,Album,16,False,https://cdn.example.com/covers/135.jpg
2024-03-09,35,Wildflower Signals,Dust & Ember,80.0,277579,Single,1,True,https://cdn.example.com/covers/146.jpg
2024-03-09,36,Ivory Weather,Cold Harbor,81.0,141107,Single,1,True,https://cdn.example.com/covers/059.jpg
2024-03-09,37,Paper Highways,Ruben Castellanos feat. Priya Anand,80.0,160395,Single,1,False,https://cdn.example.com/covers/084.jpg
2024-03-09,38,Ashen Bones,Milo & The Tides feat. Omar Diallo,75.0,143025,Single,1,False,https://cdn.example.com/covers/000.jpg
2024-03-09,39,Sugar Cities,Velvet Static,79.0,262484,Single,1,False,https://cdn.example.com/covers/117.jpg
2024-03-09,40,Hollow Engines,Jaxon Frey,77.0,255285,Single,1,False,https://cdn.example.com/covers/047.jpg
2024-03-09,41,Crimson Ghosts,Velvet Static feat. Dust & Ember,76.0,207632,Single,1,False,https://cdn.example.com/covers/018.jpg
2024-03-09,42,Wildflower Ghosts,Bea Whitlock feat. Halcyon Youth,75.0,203198,Album,7,True,https://cdn.example.com/covers/142.jpg
2024-03-09,43,Sugar Signals,Priya Anand,78.0,221010,Album,15,False,https://cdn.example.com/covers/122.jpg
2024-03-09,44,Quiet Promises,Deja Monroe,71.0,172131,Album,16,False,https://cdn.example.com/covers/091.jpg
2024-03-09,45,Velvet Weather,Dust & Ember,76.0,271354,Album,9,False,https://cdn.example.com/covers/139.jpg
2024-03-09,46,Restless Ghosts,Milo & The Tides,73.0,132699,Single,1,True,https://cdn.example.com/covers/097.jpg
2024-03-09,47,Electric Engines,Saint Avery,76.0,208822,Single,1,True,https://cdn.example.com/covers/022.jpg
2024-03-09,48,Midnight Crowns,Jaxon Frey,69.0,210662,Album,13,True,https://cdn.example.com/covers/067.jpg
2024-03-09,49,Sugar Crowns,Lorna Sky,71.0,133986,Album,7,False,https://cdn.example.com/covers/118.jpg
2024-03-09,50,Sunlit Daylight,Trey Nakamura,69.0,250117,Album,13,False,https://cdn.example.com/covers/124.jpg
2024-03-10,1,Golden Rooms,Nova Reyes,100.0,174403,Album,20,True,https://cdn.example.com/covers/045.jpg
2024-03-10,2,Neon Summers,Dust & Ember feat. Saint Avery,100.0,172623,Single,1,True,https://cdn.example.com/covers/079.jpg
2024-03-10,3,Velvet Highways,Cold Harbor,100.0,215061,Single,1,True,https://cdn.example.com/covers/133.jpg
2024-03-10,4,Silver Hours,Nova Reyes,100.0,228733,Single,1,True,https://cdn.example.com/covers/104.jpg
2024-03-10,5,Sugar Names,Trey Nakamura,100.0,242733,Album,15,True,https://cdn.example.com/covers/121.jpg
2024-03-10,6,Velvet Vices,Velvet Static,98.0,259460,Single,1,True,https://cdn.example.com/covers/138.jpg
2024-03-10,7,Velvet Promises,Kira Lindqvist,100.0,204302,Album,8,False,https://cdn.example.com/covers/136.jpg
2024-03-10,8,Lonely Rivers,Milo & The Tides,100.0,210046,Single,1,True,https://cdn.example.com/covers/064.jpg
2024-03-10,9,Restless Vices,Omar Diallo,97.0,207503,Single,1,False,https://cdn.example.com/covers/101.jpg
2024-03-10,10,Ivory Letters,Saint Avery,100.0,230277,Single,1,False,https://cdn.example.com/covers/057.jpg
2024-03-10,11,Faded Crowns,Jaxon Frey,91.0,146551,Album,17,True,https://cdn.example.com/covers/029.jpg
2024-03-10,12,Faded Cities,Jaxon Frey feat. Nova Reyes,96.0,282662,Album,10,False,https://cdn.example.com/covers/028.jpg
2024-03-10,13,Midnight Summers,The Lantern Club feat. Bea Whitlock,93.0,206872,Album,16,False,https://cdn.example.com/covers/073.jpg
2024-03-10,14,Hollow Rivers,Bea Whitlock,95.0,208425,Album,9,True,https://cdn.example.com/covers/051.jpg
2024-03-10,15,Electric Weather,Dust & Ember feat. Milo & The Tides,96.0,135617,Album,11,False,https://cdn.example.com/covers/025.jpg
2024-03-10,16,Paper Cities,Velvet Static,99.0,195370,Album,16,False,https://cdn.example.com/covers/081.jpg
2024-03-10,17,Hollow Ghosts,Dust & Ember,98.0,181921,Album,10,True,https://cdn.example.com/covers/048.jpg
2024-03-10,18,Ashen Rooms,Saint Avery feat. The Paper Kites Co.,91.0,221034,Album,20,True,https://cdn.example.com/covers/006.jpg
2024-03-10,19,Golden Engines,Saint Avery,97.0,237976,Album,18,True,https://cdn.example.com/covers/042.jpg
2024-03-10,20,Ivory Summers,Saint Avery,92.0,277100,Album,17,True,https://cdn.example.com/covers/058.jpg
2024-03-10,21,Neon Rooms,Bea Whitlock,94.0,178843,Album,18,True,https://cdn.example.com/covers/078.jpg
2024-03-10,22,Faded Summers,The Paper Kites Co.,88.0,238446,Single,1,False,https://cdn.example.com/covers/036.jpg
2024-03-10,23,Bitter Daylight,Lorna Sky,97.0,223885,Album,16,True,https://cdn.example.com/covers/008.jpg
2024-03-10,24,Hollow Vices,Bea Whitlock,87.0,173530,Album,17,False,https://cdn.example.com/covers/053.jpg
2024-03-10,25,Silver Letters,Kira Lindqvist,85.0,135608,Single,1,False,https://cdn.example.com/covers/105.jpg
2024-03-10,26,Wildflower Ghosts,Bea Whitlock feat. Halcyon Youth,90.0,203198,Album,7,True,https://cdn.example.com/covers/142.jpg
2024-03-10,27,Neon Highways,Kira Lindqvist,81.0,257162,Single,1,True,https://cdn.example.com/covers/075.jpg
2024-03-10,28,Wildflower Names,The Lantern Club feat. Nova Reyes,82.0,178107,Album,11,True,https://cdn.example.com/covers/144.jpg
2024-03-10,29,Velvet Machines,Trey Nakamura,90.0,270666,Album,16,False,https://cdn.example.com/covers/135.jpg
2024-03-10,30,Wildflower Signals,Dust & Ember,83.0,277579,Single,1,True,https://cdn.example.com/covers/146.jpg
2024-03-10,31,Bitter Signals,Jaxon Frey,84.0,168881,Single,1,False,https://cdn.example.com/covers/014.jpg
2024-03-10,32,Ivory Weather,Cold Harbor,85.0,141107,Single,1,True,https://cdn.example.com/covers/059.jpg
2024-03-10,33,Sugar Cities,Velvet Static,85.0,262484,Single,1,False,https://cdn.example.com/covers/117.jpg
2024-03-10,34,Quiet Names,Deja Monroe,81.0,155216,Single,1,True,https://cdn.example.com/covers/090.jpg
2024-03-10,35,Faded Promises,The Paper Kites Co.,86.0,216898,Album,11,False,https://cdn.example.com/covers/032.jpg
2024-03-10,36,Sunlit Highways,Kira Lindqvist,81.0,259501,Album,7,True,https://cdn.example.com/covers/125.jpg
2024-03-10,37,Midnight Crowns,Jaxon Frey,79.0,210662,Album,13,True,https://cdn.example.com/covers/067.jpg
2024-03-10,38,Sugar Signals,Priya Anand,78.0,221010,Album,15,False,https://cdn.example.com/covers/122.jpg
2024-03-10,39,Sugar Bones,Halcyon Youth,82.0,203420,Album,17,True,https://cdn.example.com/covers/116.jpg
2024-03-10,40,Bitter Summers,Ruben Castellanos,75.0,173228,Single,1,True,https://cdn.example.com/covers/015.jpg
2024-03-10,41,Restless Highways,Halcyon Youth,77.0,171215,Single,1,False,https://cdn.example.com/covers/098.jpg
2024-03-10,42,Paper Highways,Ruben Castellanos feat. Priya Anand,81.0,160395,Single,1,False,https://cdn.example.com/covers/084.jpg
2024-03-10,43,Sugar Hours,Bea Whitlock,74.0,157479,Single,1,True,https://cdn.example.com/covers/120.jpg
2024-03-10,44,Restless Signals,Milo & The Tides,79.0,220260,Album,10,False,https://cdn.example.com/covers/100.jpg
2024-03-10,45,Sunlit Daylight,Trey Nakamura,74.0,250117,Album,13,False,https://cdn.example.com/covers/124.jpg
2024-03-10,46,Crimson Ghosts,Velvet Static feat. Dust & Ember,78.0,207632,Single,1,False,https://cdn.example.com/covers/018.jpg
2024-03-10,47,Electric Engines,Saint Avery,77.0,208822,Single,1,True,https://cdn.example.com/covers/022.jpg
2024-03-10,48,Velvet Weather,Dust & Ember,72.0,271354,Album,9,False,https://cdn.example.com/covers/139.jpg
2024-03-10,49,Restless Ghosts,Milo & The Tides,67.0,132699,Single,1,True,https://cdn.example.com/covers/097.jpg
2024-03-10,50,Silver Machines,The Paper Kites Co.,71.0,155826,Single,1,True,https://cdn.example.com/covers/106.jpg
2024-03-11,1,Golden Rooms,Nova Reyes,100.0,174403,Album,20,True,https://cdn.example.com/covers/045.jpg
2024-03-11,2,Velvet Highways,Cold Harbor,100.0,215061,Single,1,True,https://cdn.example.com/covers/133.jpg
2024-03-11,3,Neon Summers,Dust & Ember feat. Saint Avery,100.0,172623,Single,1,True,https://cdn.example.com/covers/079.jpg
2024-03-11,4,Silver Hours,Nova Reyes,100.0,228733,Single,1,True,https://cdn.example.com/covers/104.jpg
2024-03-11,5,Sugar Names,Trey Nakamura,100.0,242733,Album,15,True,https://cdn.example.com/covers/121.jpg
2024-03-11,6,Hollow Rivers,Bea Whitlock,100.0,208425,Album,9,True,https://cdn.example.com/covers/051.jpg
2024-03-11,7,Faded Summers,The Paper Kites Co.,100.0,238446,Single,1,False,https://cdn.example.com/covers/036.jpg
2024-03-11,8,Velvet Promises,Kira Lindqvist,100.0,204302,Album,8,False,https://cdn.example.com/covers/136.jpg
2024-03-11,9,Lonely Rivers,Milo & The Tides,98.0,210046,Single,1,True,https://cdn.example.com/covers/064.jpg
2024-03-11,10,Faded Cities,Jaxon Frey feat. Nova Reyes,100.0,282662,Album,10,False,https://cdn.example.com/covers/028.jpg
2024-03-11,11,Velvet Vices,Velvet Static,95.0,259460,Single,1,True,https://cdn.example.com/covers/138.jpg
2024-03-11,12,Midnight Summers,The Lantern Club feat. Bea Whitlock,99.0,206872,Album,16,False,https://cdn.example.com/covers/073.jpg
2024-03-11,13,Restless Vices,Omar Diallo,100.0,207503,Single,1,False,https://cdn.example.com/covers/101.jpg
2024-03-11,14,Bitter Daylight,Lorna Sky,97.0,223885,Album,16,True,https://cdn.example.com/covers/008.jpg
2024-03-11,15,Ivory Letters,Saint Avery,100.0,230277,Single,1,False,https://cdn.example.com/covers/057.jpg
2024-03-11,16,Electric Weather,Dust & Ember feat. Milo & The Tides,93.0,135617,Album,11,False,https://cdn.example.com/covers/025.jpg
2024-03-11,17,Faded Crowns,Jaxon Frey,92.0,146551,Album,17,True,https://cdn.example.com/covers/029.jpg
2024-03-11,18,Paper Cities,Velvet Static,99.0,195370,Album,16,False,https://cdn.example.com/covers/081.jpg
2024-03-11,19,Neon Rooms,Bea Whitlock,95.0,178843,Album,18,True,https://cdn.example.com/covers/078.jpg
2024-03-11,20,Hollow Ghosts,Dust & Ember,96.0,181921,Album,10,True,https://cdn.example.com/covers/048.jpg
2024-03-11,21,Ivory Summers,Saint Avery,91.0,277100,Album,17,True,https://cdn.example.com/covers/058.jpg
2024-03-11,22,Golden Engines,Saint Avery,95.0,237976,Album,18,True,https://cdn.example.com/covers/042.jpg
2024-03-11,23,Hollow Vices,  BEA WHITLOCK,85.0,173530,Album,17,False,https://cdn.example.com/covers/053.jpg
2024-03-11,24,Silver Letters,Kira Lindqvist,92.0,135608,Single,1,False,https://cdn.example.com/covers/105.jpg
2024-03-11,25,Ashen Rooms,Saint Avery feat. The Paper Kites Co.,93.0,221034,Album,20,True,https://cdn.example.com/covers/006.jpg
2024-03-11,26,Wildflower Names,The Lantern Club feat. Nova Reyes,87.0,178107,Album,11,True,https://cdn.example.com/covers/144.jpg
2024-03-11,27,Neon Highways,Kira Lindqvist,89.0,257162,Single,1,True,https://cdn.example.com/covers/075.jpg
2024-03-11,28,Wildflower Ghosts,Bea Whitlock feat. Halcyon Youth,88.0,203198,Album,7,True,https://cdn.example.com/covers/142.jpg
2024-03-11,29,Sugar Bones,Halcyon Youth,90.0,203420,Album,17,True,https://cdn.example.com/covers/116.jpg
2024-03-11,30,Sunlit Highways,Kira Lindqvist,88.0,259501,Album,7,True,https://cdn.example.com/covers/125.jpg
2024-03-11,31,Bitter Signals,Jaxon Frey,83.0,168881,Single,1,False,https://cdn.example.com/covers/014.jpg
2024-03-11,32,Electric Engines,Saint Avery,83.0,208822,Single,1,True,https://cdn.example.com/covers/022.jpg
2024-03-11,33,Sugar Signals,Priya Anand,83.0,221010,Album,15,False,https://cdn.example.com/covers/122.jpg
2024-03-11,34,Faded Promises,The Paper Kites Co.,80.0,216898,Album,11,False,https://cdn.example.com/covers/032.jpg
2024-03-11,35,Bitter Summers,Ruben Castellanos,75.0,173228,Single,1,True,https://cdn.example.com/covers/015.jpg
2024-03-11,36,Velvet Machines,Trey Nakamura,81.0,270666,Album,16,False,https://cdn.example.com/covers/135.jpg
2024-03-11,37,Wildflower Signals,Dust & Ember,84.0,277579,Single,1,True,https://cdn.example.com/covers/146.jpg
2024-03-11,38,Quiet Names,Deja Monroe,86.0,155216,Single,1,True,https://cdn.example.com/covers/090.jpg
2024-03-11,39,Ivory Weather,Cold Harbor,79.0,141107,Single,1,True,https://cdn.example.com/covers/059.jpg
2024-03-11,40,Crimson Ghosts,Velvet Static feat. Dust & Ember,74.0,207632,Single,1,False,https://cdn.example.com/covers/018.jpg
2024-03-11,41,Velvet Weather,Dust & Ember,76.0,271354,Album,9,False,https://cdn.example.com/covers/139.jpg
2024-03-11,42,Sugar Cities,Velvet Static,74.0,262484,Single,1,False,https://cdn.example.com/covers/117.jpg
2024-03-11,43,Midnight Crowns,Jaxon Frey,76.0,210662,Album,13,True,https://cdn.example.com/covers/067.jpg
2024-03-11,44,Paper Highways,Ruben Castellanos feat. Priya Anand,71.0,160395,Single,1,False,https://cdn.example.com/covers/084.jpg
2024-03-11,45,Quiet Promises,Deja Monroe,73.0,172131,Album,16,False,https://cdn.example.com/covers/091.jpg
2024-03-11,46,Restless Highways,Halcyon Youth,67.0,171215,Single,1,False,https://cdn.example.com/covers/098.jpg
2024-03-11,47,Restless Ghosts,Milo & The Tides,70.0,132699,Single,1,True,https://cdn.example.com/covers/097.jpg
2024-03-11,48,Hollow Names,Milo & The Tides,72.0,205579,Single,1,True,https://cdn.example.com/covers/049.jpg
2024-03-11,49,Sunlit Daylight,Trey Nakamura,74.0,250117,Album,13,False,https://cdn.example.com/covers/124.jpg
2024-03-11,50,Ashen Bones,Milo & The Tides feat. Omar Diallo,74.0,143025,Single,1,False,https://cdn.example.com/covers/000.jpg
2024-03-12,1,Golden Rooms,Nova Reyes,100.0,174403,Album,20,True,https://cdn.example.com/covers/045.jpg
2024-03-12,2,Velvet Highways,Cold Harbor,100.0,215061,Single,1,True,https://cdn.example.com/covers/133.jpg
2024-03-12,3,Velvet Vices,Velvet Static,100.0,259460,Single,1,True,https://cdn.example.com/covers/138.jpg
2024-03-12,4,Silver Hours,Nova Reyes,100.0,228733,Single,1,True,https://cdn.example.com/covers/104.jpg
2024-03-12,5,Sugar Names,Trey Nakamura,100.0,242733,Album,15,True,https://cdn.example.com/covers/121.jpg
2024-03-12,6,Velvet Promises,Kira Lindqvist,100.0,204302,Album,8,False,https://cdn.example.com/covers/136.jpg
2024-03-12,7,Hollow Rivers,Bea Whitlock,100.0,208425,Album,9,True,https://cdn.example.com/covers/051.jpg
2024-03-12,8,Neon Summers,Dust & Ember feat. Saint Avery,100.0,172623,Single,1,True,https://cdn.example.com/covers/079.jpg
2024-03-12,9,Ivory Letters,Saint Avery,100.0,230277,Single,1,False,https://cdn.example.com/covers/057.jpg
2024-03-12,10,Electric Weather,Dust & Ember feat. Milo & The Tides,100.0,135617,Album,11,False,https://cdn.example.com/covers/025.jpg
2024-03-12,11,Lonely Rivers,Milo & The Tides,95.0,210046,Single,1,True,https://cdn.example.com/covers/064.jpg
2024-03-12,12,Midnight Summers,The Lantern Club feat. Bea Whitlock,99.0,206872,Album,16,False,https://cdn.example.com/covers/073.jpg
2024-03-12,13,Faded Cities,Jaxon Frey feat. Nova Reyes,99.0,282662,Album,10,False,https://cdn.example.com/covers/028.jpg
2024-03-12,14,Faded Summers,The Paper Kites Co.,100.0,238446,Single,1,False,https://cdn.example.com/covers/036.jpg
2024-03-12,15,Paper Cities,Velvet Static,96.0,195370,Album,16,False,https://cdn.example.com/covers/081.jpg
2024-03-12,16,Restless Vices,Omar Diallo,99.0,207503,Single,1,False,https://cdn.example.com/covers/101.jpg
2024-03-12,17,Faded Crowns,Jaxon Frey,94.0,146551,Album,17,True,https://cdn.example.com/covers/029.jpg
2024-03-12,18,Hollow Ghosts,Dust & Ember,93.0,181921,Album,10,True,https://cdn.example.com/covers/048.jpg
2024-03-12,19,Ashen Rooms,Saint Avery feat. The Paper Kites Co.,93.0,221034,Album,20,True,https://cdn.example.com/covers/006.jpg
2024-03-12,20,Golden Engines,Saint Avery,97.0,237976,Album,18,True,https://cdn.example.com/covers/042.jpg
2024-03-12,21,Bitter Daylight,Lorna Sky,93.0,223885,Album,16,True,https://cdn.example.com/covers/008.jpg
2024-03-12,22,Neon Rooms,Bea Whitlock,94.0,178843,Album,18,True,https://cdn.example.com/covers/078.jpg
2024-03-12,23,Wildflower Names,The Lantern Club feat. Nova Reyes,92.0,178107,Album,11,True,https://cdn.example.com/covers/144.jpg
2024-03-12,24,Hollow Vices,Bea Whitlock,95.0,173530,Album,17,False,https://cdn.example.com/covers/053.jpg
2024-03-12,25,Neon Highways,Kira Lindqvist,85.0,257162,Single,1,True,https://cdn.example.com/covers/075.jpg
2024-03-12,26,Ivory Summers,Saint Avery,89.0,277100,Album,17,True,https://cdn.example.com/covers/058.jpg
2024-03-12,27,Wildflower Ghosts,Bea Whitlock feat. Halcyon Youth,87.0,203198,Album,7,True,https://cdn.example.com/covers/142.jpg
2024-03-12,28,Faded Promises,The Paper Kites Co.,83.0,216898,Album,11,False,https://cdn.example.com/covers/032.jpg
2024-03-12,29,Quiet Names,Deja Monroe,88.0,155216,Single,1,True,https://cdn.example.com/covers/090.jpg
2024-03-12,30,Wildflower Signals,Dust & Ember,89.0,277579,Single,1,True,https://cdn.example.com/covers/146.jpg
2024-03-12,31,Bitter Summers,Ruben Castellanos,87.0,173228,Single,1,True,https://cdn.example.com/covers/015.jpg
2024-03-12,32,Silver Letters,Kira Lindqvist,88.0,135608,Single,1,False,https://cdn.example.com/covers/105.jpg
2024-03-12,33,Sugar Signals,Priya Anand,78.0,221010,Album,15,False,https://cdn.example.com/covers/122.jpg
2024-03-12,34,Paper Highways,Ruben Castellanos feat. Priya Anand,79.0,160395,Single,1,False,https://cdn.example.com/covers/084.jpg
2024-03-12,35,Ivory Weather,Cold Harbor,80.0,141107,Single,1,True,https://cdn.example.com/covers/059.jpg
2024-03-12,36,Sugar Bones,Halcyon Youth,78.0,203420,Album,17,True,https://cdn.example.com/covers/116.jpg
2024-03-12,37,Electric Engines,Saint Avery,82.0,208822,Single,1,True,https://cdn.example.com/covers/022.jpg
2024-03-12,38,Sunlit Daylight,Trey Nakamura,82.0,250117,Album,13,False,https://cdn.example.com/covers/124.jpg
2024-03-12,39,Bitter Signals,Jaxon Frey,80.0,168881,Single,1,False,https://cdn.example.com/covers/014.jpg
2024-03-12,40,Sugar Cities,Velvet Static,78.0,262484,Single,1,False,https://cdn.example.com/covers/117.jpg
2024-03-12,41,Sunlit Highways,Kira Lindqvist,78.0,259501,Album,7,True,https://cdn.example.com/covers/125.jpg
2024-03-12,42,Restless Ghosts,Milo & The Tides,77.0,132699,Single,1,True,https://cdn.example.com/covers/097.jpg
2024-03-12,43,Crimson Ghosts,Velvet Static feat. Dust & Ember,80.0,207632,Single,1,False,https://cdn.example.com/covers/018.jpg
2024-03-12,44,Velvet Weather,Dust & Ember,75.0,271354,Album,9,False,https://cdn.example.com/covers/139.jpg
2024-03-12,45,Ivory Cities,Dust & Ember,77.0,197153,Album,8,False,https://cdn.example.com/covers/054.jpg
2024-03-12,46,Electric Wires,Trey Nakamura feat. Deja Monroe,69.0,227637,Album,16,False,https://cdn.example.com/covers/026.jpg
2024-03-12,47,Hollow Promises,Velvet Static,74.0,137625,Single,1,True,https://cdn.example.com/covers/050.jpg
2024-03-12,48,Velvet Machines,Trey Nakamura,72.0,270666,Album,16,False,https://cdn.example.com/covers/135.jpg
2024-03-12,49,Sugar Hours,Bea Whitlock,72.0,157479,Single,1,True,https://cdn.example.com/covers/120.jpg
2024-03-12,50,Midnight Crowns,Jaxon Frey,77.0,210662,Album,13,True,https://cdn.example.com/covers/067.jpg
2024-03-13,1,Golden Rooms,Nova Reyes,100.0,174403,Album,20,True,https://cdn.example.com/covers/045.jpg
2024-03-13,2,Velvet Highways,Cold Harbor,100.0,215061,Single,1,True,https://cdn.example.com/covers/133.jpg
2024-03-13,3,Silver Hours,Nova Reyes,100.0,228733,Single,1,True,https://cdn.example.com/covers/104.jpg
2024-03-13,4,Velvet Promises,Kira Lindqvist,100.0,204302,Album,8,False,https://cdn.example.com/covers/136.jpg
2024-03-13,5,Neon Summers,Dust & Ember feat. Saint Avery,100.0,172623,Single,1,True,https://cdn.example.com/covers/079.jpg
2024-03-13,6,Faded Cities,Jaxon Frey feat. Nova Reyes,100.0,282662,Album,10,False,https://cdn.example.com/covers/028.jpg
2024-03-13,7,Sugar Names,Trey Nakamura,100.0,242733,Album,15,True,https://cdn.example.com/covers/121.jpg
2024-03-13,8,Velvet Vices,Velvet Static,98.0,259460,Single,1,True,https://cdn.example.com/covers/138.jpg
2024-03-13,9,Ivory Letters,Saint Avery,100.0,230277,Single,1,False,https://cdn.example.com/covers/057.jpg
2024-03-13,10,Hollow Rivers,Bea Whitlock,98.0,208425,Album,9,True,https://cdn.example.com/covers/051.jpg
2024-03-13,11,Lonely Rivers,Milo & The Tides,100.0,210046,Single,1,True,https://cdn.example.com/covers/064.jpg
2024-03-13,12,Faded Crowns,Jaxon Frey,100.0,146551,Album,17,True,https://cdn.example.com/covers/029.jpg
2024-03-13,13,Electric Weather,Dust & Ember feat. Milo & The Tides,95.0,135617,Album,11,False,https://cdn.example.com/covers/025.jpg
2024-03-13,14,Midnight Summers,The Lantern Club feat. Bea Whitlock,,206872,Album,16,False,https://cdn.example.com/covers/073.jpg
2024-03-13,15,Restless Vices,Omar Diallo,97.0,207503,Single,1,False,https://cdn.example.com/covers/101.jpg
2024-03-13,16,Paper Cities,Velvet Static,97.0,195370,Album,16,False,https://cdn.example.com/covers/081.jpg
2024-03-13,17,Faded Summers,The Paper Kites Co.,87.0,238446,Single,1,False,https://cdn.example.com/covers/036.jpg
2024-03-13,18,Hollow Ghosts,Dust & Ember,92.0,181921,Album,10,True,https://cdn.example.com/covers/048.jpg
2024-03-13,19,Bitter Daylight,Lorna Sky,,223885,Album,16,True,https://cdn.example.com/covers/008.jpg
2024-03-13,20,Golden Engines,Saint Avery,93.0,237976,Album,18,True,https://cdn.example.com/covers/042.jpg
2024-03-13,21,Ashen Rooms,Saint Avery feat. The Paper Kites Co.,87.0,221034,Album,20,True,https://cdn.example.com/covers/006.jpg
2024-03-13,22,Neon Highways,Kira Lindqvist,90.0,257162,Single,1,True,https://cdn.example.com/covers/075.jpg
2024-03-13,23,Neon Rooms,Bea Whitlock,90.0,178843,Album,18,True,https://cdn.example.com/covers/078.jpg
2024-03-13,24,Wildflower Names,The Lantern Club feat. Nova Reyes,85.0,178107,Album,11,True,https://cdn.example.com/covers/144.jpg
2024-03-13,25,Wildflower Ghosts,Bea Whitlock feat. Halcyon Youth,85.0,203198,Album,7,True,https://cdn.example.com/covers/142.jpg
2024-03-13,26,Ivory Summers,Saint Avery,89.0,277100,Album,17,True,https://cdn.example.com/covers/058.jpg
2024-03-13,27,Bitter Summers,Ruben Castellanos,86.0,173228,Single,1,True,https://cdn.example.com/covers/015.jpg
2024-03-13,28,Hollow Vices,Bea Whitlock,85.0,173530,Album,17,False,https://cdn.example.com/covers/053.jpg
2024-03-13,29,Silver Letters,Kira Lindqvist,85.0,135608,Single,1,False,https://cdn.example.com/covers/105.jpg
2024-03-13,30,Faded Promises,The Paper Kites Co.,87.0,216898,Album,11,False,https://cdn.example.com/covers/032.jpg
2024-03-13,31,Sugar Signals,Priya Anand,80.0,221010,Album,15,False,https://cdn.example.com/covers/122.jpg
2024-03-13,32,Restless Ghosts,Milo & The Tides,90.0,132699,Single,1,True,https://cdn.example.com/covers/097.jpg
2024-03-13,33,Quiet Names,Deja Monroe,88.0,155216,Single,1,True,https://cdn.example.com/covers/090.jpg
2024-03-13,34,Sunlit Highways,Kira Lindqvist,85.0,259501,Album,7,True,https://cdn.example.com/covers/125.jpg
2024-03-13,35,Wildflower Signals,Dust & Ember,78.0,277579,Single,1,True,https://cdn.example.com/covers/146.jpg
2024-03-13,36,Ivory Weather,Cold Harbor,89.0,141107,Single,1,True,https://cdn.example.com/covers/059.jpg
2024-03-13,37,Sugar Cities,Velvet Static,83.0,262484,Single,1,False,https://cdn.example.com/covers/117.jpg
2024-03-13,38,Sugar Bones,Halcyon Youth,83.0,203420,Album,17,True,https://cdn.example.com/covers/116.jpg
2024-03-13,39,Velvet Machines,Trey Nakamura,83.0,270666,Album,16,False,https://cdn.example.com/covers/135.jpg
2024-03-13,40,Crimson Ghosts,Velvet Static feat. Dust & Ember,75.0,207632,Single,1,False,https://cdn.example.com/covers/018.jpg
2024-03-13,41,Electric Engines,Saint Avery,79.0,208822,Single,1,True,https://cdn.example.com/covers/022.jpg
2024-03-13,42,Midnight Crowns,Jaxon Frey,76.0,210662,Album,13,True,https://cdn.example.com/covers/067.jpg
2024-03-13,43,Paper Highways,Ruben Castellanos feat. Priya Anand,82.0,160395,Single,1,False,https://cdn.example.com/covers/084.jpg
2024-03-13,44,Velvet Weather,Dust & Ember,80.0,271354,Album,9,False,https://cdn.example.com/covers/139.jpg
2024-03-13,45,Sugar Hours,Bea Whitlock,76.0,157479,Single,1,True,https://cdn.example.com/covers/120.jpg
2024-03-13,46,Bitter Signals,Jaxon Frey,68.0,168881,Single,1,False,https://cdn.example.com/covers/014.jpg
2024-03-13,47,Sunlit Daylight,Trey Nakamura,72.0,250117,Album,13,False,https://cdn.example.com/covers/124.jpg
2024-03-13,48,Restless Signals,Milo & The Tides,68.0,220260,Album,10,False,https://cdn.example.com/covers/100.jpg
2024-03-13,49,Restless Highways,Halcyon Youth,68.0,171215,Single,1,False,https://cdn.example.com/covers/098.jpg
2024-03-13,50,Ashen Bones,Milo & The Tides feat. Omar Diallo,74.0,143025,Single,1,False,https://cdn.example.com/covers/000.jpg
2024-03-14,1,Golden Rooms,Nova Reyes,100.0,174403,Album,20,True,https://cdn.example.com/covers/045.jpg
2024-03-14,2,Silver Hours,Nova Reyes,100.0,228733,Single,1,True,https://cdn.example.com/covers/104.jpg
2024-03-14,3,Velvet Highways,Cold Harbor,100.0,215061,Single,1,True,https://cdn.example.com/covers/133.jpg
2024-03-14,4,Neon Summers,Dust & Ember feat. Saint Avery,100.0,172623,Single,1,True,https://cdn.example.com/covers/079.jpg
2024-03-14,5,Sugar Names,Trey Nakamura,100.0,242733,Album,15,True,https://cdn.example.com/covers/121.jpg
2024-03-14,6,Restless Vices,Omar Diallo,100.0,207503,Single,1,False,https://cdn.example.com/covers/101.jpg
2024-03-14,7,Velvet Promises,Kira Lindqvist,100.0,204302,Album,8,False,https://cdn.example.com/covers/136.jpg
2024-03-14,8,Faded Cities,Jaxon Frey feat. Nova Reyes,100.0,282662,Album,10,False,https://cdn.example.com/covers/028.jpg
2024-03-14,9,Hollow Rivers,Bea Whitlock,100.0,208425,Album,9,True,https://cdn.example.com/covers/051.jpg
2024-03-14,10,Faded Summers,The Paper Kites Co.,100.0,238446,Single,1,False,https://cdn.example.com/covers/036.jpg
2024-03-14,11,Velvet Vices,Velvet Static,98.0,259460,Single,1,True,https://cdn.example.com/covers/138.jpg
2024-03-14,12,Ivory Letters,Saint Avery,100.0,230277,Single,1,False,https://cdn.example.com/covers/057.jpg
2024-03-14,13,Midnight Summers,The Lantern Club feat. Bea Whitlock,97.0,206872,Album,16,False,https://cdn.example.com/covers/073.jpg
2024-03-14,14,Paper Cities,Velvet Static,100.0,195370,Album,16,False,https://cdn.example.com/covers/081.jpg
2024-03-14,15,Bitter Daylight,Lorna Sky,94.0,223885,Album,16,True,https://cdn.example.com/covers/008.jpg
2024-03-14,16,Hollow Ghosts,Dust & Ember,90.0,181921,Album,10,True,https://cdn.example.com/covers/048.jpg
2024-03-14,17,Electric Weather,Dust & Ember feat. Milo & The Tides,99.0,135617,Album,11,False,https://cdn.example.com/covers/025.jpg
2024-03-14,18,Lonely Rivers,Milo & The Tides,94.0,210046,Single,1,True,https://cdn.example.com/covers/064.jpg
2024-03-14,19,Faded Crowns,Jaxon Frey,98.0,146551,Album,17,True,https://cdn.example.com/covers/029.jpg
2024-03-14,20,Ashen Rooms,Saint Avery feat. The Paper Kites Co.,90.0,221034,Album,20,True,https://cdn.example.com/covers/006.jpg
2024-03-14,21,Ivory Summers,Saint Avery,92.0,277100,Album,17,True,https://cdn.example.com/covers/058.jpg
2024-03-14,22,Neon Highways,Kira Lindqvist,91.0,257162,Single,1,True,https://cdn.example.com/covers/075.jpg
2024-03-14,23,Wildflower Names,The Lantern Club feat. Nova Reyes,92.0,178107,Album,11,True,https://cdn.example.com/covers/144.jpg
2024-03-14,24,Bitter Summers,Ruben Castellanos,85.0,173228,Single,1,True,https://cdn.example.com/covers/015.jpg
2024-03-14,25,Electric Engines,Saint Avery,87.0,208822,Single,1,True,https://cdn.example.com/covers/022.jpg
2024-03-14,26,Golden Engines,Saint Avery,85.0,237976,Album,18,True,https://cdn.example.com/covers/042.jpg
2024-03-14,27,Wildflower Ghosts,Bea Whitlock feat. Halcyon Youth,87.0,203198,Album,7,True,https://cdn.example.com/covers/142.jpg
2024-03-14,28,Neon Rooms,Bea Whitlock,87.0,178843,Album,18,True,https://cdn.example.com/covers/078.jpg
2024-03-14,29,Silver Letters,Kira Lindqvist,82.0,135608,Single,1,False,https://cdn.example.com/covers/105.jpg
2024-03-14,30,Hollow Vices,Bea Whitlock,80.0,173530,Album,17,False,https://cdn.example.com/covers/053.jpg
2024-03-14,31,Faded Promises,The Paper Kites Co.,84.0,216898,Album,11,False,https://cdn.example.com/covers/032.jpg
2024-03-14,32,Quiet Names,Deja Monroe,84.0,155216,Single,1,True,https://cdn.example.com/covers/090.jpg
2024-03-14,33,Sugar Bones,Halcyon Youth,82.0,203420,Album,17,True,https://cdn.example.com/covers/116.jpg
2024-03-14,34,Sugar Hours,Bea Whitlock,76.0,157479,Single,1,True,https://cdn.example.com/covers/120.jpg
2024-03-14,35,Bitter Signals,Jaxon Frey,76.0,168881,Single,1,False,https://cdn.example.com/covers/014.jpg
2024-03-14,36,Ivory Weather,Cold Harbor,78.0,141107,Single,1,True,https://cdn.example.com/covers/059.jpg
2024-03-14,37,Wildflower Signals,Dust & Ember,86.0,277579,Single,1,True,https://cdn.example.com/covers/146.jpg
2024-03-14,38,Sunlit Highways,Kira Lindqvist,79.0,259501,Album,7,True,https://cdn.example.com/covers/125.jpg
2024-03-14,39,Midnight Crowns,Jaxon Frey,83.0,210662,Album,13,True,https://cdn.example.com/covers/067.jpg
2024-03-14,40,Paper Highways,Ruben Castellanos feat. Priya Anand,83.0,160395,Single,1,False,https://cdn.example.com/covers/084.jpg
2024-03-14,41,Velvet Weather,Dust & Ember,71.0,271354,Album,9,False,https://cdn.example.com/covers/139.jpg
2024-03-14,42,Crimson Ghosts,Velvet Static feat. Dust & Ember,85.0,207632,Single,1,False,https://cdn.example.com/covers/018.jpg
2024-03-14,43,Ashen Bones,Milo & The Tides feat. Omar Diallo,73.0,143025,Single,1,False,https://cdn.example.com/covers/000.jpg
2024-03-14,44,Velvet Machines,Trey Nakamura,72.0,270666,Album,16,False,https://cdn.example.com/covers/135.jpg
2024-03-14,45,Sunlit Daylight,Trey Nakamura,72.0,250117,Album,13,False,https://cdn.example.com/covers/124.jpg
2024-03-14,46,Sugar Signals,Priya Anand,74.0,221010,Album,15,False,https://cdn.example.com/covers/122.jpg
2024-03-14,47,Electric Wires,Trey Nakamura feat. Deja Monroe,71.0,227637,Album,16,False,https://cdn.example.com/covers/026.jpg
2024-03-14,48,Static Wires,The Paper Kites Co. feat. Ruben Castellanos,69.0,171130,Single,1,False,https://cdn.example.com/covers/115.jpg
2024-03-14,49,Restless Highways,Halcyon Youth,72.0,171215,Single,1,False,https://cdn.example.com/covers/098.jpg
2024-03-14,50,Sugar Cities,Velvet Static,71.0,262484,Single,1,False,https://cdn.example.com/covers/117.jpg
2024-03-15,1,Golden Rooms,Nova Reyes,100.0,174403,Album,20,True,https://cdn.example.com/covers/045.jpg
2024-03-15,2,Velvet Highways,Cold Harbor,100.0,215061,Single,1,True,https://cdn.example.com/covers/133.jpg
2024-03-15,3,Silver Hours,Nova Reyes,100.0,228733,Single,1,True,https://cdn.example.com/covers/104.jpg
2024-03-15,4,Velvet Promises,Kira Lindqvist,100.0,204302,Album,8,False,https://cdn.example.com/covers/136.jpg
2024-03-15,5,Faded Cities,Jaxon Frey feat. Nova Reyes,100.0,282662,Album,10,False,https://cdn.example.com/covers/028.jpg
2024-03-15,6,Velvet Vices,Velvet Static,100.0,259460,Single,1,True,https://cdn.example.com/covers/138.jpg
2024-03-15,7,Neon Summers,Dust & Ember feat. Saint Avery,100.0,172623,Single,1,True,https://cdn.example.com/covers/079.jpg
2024-03-15,8,Hollow Rivers,Bea Whitlock,95.0,208425,Album,9,True,https://cdn.example.com/covers/051.jpg
2024-03-15,9,Ivory Letters,Saint Avery,96.0,230277,Single,1,False,https://cdn.example.com/covers/057.jpg
2024-03-15,10,Electric Weather,Dust & Ember feat. Milo & The Tides,98.0,135617,Album,11,False,https://cdn.example.com/covers/025.jpg
2024-03-15,11,Sugar Names,Trey Nakamura,100.0,242733,Album,15,True,https://cdn.example.com/covers/121.jpg
2024-03-15,12,Faded Summers,The Paper Kites Co.,100.0,238446,Single,1,False,https://cdn.example.com/covers/036.jpg
2024-03-15,13,Midnight Summers,The Lantern Club feat. Bea Whitlock,96.0,206872,Album,16,False,https://cdn.example.com/covers/073.jpg
2024-03-15,14,Bitter Daylight,Lorna Sky,92.0,223885,Album,16,True,https://cdn.example.com/covers/008.jpg
2024-03-15,15,Restless Vices,Omar Diallo,98.0,207503,Single,1,False,https://cdn.example.com/covers/101.jpg
2024-03-15,16,Paper Cities,Velvet Static,94.0,195370,Album,16,False,https://cdn.example.com/covers/081.jpg
2024-03-15,17,Faded Crowns,Jaxon Frey,90.0,146551,Album,17,True,https://cdn.example.com/covers/029.jpg
2024-03-15,18,Neon Rooms,Bea Whitlock,90.0,178843,Album,18,True,https://cdn.example.com/covers/078.jpg
2024-03-15,19,Hollow Ghosts,Dust & Ember,93.0,181921,Album,10,True,https://cdn.example.com/covers/048.jpg
2024-03-15,20,Ivory Summers,Saint Avery,95.0,277100,Album,17,True,https://cdn.example.com/covers/058.jpg
2024-03-15,21,Lonely Rivers,Milo & The Tides,93.0,210046,Single,1,True,https://cdn.example.com/covers/064.jpg
2024-03-15,22,Neon Highways,Kira Lindqvist,90.0,257162,Single,1,True,https://cdn.example.com/covers/075.jpg
2024-03-15,23,Electric Engines,Saint Avery,85.0,208822,Single,1,True,https://cdn.example.com/covers/022.jpg
2024-03-15,24,Golden Engines,Saint Avery,94.0,237976,Album,18,True,https://cdn.example.com/covers/042.jpg
2024-03-15,25,Wildflower Ghosts,Bea Whitlock feat. Halcyon Youth,82.0,203198,Album,7,True,https://cdn.example.com/covers/142.jpg
2024-03-15,26,Wildflower Names,The Lantern Club feat. Nova Reyes,88.0,178107,Album,11,True,https://cdn.example.com/covers/144.jpg
2024-03-15,27,Ashen Rooms,Saint Avery feat. The Paper Kites Co.,90.0,221034,Album,20,True,https://cdn.example.com/covers/006.jpg
2024-03-15,28,Hollow Vices,Bea Whitlock,85.0,173530,Album,17,False,https://cdn.example.com/covers/053.jpg
2024-03-15,29,Silver Letters,Kira Lindqvist,84.0,135608,Single,1,False,https://cdn.example.com/covers/105.jpg
2024-03-15,30,Quiet Names,Deja Monroe,87.0,155216,Single,1,True,https://cdn.example.com/covers/090.jpg
2024-03-15,31,Bitter Summers,Ruben Castellanos,89.0,173228,Single,1,True,https://cdn.example.com/covers/015.jpg
2024-03-15,32,Ivory Weather,Cold Harbor,82.0,141107,Single,1,True,https://cdn.example.com/covers/059.jpg
2024-03-15,33,Velvet Machines,Trey Nakamura,78.0,270666,Album,16,False,https://cdn.example.com/covers/135.jpg
2024-03-15,34,Sugar Hours,Bea Whitlock,82.0,157479,Single,1,True,https://cdn.example.com/covers/120.jpg
2024-03-15,35,Sunlit Daylight,Trey Nakamura,84.0,250117,Album,13,False,https://cdn.example.com/covers/124.jpg
2024-03-15,36,Sunlit Highways,Kira Lindqvist,84.0,259501,Album,7,True,https://cdn.example.com/covers/125.jpg
2024-03-15,37,Faded Promises,The Paper Kites Co.,82.0,216898,Album,11,False,https://cdn.example.com/covers/032.jpg
2024-03-15,38,Restless Daylight,Bea Whitlock feat. Kira Lindqvist,80.0,218322,Album,6,True,https://cdn.example.com/covers/095.jpg
2024-03-15,39,Wildflower Signals,Dust & Ember,81.0,277579,Single,1,True,https://cdn.example.com/covers/146.jpg
2024-03-15,40,Sugar Signals,Priya Anand,80.0,221010,Album,15,False,https://cdn.example.com/covers/122.jpg
2024-03-15,41,Sugar Bones,Halcyon Youth,79.0,203420,Album,17,True,https://cdn.example.com/covers/116.jpg
2024-03-15,42,Bitter Signals,Jaxon Frey,81.0,168881,Single,1,False,https://cdn.example.com/covers/014.jpg
2024-03-15,43,Sugar Cities,Velvet Static,75.0,262484,Single,1,False,https://cdn.example.com/covers/117.jpg
2024-03-15,44,Silver Machines,The Paper Kites Co.,73.0,155826,Single,1,True,https://cdn.example.com/covers/106.jpg
2024-03-15,45,Velvet Weather,Dust & Ember,76.0,271354,Album,9,False,https://cdn.example.com/covers/139.jpg
2024-03-15,46,Restless Ghosts,Milo & The Tides,78.0,132699,Single,1,True,https://cdn.example.com/covers/097.jpg
2024-03-15,47,Midnight Crowns,Jaxon Frey,79.0,210662,Album,13,True,https://cdn.example.com/covers/067.jpg
2024-03-15,48,Ashen Bones,Milo & The Tides feat. Omar Diallo,74.0,143025,Single,1,False,https://cdn.example.com/covers/000.jpg
2024-03-15,49,Ivory Cities,Dust & Ember,72.0,197153,Album,8,False,https://cdn.example.com/covers/054.jpg
2024-03-15,50,Crimson Ghosts,Velvet Static feat. Dust & Ember,73.0,207632,Single,1,False,https://cdn.example.com/covers/018.jpg
2024-03-16,1,Golden Rooms,Nova Reyes,100.0,174403,Album,20,True,https://cdn.example.com/covers/045.jpg
2024-03-16,2,Silver Hours,Nova Reyes,100.0,228733,Single,1,True,https://cdn.example.com/covers/104.jpg
2024-03-16,3,Velvet Highways,Cold Harbor,100.0,215061,Single,1,True,https://cdn.example.com/covers/133.jpg
2024-03-16,4,Faded Cities,Jaxon Frey feat. Nova Reyes,100.0,282662,Album,10,False,https://cdn.example.com/covers/028.jpg
2024-03-16,5,Velvet Vices,Velvet Static,100.0,259460,Single,1,True,https://cdn.example.com/covers/138.jpg
2024-03-16,6,Sugar Names,Trey Nakamura,100.0,242733,Album,15,True,https://cdn.example.com/covers/121.jpg
2024-03-16,7,Velvet Promises,Kira Lindqvist,100.0,204302,Album,8,False,https://cdn.example.com/covers/136.jpg
2024-03-16,8,Neon Summers,Dust & Ember feat. Saint Avery,100.0,172623,Single,1,True,https://cdn.example.com/covers/079.jpg
2024-03-16,9,Hollow Rivers,Bea Whitlock,100.0,208425,Album,9,True,https://cdn.example.com/covers/051.jpg
2024-03-16,10,Paper Cities,Velvet Static,97.0,195370,Album,16,False,https://cdn.example.com/covers/081.jpg
2024-03-16,11,Restless Vices,Omar Diallo,97.0,207503,Single,1,False,https://cdn.example.com/covers/101.jpg
2024-03-16,12,Ivory Letters,Saint Avery,97.0,230277,Single,1,False,https://cdn.example.com/covers/057.jpg
2024-03-16,13,Midnight Summers,The Lantern Club feat. Bea Whitlock,96.0,206872,Album,16,False,https://cdn.example.com/covers/073.jpg
2024-03-16,14,Faded Summers,The Paper Kites Co.,90.0,238446,Single,1,False,https://cdn.example.com/covers/036.jpg
2024-03-16,15,Electric Weather,Dust & Ember feat. Milo & The Tides,94.0,135617,Album,11,False,https://cdn.example.com/covers/025.jpg
2024-03-16,16,Faded Crowns,Jaxon Frey,93.0,146551,Album,17,True,https://cdn.example.com/covers/029.jpg
2024-03-16,17,Ivory Summers,Saint Avery,94.0,277100,Album,17,True,https://cdn.example.com/covers/058.jpg
2024-03-16,18,Bitter Daylight,Lorna Sky,90.0,223885,Album,16,True,https://cdn.example.com/covers/008.jpg
2024-03-16,19,Wildflower Ghosts,Bea Whitlock feat. Halcyon Youth,95.0,203198,Album,7,True,https://cdn.example.com/covers/142.jpg
2024-03-16,20,Hollow Ghosts,Dust & Ember,91.0,181921,Album,10,True,https://cdn.example.com/covers/048.jpg
2024-03-16,21,Lonely Rivers,Milo & The Tides,95.0,210046,Single,1,True,https://cdn.example.com/covers/064.jpg
2024-03-16,22,Ashen Rooms,Saint Avery feat. The Paper Kites Co.,88.0,221034,Album,20,True,https://cdn.example.com/covers/006.jpg
2024-03-16,23,Neon Highways,Kira Lindqvist,88.0,257162,Single,1,True,https://cdn.example.com/covers/075.jpg
2024-03-16,24,Electric Engines,Saint Avery,94.0,208822,Single,1,True,https://cdn.example.com/covers/022.jpg
2024-03-16,25,Hollow Vices,Bea Whitlock,88.0,173530,Album,17,False,https://cdn.example.com/covers/053.jpg
2024-03-16,26,Neon Rooms,Bea Whitlock,86.0,178843,Album,18,True,https://cdn.example.com/covers/078.jpg
2024-03-16,27,Wildflower Names,The Lantern Club feat. Nova Reyes,84.0,178107,Album,11,True,https://cdn.example.com/covers/144.jpg
2024-03-16,28,Bitter Summers,Ruben Castellanos,82.0,173228,Single,1,True,https://cdn.example.com/covers/015.jpg
2024-03-16,29,Golden Engines,Saint Avery,85.0,237976,Album,18,True,https://cdn.example.com/covers/042.jpg
2024-03-16,30,Sunlit Highways,Kira Lindqvist,87.0,259501,Album,7,True,https://cdn.example.com/covers/125.jpg
2024-03-16,31,Silver Letters,Kira Lindqvist,82.0,135608,Single,1,False,https://cdn.example.com/covers/105.jpg
2024-03-16,32,Ivory Weather,Cold Harbor,87.0,141107,Single,1,True,https://cdn.example.com/covers/059.jpg
2024-03-16,33,Sugar Signals,Priya Anand,83.0,221010,Album,15,False,https://cdn.example.com/covers/122.jpg
2024-03-16,34,Quiet Names,Deja Monroe,81.0,155216,Single,1,True,https://cdn.example.com/covers/090.jpg
2024-03-16,35,Sunlit Daylight,Trey Nakamura,82.0,250117,Album,13,False,https://cdn.example.com/covers/124.jpg
2024-03-16,36,Restless Daylight,Bea Whitlock feat. Kira Lindqvist,80.0,218322,Album,6,True,https://cdn.example.com/covers/095.jpg
2024-03-16,37,Faded Promises,The Paper Kites Co.,80.0,216898,Album,11,False,https://cdn.example.com/covers/032.jpg
2024-03-16,38,Sugar Hours,Bea Whitlock,82.0,157479,Single,1,True,https://cdn.example.com/covers/120.jpg
2024-03-16,39,Velvet Machines,Trey Nakamura,78.0,270666,Album,16,False,https://cdn.example.com/covers/135.jpg
2024-03-16,40,Sugar Cities,Velvet Static,76.0,262484,Single,1,False,https://cdn.example.com/covers/117.jpg
2024-03-16,41,Restless Ghosts,Milo & The Tides,79.0,132699,Single,1,True,https://cdn.example.com/covers/097.jpg
2024-03-16,42,Sugar Bones,Halcyon Youth,79.0,203420,Album,17,True,https://cdn.example.com/covers/116.jpg
2024-03-16,43,Crimson Daylight,Dust & Ember feat. Trey Nakamura,74.0,203830,Album,16,False,https://cdn.example.com/covers/017.jpg
2024-03-16,44,Bitter Signals,Jaxon Frey,77.0,168881,Single,1,False,https://cdn.example.com/covers/014.jpg
2024-03-16,45,Crimson Ghosts,Velvet Static feat. Dust & Ember,74.0,207632,Single,1,False,https://cdn.example.com/covers/018.jpg
2024-03-16,46,Silver Machines,The Paper Kites Co.,80.0,155826,Single,1,True,https://cdn.example.com/covers/106.jpg
2024-03-16,47,Ivory Cities,Dust & Ember,69.0,197153,Album,8,False,https://cdn.example.com/covers/054.jpg
2024-03-16,48,Velvet Weather,Dust & Ember,66.0,271354,Album,9,False,https://cdn.example.com/covers/139.jpg
2024-03-16,49,Paper Highways,Ruben Castellanos feat. Priya Anand,75.0,160395,Single,1,False,https://cdn.example.com/covers/084.jpg
2024-03-16,50,Wildflower Signals,Dust & Ember,71.0,277579,Single,1,True,https://cdn.example.com/covers/146.jpg
2024-03-17,1,Golden Rooms,Nova Reyes,100.0,174403,Album,20,True,https://cdn.example.com/covers/045.jpg
2024-03-17,2,Velvet Highways,Cold Harbor,100.0,215061,Single,1,True,https://cdn.example.com/covers/133.jpg
2024-03-17,3,Silver Hours,Nova Reyes,100.0,228733,Single,1,True,https://cdn.example.com/covers/104.jpg
2024-03-17,4,Velvet Vices,Velvet Static,100.0,259460,Single,1,True,https://cdn.example.com/covers/138.jpg
2024-03-17,5,Neon Summers,Dust & Ember feat. Saint Avery,100.0,172623,Single,1,True,https://cdn.example.com/covers/079.jpg
2024-03-17,6,Faded Cities,Jaxon Frey feat. Nova Reyes,100.0,282662,Album,10,False,https://cdn.example.com/covers/028.jpg
2024-03-17,7,Velvet Promises,Kira Lindqvist,100.0,204302,Album,8,False,https://cdn.example.com/covers/136.jpg
2024-03-17,8,Faded Summers,The Paper Kites Co.,99.0,238446,Single,1,False,https://cdn.example.com/covers/036.jpg
2024-03-17,9,Hollow Rivers,Bea Whitlock,99.0,208425,Album,9,True,https://cdn.example.com/covers/051.jpg
2024-03-17,10,Sugar Names,Trey Nakamura,100.0,242733,Album,15,True,https://cdn.example.com/covers/121.jpg
2024-03-17,11,Ivory Letters,Saint Avery,100.0,230277,Single,1,False,https://cdn.example.com/covers/057.jpg
2024-03-17,12,Electric Engines,Saint Avery,97.0,208822,Single,1,True,https://cdn.example.com/covers/022.jpg
2024-03-17,13,Restless Vices,Omar Diallo,100.0,207503,Single,1,False,https://cdn.example.com/covers/101.jpg
2024-03-17,14,Paper Cities,Velvet Static,97.0,195370,Album,16,False,https://cdn.example.com/covers/081.jpg
2024-03-17,15,Midnight Summers,The Lantern Club feat. Bea Whitlock,92.0,206872,Album,16,False,https://cdn.example.com/covers/073.jpg
2024-03-17,16,Faded Crowns,Jaxon Frey,98.0,146551,Album,17,True,https://cdn.example.com/covers/029.jpg
2024-03-17,17,Ivory Summers,Saint Avery,98.0,277100,Album,17,True,https://cdn.example.com/covers/058.jpg
2024-03-17,18,Electric Weather,Dust & Ember feat. Milo & The Tides,91.0,135617,Album,11,False,https://cdn.example.com/covers/025.jpg
2024-03-17,19,Neon Highways,Kira Lindqvist,92.0,257162,Single,1,True,https://cdn.example.com/covers/075.jpg
2024-03-17,20,Ashen Rooms,Saint Avery feat. The Paper Kites Co.,84.0,221034,Album,20,True,https://cdn.example.com/covers/006.jpg
2024-03-17,21,Bitter Daylight,Lorna Sky,90.0,223885,Album,16,True,https://cdn.example.com/covers/008.jpg
2024-03-17,22,Lonely Rivers,Milo & The Tides,96.0,210046,Single,1,True,https://cdn.example.com/covers/064.jpg
2024-03-17,23,Wildflower Ghosts,Bea Whitlock feat. Halcyon Youth,88.0,203198,Album,7,True,https://cdn.example.com/covers/142.jpg
2024-03-17,24,Neon Rooms,Bea Whitlock,94.0,178843,Album,18,True,https://cdn.example.com/covers/078.jpg
2024-03-17,25,Hollow Ghosts,Dust & Ember,95.0,181921,Album,10,True,https://cdn.example.com/covers/048.jpg
2024-03-17,26,Silver Letters,Kira Lindqvist,88.0,135608,Single,1,False,https://cdn.example.com/covers/105.jpg
2024-03-17,27,Faded Promises,The Paper Kites Co.,88.0,216898,Album,11,False,https://cdn.example.com/covers/032.jpg
2024-03-17,28,Ivory Weather,Cold Harbor,86.0,141107,Single,1,True,https://cdn.example.com/covers/059.jpg
2024-03-17,29,Wildflower Names,The Lantern Club feat. Nova Reyes,84.0,178107,Album,11,True,https://cdn.example.com/covers/144.jpg
2024-03-17,30,Sugar Bones,Halcyon Youth,86.0,203420,Album,17,True,https://cdn.example.com/covers/116.jpg
2024-03-17,31,Bitter Summers,Ruben Castellanos,88.0,173228,Single,1,True,https://cdn.example.com/covers/015.jpg
2024-03-17,32,Quiet Names,Deja Monroe,81.0,155216,Single,1,True,https://cdn.example.com/covers/090.jpg
2024-03-17,33,Sunlit Daylight,Trey Nakamura,82.0,250117,Album,13,False,https://cdn.example.com/covers/124.jpg
2024-03-17,34,Golden Engines,Saint Avery,79.0,237976,Album,18,True,https://cdn.example.com/covers/042.jpg
2024-03-17,35,Restless Daylight,Bea Whitlock feat. Kira Lindqvist,82.0,218322,Album,6,True,https://cdn.example.com/covers/095.jpg
2024-03-17,36,Hollow Vices,Bea Whitlock,86.0,173530,Album,17,False,https://cdn.example.com/covers/053.jpg
2024-03-17,37,Crimson Daylight,Dust & Ember feat. Trey Nakamura,78.0,203830,Album,16,False,https://cdn.example.com/covers/017.jpg
2024-03-17,38,Sunlit Highways,Kira Lindqvist,81.0,259501,Album,7,True,https://cdn.example.com/covers/125.jpg
2024-03-17,39,Paper Highways,Ruben Castellanos feat. Priya Anand,81.0,160395,Single,1,False,https://cdn.example.com/covers/084.jpg
2024-03-17,40,Wildflower Signals,Dust & Ember,72.0,277579,Single,1,True,https://cdn.example.com/covers/146.jpg
2024-03-17,41,Silver Machines,The Paper Kites Co.,77.0,155826,Single,1,True,https://cdn.example.com/covers/106.jpg
2024-03-17,42,Sugar Hours,Bea Whitlock,72.0,157479,Single,1,True,https://cdn.example.com/covers/120.jpg
2024-03-17,43,Bitter Signals,Jaxon Frey,76.0,168881,Single,1,False,https://cdn.example.com/covers/014.jpg
2024-03-17,44,Crimson Ghosts,Velvet Static feat. Dust & Ember,73.0,207632,Single,1,False,https://cdn.example.com/covers/018.jpg
2024-03-17,45,Restless Highways,Halcyon Youth,78.0,171215,Single,1,False,https://cdn.example.com/covers/098.jpg
2024-03-17,46,Midnight Crowns,Jaxon Frey,74.0,210662,Album,13,True,https://cdn.example.com/covers/067.jpg
2024-03-17,47,Velvet Weather,Dust & Ember,74.0,271354,Album,9,False,https://cdn.example.com/covers/139.jpg
2024-03-17,48,Ivory Cities,Dust & Ember,76.0,197153,Album,8,False,https://cdn.example.com/covers/054.jpg
2024-03-17,49,Sugar Cities,Velvet Static,80.0,262484,Single,1,False,https://cdn.example.com/covers/117.jpg
2024-03-17,50,Sugar Signals,Priya Anand,69.0,221010,Album,15,False,https://cdn.example.com/covers/122.jpg
2024-03-18,1,Golden Rooms,Nova Reyes,100.0,174403,Album,20,True,https://cdn.example.com/covers/045.jpg
2024-03-18,2,Velvet Highways,Cold Harbor,100.0,215061,Single,1,True,https://cdn.example.com/covers/133.jpg
2024-03-18,3,Silver Hours,Nova Reyes,100.0,228733,Single,1,True,https://cdn.example.com/covers/104.jpg
2024-03-18,4,Velvet Vices,Velvet Static,100.0,259460,Single,1,True,https://cdn.example.com/covers/138.jpg
2024-03-18,5,Faded Cities,Jaxon Frey feat. Nova Reyes,100.0,282662,Album,10,False,https://cdn.example.com/covers/028.jpg
2024-03-18,6,Neon Summers,Dust & Ember feat. Saint Avery,100.0,172623,Single,1,True,https://cdn.example.com/covers/079.jpg
2024-03-18,7,Sugar Names,Trey Nakamura,100.0,242733,Album,15,True,https://cdn.example.com/covers/121.jpg
2024-03-18,8,Velvet Promises,Kira Lindqvist,100.0,204302,Album,8,False,https://cdn.example.com/covers/136.jpg
2024-03-18,9,Hollow Rivers,Bea Whitlock,93.0,208425,Album,9,True,https://cdn.example.com/covers/051.jpg
2024-03-18,10,Faded Summers,The Paper Kites Co.,100.0,238446,Single,1,False,https://cdn.example.com/covers/036.jpg
2024-03-18,11,Ivory Letters,Saint Avery,100.0,230277,Single,1,False,https://cdn.example.com/covers/057.jpg
2024-03-18,12,Restless Vices,Omar Diallo,99.0,207503,Single,1,False,https://cdn.example.com/covers/101.jpg
2024-03-18,13,Midnight Summers,The Lantern Club feat. Bea Whitlock,97.0,206872,Album,16,False,https://cdn.example.com/covers/073.jpg
2024-03-18,14,Electric Engines,Saint Avery,100.0,208822,Single,1,True,https://cdn.example.com/covers/022.jpg
2024-03-18,15,Neon Rooms,Bea Whitlock,100.0,178843,Album,18,True,https://cdn.example.com/covers/078.jpg
2024-03-18,16,Bitter Daylight,Lorna Sky,93.0,223885,Album,16,True,https://cdn.example.com/covers/008.jpg
2024-03-18,17,Paper Cities,Velvet Static,89.0,195370,Album,16,False,https://cdn.example.com/covers/081.jpg
2024-03-18,18,Ashen Rooms,Saint Avery feat. The Paper Kites Co.,95.0,221034,Album,20,True,https://cdn.example.com/covers/006.jpg
2024-03-18,19,Neon Highways,Kira Lindqvist,93.0,257162,Single,1,True,https://cdn.example.com/covers/075.jpg
2024-03-18,20,Hollow Ghosts,Dust & Ember,87.0,181921,Album,10,True,https://cdn.example.com/covers/048.jpg
2024-03-18,21,Wildflower Names,The Lantern Club feat. Nova Reyes,90.0,178107,Album,11,True,https://cdn.example.com/covers/144.jpg
2024-03-18,22,Electric Weather,Dust & Ember feat. Milo & The Tides,88.0,135617,Album,11,False,https://cdn.example.com/covers/025.jpg
2024-03-18,23,Faded Crowns,Jaxon Frey,83.0,146551,Album,17,True,https://cdn.example.com/covers/029.jpg
2024-03-18,24,Ivory Summers,Saint Avery,90.0,277100,Album,17,True,https://cdn.example.com/covers/058.jpg
2024-03-18,25,Wildflower Ghosts,Bea Whitlock feat. Halcyon Youth,90.0,203198,Album,7,True,https://cdn.example.com/covers/142.jpg
2024-03-18,26,Bitter Summers,Ruben Castellanos,91.0,173228,Single,1,True,https://cdn.example.com/covers/015.jpg
2024-03-18,27,Golden Engines,Saint Avery,89.0,237976,Album,18,True,https://cdn.example.com/covers/042.jpg
2024-03-18,28,Lonely Rivers,Milo & The Tides,86.0,210046,Single,1,True,https://cdn.example.com/covers/064.jpg
2024-03-18,29,Restless Daylight,Bea Whitlock feat. Kira Lindqvist,88.0,218322,Album,6,True,https://cdn.example.com/covers/095.jpg
2024-03-18,30,Ivory Weather,Cold Harbor,86.0,141107,Single,1,True,https://cdn.example.com/covers/059.jpg
2024-03-18,31,Silver Letters,Kira Lindqvist,87.0,135608,Single,1,False,https://cdn.example.com/covers/105.jpg
2024-03-18,32,Quiet Names,Deja Monroe,88.0,155216,Single,1,True,https://cdn.example.com/covers/090.jpg
2024-03-18,33,Sunlit Highways,Kira Lindqvist,86.0,259501,Album,7,True,https://cdn.example.com/covers/125.jpg
2024-03-18,34,Sunlit Daylight,Trey Nakamura,83.0,250117,Album,13,False,https://cdn.example.com/covers/124.jpg
2024-03-18,35,Sugar Cities,Velvet Static,84.0,262484,Single,1,False,https://cdn.example.com/covers/117.jpg
2024-03-18,36,Hollow Vices,Bea Whitlock,86.0,173530,Album,17,False,https://cdn.example.com/covers/053.jpg
2024-03-18,37,Bitter Signals,Jaxon Frey,78.0,168881,Single,1,False,https://cdn.example.com/covers/014.jpg
2024-03-18,38,Silver Machines,The Paper Kites Co.,75.0,155826,Single,1,True,https://cdn.example.com/covers/106.jpg
2024-03-18,39,Faded Promises,The Paper Kites Co.,81.0,216898,Album,11,False,https://cdn.example.com/covers/032.jpg
2024-03-18,40,Restless Highways,Halcyon Youth,78.0,171215,Single,1,False,https://cdn.example.com/covers/098.jpg
2024-03-18,41,Sugar Hours,Bea Whitlock,74.0,157479,Single,1,True,https://cdn.example.com/covers/120.jpg
2024-03-18,42,Sugar Bones,Halcyon Youth,75.0,203420,Album,17,True,https://cdn.example.com/covers/116.jpg
2024-03-18,43,Ivory Cities,Dust & Ember,77.0,197153,Album,8,False,https://cdn.example.com/covers/054.jpg
2024-03-18,44,Paper Summers,The Lantern Club,77.0,182828,Single,1,False,https://cdn.example.com/covers/087.jpg
2024-03-18,45,Wildflower Signals,Dust & Ember,76.0,277579,Single,1,True,https://cdn.example.com/covers/146.jpg
2024-03-18,46,Crimson Ghosts,Velvet Static feat. Dust & Ember,,207632,Single,1,False,https://cdn.example.com/covers/018.jpg
2024-03-18,47,Midnight Crowns,Jaxon Frey,75.0,210662,Album,13,True,https://cdn.example.com/covers/067.jpg
2024-03-18,48,Ashen Bones,Milo & The Tides feat. Omar Diallo,72.0,143025,Single,1,False,https://cdn.example.com/covers/000.jpg
2024-03-18,49,Sugar Signals,Priya Anand,69.0,221010,Album,15,False,https://cdn.example.com/covers/122.jpg
2024-03-18,50,Velvet Machines,  TREY NAKAMURA,76.0,270666,Album,16,False,https://cdn.example.com/covers/135.jpg
2024-03-19,1,Golden Rooms,Nova Reyes,100.0,174403,Album,20,True,https://cdn.example.com/covers/045.jpg
2024-03-19,2,Silver Hours,Nova Reyes,100.0,228733,Single,1,True,https://cdn.example.com/covers/104.jpg
2024-03-19,3,Velvet Highways,Cold Harbor,100.0,215061,Single,1,True,https://cdn.example.com/covers/133.jpg
2024-03-19,4,Neon Summers,Dust & Ember feat. Saint Avery,100.0,172623,Single,1,True,https://cdn.example.com/covers/079.jpg
2024-03-19,5,Faded Cities,Jaxon Frey feat. Nova Reyes,100.0,282662,Album,10,False,https://cdn.example.com/covers/028.jpg
2024-03-19,6,Hollow Rivers,Bea Whitlock,100.0,208425,Album,9,True,https://cdn.example.com/covers/051.jpg
2024-03-19,7,Velvet Vices,Velvet Static,100.0,259460,Single,1,True,https://cdn.example.com/covers/138.jpg
2024-03-19,8,Sugar Names,Trey Nakamura,100.0,242733,Album,15,True,https://cdn.example.com/covers/121.jpg
2024-03-19,9,Faded Summers,The Paper Kites Co.,100.0,238446,Single,1,False,https://cdn.example.com/covers/036.jpg
2024-03-19,10,Velvet Promises,Kira Lindqvist,97.0,204302,Album,8,False,https://cdn.example.com/covers/136.jpg
2024-03-19,11,Wildflower Ghosts,Bea Whitlock feat. Halcyon Youth,96.0,203198,Album,7,True,https://cdn.example.com/covers/142.jpg
2024-03-19,12,Electric Engines,Saint Avery,93.0,208822,Single,1,True,https://cdn.example.com/covers/022.jpg
2024-03-19,13,Ivory Letters,Saint Avery,100.0,230277,Single,1,False,https://cdn.example.com/covers/057.jpg
2024-03-19,14,Restless Vices,Omar Diallo,95.0,207503,Single,1,False,https://cdn.example.com/covers/101.jpg
2024-03-19,15,Paper Cities,Velvet Static,96.0,195370,Album,16,False,https://cdn.example.com/covers/081.jpg
2024-03-19,16,Midnight Summers,The Lantern Club feat. Bea Whitlock,100.0,206872,Album,16,False,https://cdn.example.com/covers/073.jpg
2024-03-19,17,Neon Highways,Kira Lindqvist,98.0,257162,Single,1,True,https://cdn.example.com/covers/075.jpg
2024-03-19,18,Neon Rooms,Bea Whitlock,93.0,178843,Album,18,True,https://cdn.example.com/covers/078.jpg
2024-03-19,19,Ashen Rooms,Saint Avery feat. The Paper Kites Co.,98.0,221034,Album,20,True,https://cdn.example.com/covers/006.jpg
2024-03-19,20,Faded Crowns,Jaxon Frey,91.0,146551,Album,17,True,https://cdn.example.com/covers/029.jpg
2024-03-19,21,Ivory Summers,Saint Avery,92.0,277100,Album,17,True,https://cdn.example.com/covers/058.jpg
2024-03-19,22,Hollow Ghosts,Dust & Ember,88.0,181921,Album,10,True,https://cdn.example.com/covers/048.jpg
2024-03-19,23,Bitter Daylight,Lorna Sky,86.0,223885,Album,16,True,https://cdn.example.com/covers/008.jpg
2024-03-19,24,Lonely Rivers,Milo & The Tides,86.0,210046,Single,1,True,https://cdn.example.com/covers/064.jpg
2024-03-19,25,Electric Weather,Dust & Ember feat. Milo & The Tides,86.0,135617,Album,11,False,https://cdn.example.com/covers/025.jpg
2024-03-19,26,Bitter Summers,Ruben Castellanos,86.0,173228,Single,1,True,https://cdn.example.com/covers/015.jpg
2024-03-19,27,Silver Letters,Kira Lindqvist,84.0,135608,Single,1,False,https://cdn.example.com/covers/105.jpg
2024-03-19,28,Quiet Names,Deja Monroe,87.0,155216,Single,1,True,https://cdn.example.com/covers/090.jpg
2024-03-19,29,Sunlit Highways,Kira Lindqvist,93.0,259501,Album,7,True,https://cdn.example.com/covers/125.jpg
2024-03-19,30,Sugar Hours,Bea Whitlock,84.0,157479,Single,1,True,https://cdn.example.com/covers/120.jpg
2024-03-19,31,Wildflower Names,The Lantern Club feat. Nova Reyes,82.0,178107,Album,11,True,https://cdn.example.com/covers/144.jpg
2024-03-19,32,Hollow Vices,Bea Whitlock,86.0,173530,Album,17,False,https://cdn.example.com/covers/053.jpg
2024-03-19,33,Sunlit Daylight,Trey Nakamura,79.0,250117,Album,13,False,https://cdn.example.com/covers/124.jpg
2024-03-19,34,Paper Summers,The Lantern Club,79.0,182828,Single,1,False,https://cdn.example.com/covers/087.jpg
2024-03-19,35,Restless Daylight,Bea Whitlock feat. Kira Lindqvist,80.0,218322,Album,6,True,https://cdn.example.com/covers/095.jpg
2024-03-19,36,Golden Engines,Saint Avery,83.0,237976,Album,18,True,https://cdn.example.com/covers/042.jpg
2024-03-19,37,Ivory Weather,Cold Harbor,84.0,141107,Single,1,True,https://cdn.example.com/covers/059.jpg
2024-03-19,38,Sugar Bones,Halcyon Youth,78.0,203420,Album,17,True,https://cdn.example.com/covers/116.jpg
2024-03-19,39,Wildflower Signals,Dust & Ember,79.0,277579,Single,1,True,https://cdn.example.com/covers/146.jpg
2024-03-19,40,Silver Machines,The Paper Kites Co.,76.0,155826,Single,1,True,https://cdn.example.com/covers/106.jpg
2024-03-19,41,Electric Bones,Dust & Ember,76.0,169515,Album,10,False,https://cdn.example.com/covers/021.jpg
2024-03-19,42,Sugar Cities,Velvet Static,77.0,262484,Single,1,False,https://cdn.example.com/covers/117.jpg
2024-03-19,43,Crimson Ghosts,Velvet Static feat. Dust & Ember,72.0,207632,Single,1,False,https://cdn.example.com/covers/018.jpg
2024-03-19,44,Crimson Daylight,Dust & Ember feat. Trey Nakamura,82.0,203830,Album,16,False,https://cdn.example.com/covers/017.jpg
2024-03-19,45,Velvet Weather,Dust & Ember,78.0,271354,Album,9,False,https://cdn.example.com/covers/139.jpg
2024-03-19,46,Faded Promises,The Paper Kites Co.,74.0,216898,Album,11,False,https://cdn.example.com/covers/032.jpg
2024-03-19,47,Restless Highways,Halcyon Youth,71.0,171215,Single,1,False,https://cdn.example.com/covers/098.jpg
2024-03-19,48,Bitter Signals,Jaxon Frey,70.0,168881,Single,1,False,https://cdn.example.com/covers/014.jpg
2024-03-19,49,Paper Highways,Ruben Castellanos feat. Priya Anand,69.0,160395,Single,1,False,https://cdn.example.com/covers/084.jpg
2024-03-19,50,Velvet Machines,Trey Nakamura,70.0,270666,Album,16,False,https://cdn.example.com/covers/135.jpg
2024-03-20,1,Velvet Highways,Cold Harbor,100.0,215061,Single,1,True,https://cdn.example.com/covers/133.jpg
2024-03-20,2,Golden Rooms,Nova Reyes,100.0,174403,Album,20,True,https://cdn.example.com/covers/045.jpg
2024-03-20,3,Silver Hours,Nova Reyes,100.0,228733,Single,1,True,https://cdn.example.com/covers/104.jpg
2024-03-20,4,Faded Cities,Jaxon Frey feat. Nova Reyes,100.0,282662,Album,10,False,https://cdn.example.com/covers/028.jpg
2024-03-20,5,Velvet Vices,Velvet Static,100.0,259460,Single,1,True,https://cdn.example.com/covers/138.jpg
2024-03-20,6,Faded Summers,The Paper Kites Co.,96.0,238446,Single,1,False,https://cdn.example.com/covers/036.jpg
2024-03-20,7,Sugar Names,Trey Nakamura,100.0,242733,Album,15,True,https://cdn.example.com/covers/121.jpg
2024-03-20,8,Velvet Promises,Kira Lindqvist,100.0,204302,Album,8,False,https://cdn.example.com/covers/136.jpg
2024-03-20,9,Restless Vices,Omar Diallo,100.0,207503,Single,1,False,https://cdn.example.com/covers/101.jpg
2024-03-20,10,Electric Engines,Saint Avery,100.0,208822,Single,1,True,https://cdn.example.com/covers/022.jpg
2024-03-20,11,Neon Summers,Dust & Ember feat. Saint Avery,99.0,172623,Single,1,True,https://cdn.example.com/covers/079.jpg
2024-03-20,12,Ivory Letters,Saint Avery,100.0,230277,Single,1,False,https://cdn.example.com/covers/057.jpg
2024-03-20,13,Hollow Rivers,Bea Whitlock,100.0,208425,Album,9,True,https://cdn.example.com/covers/051.jpg
2024-03-20,14,Midnight Summers,The Lantern Club feat. Bea Whitlock,94.0,206872,Album,16,False,https://cdn.example.com/covers/073.jpg
2024-03-20,15,Neon Highways,Kira Lindqvist,92.0,257162,Single,1,True,https://cdn.example.com/covers/075.jpg
2024-03-20,16,Hollow Ghosts,Dust & Ember,96.0,181921,Album,10,True,https://cdn.example.com/covers/048.jpg
2024-03-20,17,Paper Cities,Velvet Static,93.0,195370,Album,16,False,https://cdn.example.com/covers/081.jpg
2024-03-20,18,Wildflower Ghosts,Bea Whitlock feat. Halcyon Youth,90.0,203198,Album,7,True,https://cdn.example.com/covers/142.jpg
2024-03-20,19,Bitter Daylight,Lorna Sky,93.0,223885,Album,16,True,https://cdn.example.com/covers/008.jpg
2024-03-20,20,Ivory Summers,Saint Avery,90.0,277100,Album,17,True,https://cdn.example.com/covers/058.jpg
2024-03-20,21,Ashen Rooms,Saint Avery feat. The Paper Kites Co.,88.0,221034,Album,20,True,https://cdn.example.com/covers/006.jpg
2024-03-20,22,Neon Rooms,Bea Whitlock,90.0,178843,Album,18,True,https://cdn.example.com/covers/078.jpg
2024-03-20,23,Faded Crowns,Jaxon Frey,93.0,146551,Album,17,True,https://cdn.example.com/covers/029.jpg
2024-03-20,24,Electric Weather,Dust & Ember feat. Milo & The Tides,93.0,135617,Album,11,False,https://cdn.example.com/covers/025.jpg
2024-03-20,25,Silver Letters,Kira Lindqvist,90.0,135608,Single,1,False,https://cdn.example.com/covers/105.jpg
2024-03-20,26,Ivory Weather,Cold Harbor,88.0,141107,Single,1,True,https://cdn.example.com/covers/059.jpg
2024-03-20,27,Restless Daylight,Bea Whitlock feat. Kira Lindqvist,84.0,218322,Album,6,True,https://cdn.example.com/covers/095.jpg
2024-03-20,28,Wildflower Names,The Lantern Club feat. Nova Reyes,88.0,178107,Album,11,True,https://cdn.example.com/covers/144.jpg
2024-03-20,29,Sunlit Daylight,Trey Nakamura,84.0,250117,Album,13,False,https://cdn.example.com/covers/124.jpg
2024-03-20,30,Lonely Rivers,Milo & The Tides,85.0,210046,Single,1,True,https://cdn.example.com/covers/064.jpg
2024-03-20,31,Quiet Names,Deja Monroe,86.0,155216,Single,1,True,https://cdn.example.com/covers/090.jpg
2024-03-20,32,Bitter Summers,Ruben Castellanos,80.0,173228,Single,1,True,https://cdn.example.com/covers/015.jpg
2024-03-20,33,Paper Summers,The Lantern Club,79.0,182828,Single,1,False,https://cdn.example.com/covers/087.jpg
2024-03-20,34,Golden Engines,Saint Avery,84.0,237976,Album,18,True,https://cdn.example.com/covers/042.jpg
2024-03-20,35,Crimson Daylight,Dust & Ember feat. Trey Nakamura,80.0,203830,Album,16,False,https://cdn.example.com/covers/017.jpg
2024-03-20,36,Silver Machines,The Paper Kites Co.,85.0,155826,Single,1,True,https://cdn.example.com/covers/106.jpg
2024-03-20,37,Paper Highways,Ruben Castellanos feat. Priya Anand,77.0,160395,Single,1,False,https://cdn.example.com/covers/084.jpg
2024-03-20,38,Sugar Cities,Velvet Static,77.0,262484,Single,1,False,https://cdn.example.com/covers/117.jpg
2024-03-20,39,Hollow Vices,Bea Whitlock,82.0,173530,Album,17,False,https://cdn.example.com/covers/053.jpg
2024-03-20,40,Sugar Hours,Bea Whitlock,76.0,157479,Single,1,True,https://cdn.example.com/covers/120.jpg
2024-03-20,41,Crimson Ghosts,Velvet Static feat. Dust & Ember,80.0,207632,Single,1,False,https://cdn.example.com/covers/018.jpg
2024-03-20,42,Sugar Bones,Halcyon Youth,74.0,203420,Album,17,True,https://cdn.example.com/covers/116.jpg
2024-03-20,43,Sunlit Highways,Kira Lindqvist,78.0,259501,Album,7,True,https://cdn.example.com/covers/125.jpg
2024-03-20,44,Wildflower Signals,Dust & Ember,77.0,277579,Single,1,True,https://cdn.example.com/covers/146.jpg
2024-03-20,45,Bitter Signals,Jaxon Frey,81.0,168881,Single,1,False,https://cdn.example.com/covers/014.jpg
2024-03-20,46,Ivory Cities,Dust & Ember,76.0,197153,Album,8,False,https://cdn.example.com/covers/054.jpg
2024-03-20,47,Restless Ghosts,Milo & The Tides,72.0,132699,Single,1,True,https://cdn.example.com/covers/097.jpg
2024-03-20,48,Ashen Bones,Milo & The Tides feat. Omar Diallo,73.0,143025,Single,1,False,https://cdn.example.com/covers/000.jpg
2024-03-20,49,Faded Promises,The Paper Kites Co.,73.0,216898,Album,11,False,https://cdn.example.com/covers/032.jpg
2024-03-20,50,Restless Highways,Halcyon Youth,68.0,171215,Single,1,False,https://cdn.example.com/covers/098.jpg
2024-03-21,1,Golden Rooms,Nova Reyes,100.0,174403,Album,20,True,https://cdn.example.com/covers/045.jpg
2024-03-21,2,Velvet Highways,Cold Harbor,100.0,215061,Single,1,True,https://cdn.example.com/covers/133.jpg
2024-03-21,3,Silver Hours,Nova Reyes,100.0,228733,Single,1,True,https://cdn.example.com/covers/104.jpg
2024-03-21,4,Faded Cities,Jaxon Frey feat. Nova Reyes,100.0,282662,Album,10,False,https://cdn.example.com/covers/028.jpg
2024-03-21,5,Sugar Names,Trey Nakamura,100.0,242733,Album,15,True,https://cdn.example.com/covers/121.jpg
2024-03-21,6,Velvet Vices,Velvet Static,100.0,259460,Single,1,True,https://cdn.example.com/covers/138.jpg
2024-03-21,7,Hollow Rivers,Bea Whitlock,100.0,208425,Album,9,True,https://cdn.example.com/covers/051.jpg
2024-03-21,8,Electric Engines,Saint Avery,100.0,208822,Single,1,True,https://cdn.example.com/covers/022.jpg
2024-03-21,9,Velvet Promises,Kira Lindqvist,100.0,204302,Album,8,False,https://cdn.example.com/covers/136.jpg
2024-03-21,10,Faded Summers,The Paper Kites Co.,100.0,238446,Single,1,False,https://cdn.example.com/covers/036.jpg
2024-03-21,11,Restless Vices,Omar Diallo,96.0,207503,Single,1,False,https://cdn.example.com/covers/101.jpg
2024-03-21,12,Neon Summers,Dust & Ember feat. Saint Avery,100.0,172623,Single,1,True,https://cdn.example.com/covers/079.jpg
2024-03-21,13,Midnight Summers,The Lantern Club feat. Bea Whitlock,97.0,206872,Album,16,False,https://cdn.example.com/covers/073.jpg
2024-03-21,14,Paper Cities,Velvet Static,100.0,195370,Album,16,False,https://cdn.example.com/covers/081.jpg
2024-03-21,15,Neon Highways,Kira Lindqvist,93.0,257162,Single,1,True,https://cdn.example.com/covers/075.jpg
2024-03-21,16,Ivory Letters,Saint Avery,99.0,230277,Single,1,False,https://cdn.example.com/covers/057.jpg
2024-03-21,17,Hollow Ghosts,Dust & Ember,95.0,181921,Album,10,True,https://cdn.example.com/covers/048.jpg
2024-03-21,18,Bitter Daylight,Lorna Sky,91.0,223885,Album,16,True,https://cdn.example.com/covers/008.jpg
2024-03-21,19,Electric Weather,Dust & Ember feat. Milo & The Tides,90.0,135617,Album,11,False,https://cdn.example.com/covers/025.jpg
2024-03-21,20,Ivory Summers,Saint Avery,99.0,277100,Album,17,True,https://cdn.example.com/covers/058.jpg
2024-03-21,21,Wildflower Ghosts,Bea Whitlock feat. Halcyon Youth,94.0,203198,Album,7,True,https://cdn.example.com/covers/142.jpg
2024-03-21,22,Quiet Names,Deja Monroe,93.0,155216,Single,1,True,https://cdn.example.com/covers/090.jpg
2024-03-21,23,Faded Crowns,Jaxon Frey,91.0,146551,Album,17,True,https://cdn.example.com/covers/029.jpg
2024-03-21,24,Ashen Rooms,Saint Avery feat. The Paper Kites Co.,87.0,221034,Album,20,True,https://cdn.example.com/covers/006.jpg
2024-03-21,25,Bitter Summers,Ruben Castellanos,92.0,173228,Single,1,True,https://cdn.example.com/covers/015.jpg
2024-03-21,26,Ivory Weather,Cold Harbor,86.0,141107,Single,1,True,https://cdn.example.com/covers/059.jpg
2024-03-21,27,Neon Rooms,Bea Whitlock,89.0,178843,Album,18,True,https://cdn.example.com/covers/078.jpg
2024-03-21,28,Restless Daylight,Bea Whitlock feat. Kira Lindqvist,88.0,218322,Album,6,True,https://cdn.example.com/covers/095.jpg
2024-03-21,29,Golden Engines,Saint Avery,85.0,237976,Album,18,True,https://cdn.example.com/covers/042.jpg
2024-03-21,30,Silver Letters,Kira Lindqvist,84.0,135608,Single,1,False,https://cdn.example.com/covers/105.jpg
2024-03-21,31,Sunlit Daylight,Trey Nakamura,85.0,250117,Album,13,False,https://cdn.example.com/covers/124.jpg
2024-03-21,32,Crimson Daylight,Dust & Ember feat. Trey Nakamura,87.0,203830,Album,16,False,https://cdn.example.com/covers/017.jpg
2024-03-21,33,Crimson Ghosts,Velvet Static feat. Dust & Ember,84.0,207632,Single,1,False,https://cdn.example.com/covers/018.jpg
2024-03-21,34,Lonely Rivers,Milo & The Tides,85.0,210046,Single,1,True,https://cdn.example.com/covers/064.jpg
2024-03-21,35,Wildflower Names,The Lantern Club feat. Nova Reyes,83.0,178107,Album,11,True,https://cdn.example.com/covers/144.jpg
2024-03-21,36,Paper Summers,The Lantern Club,84.0,182828,Single,1,False,https://cdn.example.com/covers/087.jpg
2024-03-21,37,Sugar Cities,Velvet Static,85.0,262484,Single,1,False,https://cdn.example.com/covers/117.jpg
2024-03-21,38,Hollow Vices,Bea Whitlock,81.0,173530,Album,17,False,https://cdn.example.com/covers/053.jpg
2024-03-21,39,Sugar Bones,Halcyon Youth,79.0,203420,Album,17,True,https://cdn.example.com/covers/116.jpg
2024-03-21,40,Sunlit Highways,Kira Lindqvist,86.0,259501,Album,7,True,https://cdn.example.com/covers/125.jpg
2024-03-21,41,Silver Machines,The Paper Kites Co.,80.0,155826,Single,1,True,https://cdn.example.com/covers/106.jpg
2024-03-21,42,Restless Highways,Halcyon Youth,74.0,171215,Single,1,False,https://cdn.example.com/covers/098.jpg
2024-03-21,43,Restless Ghosts,Milo & The Tides,73.0,132699,Single,1,True,https://cdn.example.com/covers/097.jpg
2024-03-21,44,Bitter Signals,Jaxon Frey,72.0,168881,Single,1,False,https://cdn.example.com/covers/014.jpg
2024-03-21,45,Faded Promises,The Paper Kites Co.,79.0,216898,Album,11,False,https://cdn.example.com/covers/032.jpg
2024-03-21,46,Sugar Hours,Bea Whitlock,74.0,157479,Single,1,True,https://cdn.example.com/covers/120.jpg
2024-03-21,47,Electric Bones,Dust & Ember,76.0,169515,Album,10,False,https://cdn.example.com/covers/021.jpg
2024-03-21,48,Midnight Crowns,Jaxon Frey,69.0,210662,Album,13,True,https://cdn.example.com/covers/067.jpg
2024-03-21,49,Velvet Weather,Dust & Ember,71.0,271354,Album,9,False,https://cdn.example.com/covers/139.jpg
2024-03-21,50,Ivory Cities,Dust & Ember,76.0,197153,Album,8,False,https://cdn.example.com/covers/054.jpg
2024-03-22,1,Silver Hours,Nova Reyes,100.0,228733,Single,1,True,https://cdn.example.com/covers/104.jpg
2024-03-22,2,Golden Rooms,Nova Reyes,100.0,174403,Album,20,True,https://cdn.example.com/covers/045.jpg
2024-03-22,3,Velvet Vices,Velvet Static,100.0,259460,Single,1,True,https://cdn.example.com/covers/138.jpg
2024-03-22,4,Velvet Highways,Cold Harbor,100.0,215061,Single,1,True,https://cdn.example.com/covers/133.jpg
2024-03-22,5,Sugar Names,Trey Nakamura,99.0,242733,Album,15,True,https://cdn.example.com/covers/121.jpg
2024-03-22,6,Faded Cities,Jaxon Frey feat. Nova Reyes,100.0,282662,Album,10,False,https://cdn.example.com/covers/028.jpg
2024-03-22,7,Neon Summers,Dust & Ember feat. Saint Avery,100.0,172623,Single,1,True,https://cdn.example.com/covers/079.jpg
2024-03-22,8,Electric Engines,Saint Avery,100.0,208822,Single,1,True,https://cdn.example.com/covers/022.jpg
2024-03-22,9,Restless Vices,Omar Diallo,100.0,207503,Single,1,False,https://cdn.example.com/covers/101.jpg
2024-03-22,10,Faded Summers,The Paper Kites Co.,100.0,238446,Single,1,False,https://cdn.example.com/covers/036.jpg
2024-03-22,11,Velvet Promises,Kira Lindqvist,100.0,204302,Album,8,False,https://cdn.example.com/covers/136.jpg
2024-03-22,12,Ivory Letters,Saint Avery,98.0,230277,Single,1,False,https://cdn.example.com/covers/057.jpg
2024-03-22,13,Hollow Rivers,Bea Whitlock,96.0,208425,Album,9,True,https://cdn.example.com/covers/051.jpg
2024-03-22,14,Midnight Summers,The Lantern Club feat. Bea Whitlock,98.0,206872,Album,16,False,https://cdn.example.com/covers/073.jpg
2024-03-22,15,Bitter Daylight,Lorna Sky,100.0,223885,Album,16,True,https://cdn.example.com/covers/008.jpg
2024-03-22,16,Paper Cities,Velvet Static,92.0,195370,Album,16,False,https://cdn.example.com/covers/081.jpg
2024-03-22,17,Neon Highways,Kira Lindqvist,100.0,257162,Single,1,True,https://cdn.example.com/covers/075.jpg
2024-03-22,18,Hollow Ghosts,Dust & Ember,95.0,181921,Album,10,True,https://cdn.example.com/covers/048.jpg
2024-03-22,19,Wildflower Ghosts,Bea Whitlock feat. Halcyon Youth,87.0,203198,Album,7,True,https://cdn.example.com/covers/142.jpg
2024-03-22,20,Electric Weather,Dust & Ember feat. Milo & The Tides,92.0,135617,Album,11,False,https://cdn.example.com/covers/025.jpg
2024-03-22,21,Ivory Summers,Saint Avery,93.0,277100,Album,17,True,https://cdn.example.com/covers/058.jpg
2024-03-22,22,Neon Rooms,Bea Whitlock,86.0,178843,Album,18,True,https://cdn.example.com/covers/078.jpg
2024-03-22,23,Paper Summers,The Lantern Club,94.0,182828,Single,1,False,https://cdn.example.com/covers/087.jpg
2024-03-22,24,Ashen Rooms,Saint Avery feat. The Paper Kites Co.,88.0,221034,Album,20,True,https://cdn.example.com/covers/006.jpg
2024-03-22,25,Quiet Names,Deja Monroe,89.0,155216,Single,1,True,https://cdn.example.com/covers/090.jpg
2024-03-22,26,Ivory Weather,Cold Harbor,83.0,141107,Single,1,True,https://cdn.example.com/covers/059.jpg
2024-03-22,27,Golden Engines,Saint Avery,83.0,237976,Album,18,True,https://cdn.example.com/covers/042.jpg
2024-03-22,28,Restless Daylight,Bea Whitlock feat. Kira Lindqvist,92.0,218322,Album,6,True,https://cdn.example.com/covers/095.jpg
2024-03-22,29,Sunlit Daylight,Trey Nakamura,90.0,250117,Album,13,False,https://cdn.example.com/covers/124.jpg
2024-03-22,30,Faded Crowns,Jaxon Frey,84.0,146551,Album,17,True,https://cdn.example.com/covers/029.jpg
2024-03-22,31,Wildflower Names,The Lantern Club feat. Nova Reyes,90.0,178107,Album,11,True,https://cdn.example.com/covers/144.jpg
2024-03-22,32,Silver Letters,Kira Lindqvist,79.0,135608,Single,1,False,https://cdn.example.com/covers/105.jpg
2024-03-22,33,Crimson Ghosts,Velvet Static feat. Dust & Ember,83.0,207632,Single,1,False,https://cdn.example.com/covers/018.jpg
2024-03-22,34,Hollow Vices,Bea Whitlock,76.0,173530,Album,17,False,https://cdn.example.com/covers/053.jpg
2024-03-22,35,Bitter Summers,Ruben Castellanos,80.0,173228,Single,1,True,https://cdn.example.com/covers/015.jpg
2024-03-22,36,Ivory Cities,Dust & Ember,78.0,197153,Album,8,False,https://cdn.example.com/covers/054.jpg
2024-03-22,37,Crimson Daylight,Dust & Ember feat. Trey Nakamura,77.0,203830,Album,16,False,https://cdn.example.com/covers/017.jpg
2024-03-22,38,Restless Ghosts,Milo & The Tides,81.0,132699,Single,1,True,https://cdn.example.com/covers/097.jpg
2024-03-22,39,Restless Highways,Halcyon Youth,82.0,171215,Single,1,False,https://cdn.example.com/covers/098.jpg
2024-03-22,40,Electric Bones,Dust & Ember,76.0,169515,Album,10,False,https://cdn.example.com/covers/021.jpg
2024-03-22,41,Sunlit Highways,Kira Lindqvist,75.0,259501,Album,7,True,https://cdn.example.com/covers/125.jpg
2024-03-22,42,Sugar Hours,Bea Whitlock,70.0,157479,Single,1,True,https://cdn.example.com/covers/120.jpg
2024-03-22,43,Lonely Rivers,Milo & The Tides,72.0,210046,Single,1,True,https://cdn.example.com/covers/064.jpg
2024-03-22,44,Faded Promises,The Paper Kites Co.,74.0,216898,Album,11,False,https://cdn.example.com/covers/032.jpg
2024-03-22,45,Bitter Signals,Jaxon Frey,75.0,168881,Single,1,False,https://cdn.example.com/covers/014.jpg
2024-03-22,46,Silver Machines,The Paper Kites Co.,72.0,155826,Single,1,True,https://cdn.example.com/covers/106.jpg
2024-03-22,47,Sugar Cities,Velvet Static,68.0,262484,Single,1,False,https://cdn.example.com/covers/117.jpg
2024-03-22,48,Velvet Machines,Trey Nakamura,75.0,270666,Album,16,False,https://cdn.example.com/covers/135.jpg
2024-03-22,49,Sugar Bones,Halcyon Youth,68.0,203420,Album,17,True,https://cdn.example.com/covers/116.jpg
2024-03-22,50,Wildflower Signals,Dust & Ember,70.0,277579,Single,1,True,https://cdn.example.com/covers/146.jpg
2024-03-23,1,Golden Rooms,Nova Reyes,100.0,174403,Album,20,True,https://cdn.example.com/covers/045.jpg
2024-03-23,2,Velvet Highways,Cold Harbor,100.0,215061,Single,1,True,https://cdn.example.com/covers/133.jpg
2024-03-23,3,Faded Cities,Jaxon Frey feat. Nova Reyes,100.0,282662,Album,10,False,https://cdn.example.com/covers/028.jpg
2024-03-23,4,Velvet Vices,Velvet Static,100.0,259460,Single,1,True,https://cdn.example.com/covers/138.jpg
2024-03-23,5,Silver Hours,Nova Reyes,100.0,228733,Single,1,True,https://cdn.example.com/covers/104.jpg
2024-03-23,6,Velvet Promises,Kira Lindqvist,100.0,204302,Album,8,False,https://cdn.example.com/covers/136.jpg
2024-03-23,7,Electric Engines,Saint Avery,100.0,208822,Single,1,True,https://cdn.example.com/covers/022.jpg
2024-03-23,8,Sugar Names,Trey Nakamura,98.0,242733,Album,15,True,https://cdn.example.com/covers/121.jpg
2024-03-23,9,Hollow Rivers,Bea Whitlock,95.0,208425,Album,9,True,https://cdn.example.com/covers/051.jpg
2024-03-23,10,Restless Vices,Omar Diallo,100.0,207503,Single,1,False,https://cdn.example.com/covers/101.jpg
2024-03-23,11,Neon Summers,Dust & Ember feat. Saint Avery,98.0,172623,Single,1,True,https://cdn.example.com/covers/079.jpg
2024-03-23,12,Faded Summers,The Paper Kites Co.,100.0,238446,Single,1,False,https://cdn.example.com/covers/036.jpg
2024-03-23,13,Ivory Letters,Saint Avery,96.0,230277,Single,1,False,https://cdn.example.com/covers/057.jpg
2024-03-23,14,Midnight Summers,The Lantern Club feat. Bea Whitlock,96.0,206872,Album,16,False,https://cdn.example.com/covers/073.jpg
2024-03-23,15,Neon Highways,Kira Lindqvist,91.0,257162,Single,1,True,https://cdn.example.com/covers/075.jpg
2024-03-23,16,Restless Daylight,Bea Whitlock feat. Kira Lindqvist,100.0,218322,Album,6,True,https://cdn.example.com/covers/095.jpg
2024-03-23,17,Wildflower Ghosts,Bea Whitlock feat. Halcyon Youth,94.0,203198,Album,7,True,https://cdn.example.com/covers/142.jpg
2024-03-23,18,Bitter Daylight,Lorna Sky,98.0,223885,Album,16,True,https://cdn.example.com/covers/008.jpg
2024-03-23,19,Paper Summers,The Lantern Club,91.0,182828,Single,1,False,https://cdn.example.com/covers/087.jpg
2024-03-23,20,Paper Cities,Velvet Static,86.0,195370,Album,16,False,https://cdn.example.com/covers/081.jpg
2024-03-23,21,Hollow Ghosts,Dust & Ember,95.0,181921,Album,10,True,https://cdn.example.com/covers/048.jpg
2024-03-23,22,Quiet Names,Deja Monroe,85.0,155216,Single,1,True,https://cdn.example.com/covers/090.jpg
2024-03-23,23,Neon Rooms,Bea Whitlock,93.0,178843,Album,18,True,https://cdn.example.com/covers/078.jpg
2024-03-23,24,Faded Crowns,Jaxon Frey,86.0,146551,Album,17,True,https://cdn.example.com/covers/029.jpg
2024-03-23,25,Electric Weather,Dust & Ember feat. Milo & The Tides,87.0,135617,Album,11,False,https://cdn.example.com/covers/025.jpg
2024-03-23,26,Ivory Summers,Saint Avery,88.0,277100,Album,17,True,https://cdn.example.com/covers/058.jpg
2024-03-23,27,Ashen Rooms,Saint Avery feat. The Paper Kites Co.,91.0,221034,Album,20,True,https://cdn.example.com/covers/006.jpg
2024-03-23,28,Ivory Weather,Cold Harbor,88.0,141107,Single,1,True,https://cdn.example.com/covers/059.jpg
2024-03-23,29,Sunlit Daylight,Trey Nakamura,88.0,250117,Album,13,False,https://cdn.example.com/covers/124.jpg
2024-03-23,30,Silver Letters,Kira Lindqvist,82.0,135608,Single,1,False,https://cdn.example.com/covers/105.jpg
2024-03-23,31,Bitter Summers,Ruben Castellanos,86.0,173228,Single,1,True,https://cdn.example.com/covers/015.jpg
2024-03-23,32,Wildflower Names,The Lantern Club feat. Nova Reyes,85.0,178107,Album,11,True,https://cdn.example.com/covers/144.jpg
2024-03-23,33,Crimson Daylight,Dust & Ember feat. Trey Nakamura,77.0,203830,Album,16,False,https://cdn.example.com/covers/017.jpg
2024-03-23,34,Hollow Vices,Bea Whitlock,83.0,173530,Album,17,False,https://cdn.example.com/covers/053.jpg
2024-03-23,35,Lonely Rivers,Milo & The Tides,81.0,210046,Single,1,True,https://cdn.example.com/covers/064.jpg
2024-03-23,36,Paper Highways,Ruben Castellanos feat. Priya Anand,77.0,160395,Single,1,False,https://cdn.example.com/covers/084.jpg
2024-03-23,37,Ivory Cities,Dust & Ember,84.0,197153,Album,8,False,https://cdn.example.com/covers/054.jpg
2024-03-23,38,Electric Bones,Dust & Ember,78.0,169515,Album,10,False,https://cdn.example.com/covers/021.jpg
2024-03-23,39,Restless Highways,Halcyon Youth,80.0,171215,Single,1,False,https://cdn.example.com/covers/098.jpg
2024-03-23,40,Sunlit Highways,Kira Lindqvist,77.0,259501,Album,7,True,https://cdn.example.com/covers/125.jpg
2024-03-23,41,Silver Machines,The Paper Kites Co.,77.0,155826,Single,1,True,https://cdn.example.com/covers/106.jpg
2024-03-23,42,Sugar Bones,Halcyon Youth,75.0,203420,Album,17,True,https://cdn.example.com/covers/116.jpg
2024-03-23,43,Bitter Signals,Jaxon Frey,74.0,168881,Single,1,False,https://cdn.example.com/covers/014.jpg
2024-03-23,44,Sugar Hours,Bea Whitlock,78.0,157479,Single,1,True,https://cdn.example.com/covers/120.jpg
2024-03-23,45,Sugar Cities,  VELVET STATIC,69.0,262484,Single,1,False,https://cdn.example.com/covers/117.jpg
2024-03-23,46,Velvet Weather,Dust & Ember,81.0,271354,Album,9,False,https://cdn.example.com/covers/139.jpg
2024-03-23,47,Golden Engines,Saint Avery,73.0,237976,Album,18,True,https://cdn.example.com/covers/042.jpg
2024-03-23,48,Crimson Ghosts,Velvet Static feat. Dust & Ember,71.0,207632,Single,1,False,https://cdn.example.com/covers/018.jpg
2024-03-23,49,Restless Ghosts,Milo & The Tides,65.0,132699,Single,1,True,https://cdn.example.com/covers/097.jpg
2024-03-23,50,Faded Promises,The Paper Kites Co.,72.0,216898,Album,11,False,https://cdn.example.com/covers/032.jpg
2024-03-24,1,Golden Rooms,Nova Reyes,100.0,174403,Album,20,True,https://cdn.example.com/covers/045.jpg
2024-03-24,2,Velvet Vices,Velvet Static,100.0,259460,Single,1,True,https://cdn.example.com/covers/138.jpg
2024-03-24,3,Velvet Highways,Cold Harbor,100.0,215061,Single,1,True,https://cdn.example.com/covers/133.jpg
2024-03-24,4,Faded Cities,Jaxon Frey feat. Nova Reyes,100.0,282662,Album,10,False,https://cdn.example.com/covers/028.jpg
2024-03-24,5,Silver Hours,Nova Reyes,100.0,228733,Single,1,True,https://cdn.example.com/covers/104.jpg
2024-03-24,6,Electric Engines,Saint Avery,100.0,208822,Single,1,True,https://cdn.example.com/covers/022.jpg
2024-03-24,7,Velvet Promises,Kira Lindqvist,97.0,204302,Album,8,False,https://cdn.example.com/covers/136.jpg
2024-03-24,8,Faded Summers,The Paper Kites Co.,100.0,238446,Single,1,False,https://cdn.example.com/covers/036.jpg
2024-03-24,9,Sugar Names,  TREY NAKAMURA,100.0,242733,Album,15,True,https://cdn.example.com/covers/121.jpg
2024-03-24,10,Hollow Rivers,Bea Whitlock,97.0,208425,Album,9,True,https://cdn.example.com/covers/051.jpg
2024-03-24,11,Wildflower Ghosts,Bea Whitlock feat. Halcyon Youth,100.0,203198,Album,7,True,https://cdn.example.com/covers/142.jpg
2024-03-24,12,Midnight Summers,The Lantern Club feat. Bea Whitlock,97.0,206872,Album,16,False,https://cdn.example.com/covers/073.jpg
2024-03-24,13,Bitter Daylight,Lorna Sky,95.0,223885,Album,16,True,https://cdn.example.com/covers/008.jpg
2024-03-24,14,Neon Highways,Kira Lindqvist,94.0,257162,Single,1,True,https://cdn.example.com/covers/075.jpg
2024-03-24,15,Neon Summers,Dust & Ember feat. Saint Avery,100.0,172623,Single,1,True,https://cdn.example.com/covers/079.jpg
2024-03-24,16,Ivory Letters,Saint Avery,89.0,230277,Single,1,False,https://cdn.example.com/covers/057.jpg
2024-03-24,17,Restless Daylight,Bea Whitlock feat. Kira Lindqvist,94.0,218322,Album,6,True,https://cdn.example.com/covers/095.jpg
2024-03-24,18,Restless Vices,Omar Diallo,88.0,207503,Single,1,False,https://cdn.example.com/covers/101.jpg
2024-03-24,19,Paper Cities,Velvet Static,94.0,195370,Album,16,False,https://cdn.example.com/covers/081.jpg
2024-03-24,20,Hollow Ghosts,Dust & Ember,94.0,181921,Album,10,True,https://cdn.example.com/covers/048.jpg
2024-03-24,21,Ivory Weather,Cold Harbor,83.0,141107,Single,1,True,https://cdn.example.com/covers/059.jpg
2024-03-24,22,Faded Crowns,Jaxon Frey,89.0,146551,Album,17,True,https://cdn.example.com/covers/029.jpg
2024-03-24,23,Sunlit Daylight,Trey Nakamura,89.0,250117,Album,13,False,https://cdn.example.com/covers/124.jpg
2024-03-24,24,Ivory Summers,Saint Avery,90.0,277100,Album,17,True,https://cdn.example.com/covers/058.jpg
2024-03-24,25,Paper Summers,The Lantern Club,89.0,182828,Single,1,False,https://cdn.example.com/covers/087.jpg
2024-03-24,26,Quiet Names,Deja Monroe,91.0,155216,Single,1,True,https://cdn.example.com/covers/090.jpg
2024-03-24,27,Neon Rooms,Bea Whitlock,89.0,178843,Album,18,True,https://cdn.example.com/covers/078.jpg
2024-03-24,28,Bitter Summers,Ruben Castellanos,87.0,173228,Single,1,True,https://cdn.example.com/covers/015.jpg
2024-03-24,29,Crimson Daylight,Dust & Ember feat. Trey Nakamura,82.0,203830,Album,16,False,https://cdn.example.com/covers/017.jpg
2024-03-24,30,Electric Weather,Dust & Ember feat. Milo & The Tides,81.0,135617,Album,11,False,https://cdn.example.com/covers/025.jpg
2024-03-24,31,Ashen Rooms,Saint Avery feat. The Paper Kites Co.,84.0,221034,Album,20,True,https://cdn.example.com/covers/006.jpg
2024-03-24,32,Restless Highways,Halcyon Youth,83.0,171215,Single,1,False,https://cdn.example.com/covers/098.jpg
2024-03-24,33,Silver Letters,Kira Lindqvist,86.0,135608,Single,1,False,https://cdn.example.com/covers/105.jpg
2024-03-24,34,Wildflower Names,The Lantern Club feat. Nova Reyes,83.0,178107,Album,11,True,https://cdn.example.com/covers/144.jpg
2024-03-24,35,Ivory Cities,Dust & Ember,85.0,197153,Album,8,False,https://cdn.example.com/covers/054.jpg
2024-03-24,36,Silver Machines,The Paper Kites Co.,81.0,155826,Single,1,True,https://cdn.example.com/covers/106.jpg
2024-03-24,37,Sugar Cities,Velvet Static,77.0,262484,Single,1,False,https://cdn.example.com/covers/117.jpg
2024-03-24,38,Hollow Vices,Bea Whitlock,81.0,173530,Album,17,False,https://cdn.example.com/covers/053.jpg
2024-03-24,39,Crimson Ghosts,Velvet Static feat. Dust & Ember,80.0,207632,Single,1,False,https://cdn.example.com/covers/018.jpg
2024-03-24,40,Electric Bones,Dust & Ember,79.0,169515,Album,10,False,https://cdn.example.com/covers/021.jpg
2024-03-24,41,Midnight Crowns,Jaxon Frey,75.0,210662,Album,13,True,https://cdn.example.com/covers/067.jpg
2024-03-24,42,Golden Engines,Saint Avery,81.0,237976,Album,18,True,https://cdn.example.com/covers/042.jpg
2024-03-24,43,Sunlit Highways,Kira Lindqvist,82.0,259501,Album,7,True,https://cdn.example.com/covers/125.jpg
2024-03-24,44,Sugar Hours,Bea Whitlock,75.0,157479,Single,1,True,https://cdn.example.com/covers/120.jpg
2024-03-24,45,Ashen Bones,Milo & The Tides feat. Omar Diallo,78.0,143025,Single,1,False,https://cdn.example.com/covers/000.jpg
2024-03-24,46,Faded Wires,Nova Reyes,71.0,180231,Album,19,False,https://cdn.example.com/covers/039.jpg
2024-03-24,47,Bitter Signals,Jaxon Frey,72.0,168881,Single,1,False,https://cdn.example.com/covers/014.jpg
2024-03-24,48,Electric Lines,Priya Anand feat. Milo & The Tides,78.0,264533,Album,18,False,https://cdn.example.com/covers/023.jpg
2024-03-24,49,Wildflower Signals,Dust & Ember,77.0,277579,Single,1,True,https://cdn.example.com/covers/146.jpg
2024-03-24,50,Velvet Weather,Dust & Ember,71.0,271354,Album,9,False,https://cdn.example.com/covers/139.jpg
2024-03-25,1,Golden Rooms,Nova Reyes,100.0,174403,Album,20,True,https://cdn.example.com/covers/045.jpg
2024-03-25,2,Silver Hours,Nova Reyes,100.0,228733,Single,1,True,https://cdn.example.com/covers/104.jpg
2024-03-25,3,Velvet Highways,Cold Harbor,100.0,215061,Single,1,True,https://cdn.example.com/covers/133.jpg
2024-03-25,4,Faded Cities,Jaxon Frey feat. Nova Reyes,100.0,282662,Album,10,False,https://cdn.example.com/covers/028.jpg
2024-03-25,5,Electric Engines,Saint Avery,100.0,208822,Single,1,True,https://cdn.example.com/covers/022.jpg
2024-03-25,6,Velvet Vices,Velvet Static,100.0,259460,Single,1,True,https://cdn.example.com/covers/138.jpg
2024-03-25,7,Hollow Rivers,Bea Whitlock,100.0,208425,Album,9,True,https://cdn.example.com/covers/051.jpg
2024-03-25,8,Sugar Names,Trey Nakamura,100.0,242733,Album,15,True,https://cdn.example.com/covers/121.jpg
2024-03-25,9,Restless Vices,Omar Diallo,99.0,207503,Single,1,False,https://cdn.example.com/covers/101.jpg
2024-03-25,10,Restless Daylight,Bea Whitlock feat. Kira Lindqvist,100.0,218322,Album,6,True,https://cdn.example.com/covers/095.jpg
2024-03-25,11,Faded Summers,The Paper Kites Co.,94.0,238446,Single,1,False,https://cdn.example.com/covers/036.jpg
2024-03-25,12,Velvet Promises,Kira Lindqvist,98.0,204302,Album,8,False,https://cdn.example.com/covers/136.jpg
2024-03-25,13,Neon Highways,Kira Lindqvist,100.0,257162,Single,1,True,https://cdn.example.com/covers/075.jpg
2024-03-25,14,Paper Cities,Velvet Static,94.0,195370,Album,16,False,https://cdn.example.com/covers/081.jpg
2024-03-25,15,Ivory Letters,Saint Avery,96.0,230277,Single,1,False,https://cdn.example.com/covers/057.jpg
2024-03-25,16,Wildflower Ghosts,Bea Whitlock feat. Halcyon Youth,92.0,203198,Album,7,True,https://cdn.example.com/covers/142.jpg
2024-03-25,17,Neon Summers,Dust & Ember feat. Saint Avery,95.0,172623,Single,1,True,https://cdn.example.com/covers/079.jpg
2024-03-25,18,Bitter Daylight,Lorna Sky,96.0,223885,Album,16,True,https://cdn.example.com/covers/008.jpg
2024-03-25,19,Midnight Summers,The Lantern Club feat. Bea Whitlock,91.0,206872,Album,16,False,https://cdn.example.com/covers/073.jpg
2024-03-25,20,Crimson Daylight,Dust & Ember feat. Trey Nakamura,86.0,203830,Album,16,False,https://cdn.example.com/covers/017.jpg
2024-03-25,21,Sunlit Daylight,Trey Nakamura,93.0,250117,Album,13,False,https://cdn.example.com/covers/124.jpg
2024-03-25,22,Paper Summers,The Lantern Club,88.0,182828,Single,1,False,https://cdn.example.com/covers/087.jpg
2024-03-25,23,Hollow Ghosts,Dust & Ember,89.0,181921,Album,10,True,https://cdn.example.com/covers/048.jpg
2024-03-25,24,Neon Rooms,Bea Whitlock,89.0,178843,Album,18,True,https://cdn.example.com/covers/078.jpg
2024-03-25,25,Sunlit Highways,Kira Lindqvist,86.0,259501,Album,7,True,https://cdn.example.com/covers/125.jpg
2024-03-25,26,Quiet Names,Deja Monroe,82.0,155216,Single,1,True,https://cdn.example.com/covers/090.jpg
2024-03-25,27,Electric Weather,Dust & Ember feat. Milo & The Tides,85.0,135617,Album,11,False,https://cdn.example.com/covers/025.jpg
2024-03-25,28,Ashen Rooms,Saint Avery feat. The Paper Kites Co.,87.0,221034,Album,20,True,https://cdn.example.com/covers/006.jpg
2024-03-25,29,Ivory Weather,Cold Harbor,91.0,141107,Single,1,True,https://cdn.example.com/covers/059.jpg
2024-03-25,30,Ivory Summers,Saint Avery,81.0,277100,Album,17,True,https://cdn.example.com/covers/058.jpg
2024-03-25,31,Bitter Summers,Ruben Castellanos,86.0,173228,Single,1,True,https://cdn.example.com/covers/015.jpg
2024-03-25,32,Wildflower Names,The Lantern Club feat. Nova Reyes,85.0,178107,Album,11,True,https://cdn.example.com/covers/144.jpg
2024-03-25,33,Restless Highways,Halcyon Youth,78.0,171215,Single,1,False,https://cdn.example.com/covers/098.jpg
2024-03-25,34,Faded Wires,Nova Reyes,82.0,180231,Album,19,False,https://cdn.example.com/covers/039.jpg
2024-03-25,35,Silver Letters,Kira Lindqvist,82.0,135608,Single,1,False,https://cdn.example.com/covers/105.jpg
2024-03-25,36,Silver Machines,The Paper Kites Co.,84.0,155826,Single,1,True,https://cdn.example.com/covers/106.jpg
2024-03-25,37,Electric Lines,Priya Anand feat. Milo & The Tides,86.0,264533,Album,18,False,https://cdn.example.com/covers/023.jpg
2024-03-25,38,Sugar Hours,Bea Whitlock,78.0,157479,Single,1,True,https://cdn.example.com/covers/120.jpg
2024-03-25,39,Bitter Signals,Jaxon Frey,78.0,168881,Single,1,False,https://cdn.example.com/covers/014.jpg
2024-03-25,40,Ivory Cities,Dust & Ember,75.0,197153,Album,8,False,https://cdn.example.com/covers/054.jpg
2024-03-25,41,Sugar Cities,Velvet Static,76.0,262484,Single,1,False,https://cdn.example.com/covers/117.jpg
2024-03-25,42,Wildflower Summers,Dust & Ember,80.0,216493,Single,1,True,https://cdn.example.com/covers/147.jpg
2024-03-25,43,Faded Crowns,Jaxon Frey,74.0,146551,Album,17,True,https://cdn.example.com/covers/029.jpg
2024-03-25,44,Golden Engines,Saint Avery,76.0,237976,Album,18,True,https://cdn.example.com/covers/042.jpg
2024-03-25,45,Electric Bones,Dust & Ember,75.0,169515,Album,10,False,https://cdn.example.com/covers/021.jpg
2024-03-25,46,Sugar Bones,  HALCYON YOUTH,72.0,203420,Album,17,True,https://cdn.example.com/covers/116.jpg
2024-03-25,47,Hollow Vices,Bea Whitlock,76.0,173530,Album,17,False,https://cdn.example.com/covers/053.jpg
2024-03-25,48,Restless Ghosts,Milo & The Tides,74.0,132699,Single,1,True,https://cdn.example.com/covers/097.jpg
2024-03-25,49,Crimson Ghosts,Velvet Static feat. Dust & Ember,79.0,207632,Single,1,False,https://cdn.example.com/covers/018.jpg
2024-03-25,50,Faded Promises,The Paper Kites Co.,78.0,216898,Album,11,False,https://cdn.example.com/covers/032.jpg
2024-03-26,1,Golden Rooms,Nova Reyes,100.0,174403,Album,20,True,https://cdn.example.com/covers/045.jpg
2024-03-26,2,Velvet Highways,Cold Harbor,100.0,215061,Single,1,True,https://cdn.example.com/covers/133.jpg
2024-03-26,3,Faded Cities,Jaxon Frey feat. Nova Reyes,100.0,282662,Album,10,False,https://cdn.example.com/covers/028.jpg
2024-03-26,4,Electric Engines,Saint Avery,100.0,208822,Single,1,True,https://cdn.example.com/covers/022.jpg
2024-03-26,5,Silver Hours,Nova Reyes,100.0,228733,Single,1,True,https://cdn.example.com/covers/104.jpg
2024-03-26,6,Sugar Names,Trey Nakamura,100.0,242733,Album,15,True,https://cdn.example.com/covers/121.jpg
2024-03-26,7,Velvet Vices,Velvet Static,100.0,259460,Single,1,True,https://cdn.example.com/covers/138.jpg
2024-03-26,8,Neon Highways,Kira Lindqvist,100.0,257162,Single,1,True,https://cdn.example.com/covers/075.jpg
2024-03-26,9,Neon Summers,Dust & Ember feat. Saint Avery,99.0,172623,Single,1,True,https://cdn.example.com/covers/079.jpg
2024-03-26,10,Hollow Rivers,Bea Whitlock,100.0,208425,Album,9,True,https://cdn.example.com/covers/051.jpg
2024-03-26,11,Restless Vices,Omar Diallo,100.0,207503,Single,1,False,https://cdn.example.com/covers/101.jpg
2024-03-26,12,Ivory Letters,Saint Avery,98.0,230277,Single,1,False,https://cdn.example.com/covers/057.jpg
2024-03-26,13,Faded Summers,The Paper Kites Co.,98.0,238446,Single,1,False,https://cdn.example.com/covers/036.jpg
2024-03-26,14,Velvet Promises,Kira Lindqvist,97.0,204302,Album,8,False,https://cdn.example.com/covers/136.jpg
2024-03-26,15,Restless Daylight,Bea Whitlock feat. Kira Lindqvist,99.0,218322,Album,6,True,https://cdn.example.com/covers/095.jpg
2024-03-26,16,Bitter Daylight,Lorna Sky,88.0,223885,Album,16,True,https://cdn.example.com/covers/008.jpg
2024-03-26,17,Midnight Summers,The Lantern Club feat. Bea Whitlock,96.0,206872,Album,16,False,https://cdn.example.com/covers/073.jpg
2024-03-26,18,Hollow Ghosts,Dust & Ember,94.0,181921,Album,10,True,https://cdn.example.com/covers/048.jpg
2024-03-26,19,Wildflower Ghosts,Bea Whitlock feat. Halcyon Youth,93.0,203198,Album,7,True,https://cdn.example.com/covers/142.jpg
2024-03-26,20,Ivory Weather,Cold Harbor,96.0,141107,Single,1,True,https://cdn.example.com/covers/059.jpg
2024-03-26,21,Paper Summers,The Lantern Club,93.0,182828,Single,1,False,https://cdn.example.com/covers/087.jpg
2024-03-26,22,Paper Cities,Velvet Static,89.0,195370,Album,16,False,https://cdn.example.com/covers/081.jpg
2024-03-26,23,Electric Weather,Dust & Ember feat. Milo & The Tides,90.0,135617,Album,11,False,https://cdn.example.com/covers/025.jpg
2024-03-26,24,Crimson Daylight,Dust & Ember feat. Trey Nakamura,86.0,203830,Album,16,False,https://cdn.example.com/covers/017.jpg
2024-03-26,25,Neon Rooms,Bea Whitlock,82.0,178843,Album,18,True,https://cdn.example.com/covers/078.jpg
2024-03-26,26,Ashen Rooms,Saint Avery feat. The Paper Kites Co.,81.0,221034,Album,20,True,https://cdn.example.com/covers/006.jpg
2024-03-26,27,Sunlit Daylight,Trey Nakamura,87.0,250117,Album,13,False,https://cdn.example.com/covers/124.jpg
2024-03-26,28,Wildflower Names,The Lantern Club feat. Nova Reyes,88.0,178107,Album,11,True,https://cdn.example.com/covers/144.jpg
2024-03-26,29,Ivory Summers,Saint Avery,83.0,277100,Album,17,True,https://cdn.example.com/covers/058.jpg
2024-03-26,30,Faded Crowns,Jaxon Frey,80.0,146551,Album,17,True,https://cdn.example.com/covers/029.jpg
2024-03-26,31,Bitter Summers,Ruben Castellanos,83.0,173228,Single,1,True,https://cdn.example.com/covers/015.jpg
2024-03-26,32,Quiet Names,Deja Monroe,79.0,155216,Single,1,True,https://cdn.example.com/covers/090.jpg
2024-03-26,33,Silver Machines,The Paper Kites Co.,87.0,155826,Single,1,True,https://cdn.example.com/covers/106.jpg
2024-03-26,34,Bitter Signals,Jaxon Frey,77.0,168881,Single,1,False,https://cdn.example.com/covers/014.jpg
2024-03-26,35,Electric Lines,Priya Anand feat. Milo & The Tides,82.0,264533,Album,18,False,https://cdn.example.com/covers/023.jpg
2024-03-26,36,Crimson Ghosts,Velvet Static feat. Dust & Ember,74.0,207632,Single,1,False,https://cdn.example.com/covers/018.jpg
2024-03-26,37,Silver Letters,Kira Lindqvist,84.0,135608,Single,1,False,https://cdn.example.com/covers/105.jpg
2024-03-26,38,Sugar Hours,Bea Whitlock,81.0,157479,Single,1,True,https://cdn.example.com/covers/120.jpg
2024-03-26,39,Ivory Cities,Dust & Ember,80.0,197153,Album,8,False,https://cdn.example.com/covers/054.jpg
2024-03-26,40,Hollow Vices,Bea Whitlock,81.0,173530,Album,17,False,https://cdn.example.com/covers/053.jpg
2024-03-26,41,Golden Engines,Saint Avery,83.0,237976,Album,18,True,https://cdn.example.com/covers/042.jpg
2024-03-26,42,Sunlit Highways,Kira Lindqvist,69.0,259501,Album,7,True,https://cdn.example.com/covers/125.jpg
2024-03-26,43,Electric Bones,Dust & Ember,72.0,169515,Album,10,False,https://cdn.example.com/covers/021.jpg
2024-03-26,44,Sugar Cities,Velvet Static,88.0,262484,Single,1,False,https://cdn.example.com/covers/117.jpg
2024-03-26,45,Sugar Bones,Halcyon Youth,73.0,203420,Album,17,True,https://cdn.example.com/covers/116.jpg
2024-03-26,46,Midnight Crowns,Jaxon Frey,72.0,210662,Album,13,True,https://cdn.example.com/covers/067.jpg
2024-03-26,47,Restless Highways,Halcyon Youth,73.0,171215,Single,1,False,https://cdn.example.com/covers/098.jpg
2024-03-26,48,Restless Ghosts,Milo & The Tides,73.0,132699,Single,1,True,https://cdn.example.com/covers/097.jpg
2024-03-26,49,Velvet Weather,Dust & Ember,70.0,271354,Album,9,False,https://cdn.example.com/covers/139.jpg
2024-03-26,50,Faded Wires,Nova Reyes,71.0,180231,Album,19,False,https://cdn.example.com/covers/039.jpg
2024-03-27,1,Golden Rooms,Nova Reyes,100.0,174403,Album,20,True,https://cdn.example.com/covers/045.jpg
2024-03-27,2,Faded Cities,Jaxon Frey feat. Nova Reyes,100.0,282662,Album,10,False,https://cdn.example.com/covers/028.jpg
2024-03-27,3,Silver Hours,Nova Reyes,99.0,228733,Single,1,True,https://cdn.example.com/covers/104.jpg
2024-03-27,4,Electric Engines,Saint Avery,100.0,208822,Single,1,True,https://cdn.example.com/covers/022.jpg
2024-03-27,5,Velvet Vices,Velvet Static,100.0,259460,Single,1,True,https://cdn.example.com/covers/138.jpg
2024-03-27,6,Velvet Highways,Cold Harbor,100.0,215061,Single,1,True,https://cdn.example.com/covers/133.jpg
2024-03-27,7,Restless Vices,Omar Diallo,100.0,207503,Single,1,False,https://cdn.example.com/covers/101.jpg
2024-03-27,8,Velvet Promises,Kira Lindqvist,100.0,204302,Album,8,False,https://cdn.example.com/covers/136.jpg
2024-03-27,9,Neon Highways,Kira Lindqvist,99.0,257162,Single,1,True,https://cdn.example.com/covers/075.jpg
2024-03-27,10,Sugar Names,Trey Nakamura,100.0,242733,Album,15,True,https://cdn.example.com/covers/121.jpg
2024-03-27,11,Restless Daylight,Bea Whitlock feat. Kira Lindqvist,97.0,218322,Album,6,True,https://cdn.example.com/covers/095.jpg
2024-03-27,12,Hollow Rivers,Bea Whitlock,96.0,208425,Album,9,True,https://cdn.example.com/covers/051.jpg
2024-03-27,13,Neon Summers,Dust & Ember feat. Saint Avery,100.0,172623,Single,1,True,https://cdn.example.com/covers/079.jpg
2024-03-27,14,Faded Summers,The Paper Kites Co.,100.0,238446,Single,1,False,https://cdn.example.com/covers/036.jpg
2024-03-27,15,Ivory Letters,Saint Avery,100.0,230277,Single,1,False,https://cdn.example.com/covers/057.jpg
2024-03-27,16,Bitter Daylight,Lorna Sky,98.0,223885,Album,16,True,https://cdn.example.com/covers/008.jpg
2024-03-27,17,Wildflower Ghosts,Bea Whitlock feat. Halcyon Youth,94.0,203198,Album,7,True,https://cdn.example.com/covers/142.jpg
2024-03-27,18,Midnight Summers,The Lantern Club feat. Bea Whitlock,95.0,206872,Album,16,False,https://cdn.example.com/covers/073.jpg
2024-03-27,19,Paper Cities,Velvet Static,94.0,195370,Album,16,False,https://cdn.example.com/covers/081.jpg
2024-03-27,20,Faded Crowns,Jaxon Frey,91.0,146551,Album,17,True,https://cdn.example.com/covers/029.jpg
2024-03-27,21,Paper Summers,The Lantern Club,85.0,182828,Single,1,False,https://cdn.example.com/covers/087.jpg
2024-03-27,22,Quiet Names,Deja Monroe,85.0,155216,Single,1,True,https://cdn.example.com/covers/090.jpg
2024-03-27,23,Sunlit Daylight,Trey Nakamura,88.0,250117,Album,13,False,https://cdn.example.com/covers/124.jpg
2024-03-27,24,Hollow Ghosts,Dust & Ember,92.0,181921,Album,10,True,https://cdn.example.com/covers/048.jpg
2024-03-27,25,Crimson Daylight,Dust & Ember feat. Trey Nakamura,89.0,203830,Album,16,False,https://cdn.example.com/covers/017.jpg
2024-03-27,26,Ivory Summers,Saint Avery,87.0,277100,Album,17,True,https://cdn.example.com/covers/058.jpg
2024-03-27,27,Ivory Weather,Cold Harbor,83.0,141107,Single,1,True,https://cdn.example.com/covers/059.jpg
2024-03-27,28,Electric Lines,Priya Anand feat. Milo & The Tides,85.0,264533,Album,18,False,https://cdn.example.com/covers/023.jpg
2024-03-27,29,Neon Rooms,Bea Whitlock,86.0,178843,Album,18,True,https://cdn.example.com/covers/078.jpg
2024-03-27,30,Ashen Rooms,Saint Avery feat. The Paper Kites Co.,83.0,221034,Album,20,True,https://cdn.example.com/covers/006.jpg
2024-03-27,31,Silver Machines,The Paper Kites Co.,84.0,155826,Single,1,True,https://cdn.example.com/covers/106.jpg
2024-03-27,32,Electric Weather,  DUST & EMBER FEAT. MILO & THE TIDES,85.0,135617,Album,11,False,https://cdn.example.com/covers/025.jpg
2024-03-27,33,Silver Letters,Kira Lindqvist,82.0,135608,Single,1,False,https://cdn.example.com/covers/105.jpg
2024-03-27,34,Bitter Summers,Ruben Castellanos,84.0,173228,Single,1,True,https://cdn.example.com/covers/015.jpg
2024-03-27,35,Electric Bones,Dust & Ember,80.0,169515,Album,10,False,https://cdn.example.com/covers/021.jpg
2024-03-27,36,Wildflower Names,The Lantern Club feat. Nova Reyes,76.0,178107,Album,11,True,https://cdn.example.com/covers/144.jpg
2024-03-27,37,Ivory Cities,Dust & Ember,87.0,197153,Album,8,False,https://cdn.example.com/covers/054.jpg
2024-03-27,38,Restless Highways,Halcyon Youth,78.0,171215,Single,1,False,https://cdn.example.com/covers/098.jpg
2024-03-27,39,Sugar Hours,Bea Whitlock,77.0,157479,Single,1,True,https://cdn.example.com/covers/120.jpg
2024-03-27,40,Crimson Ghosts,Velvet Static feat. Dust & Ember,76.0,207632,Single,1,False,https://cdn.example.com/covers/018.jpg
2024-03-27,41,Paper Highways,Ruben Castellanos feat. Priya Anand,70.0,160395,Single,1,False,https://cdn.example.com/covers/084.jpg
2024-03-27,42,Bitter Signals,Jaxon Frey,80.0,168881,Single,1,False,https://cdn.example.com/covers/014.jpg
2024-03-27,43,Sunlit Highways,Kira Lindqvist,77.0,259501,Album,7,True,https://cdn.example.com/covers/125.jpg
2024-03-27,44,Wildflower Summers,Dust & Ember,71.0,216493,Single,1,True,https://cdn.example.com/covers/147.jpg
2024-03-27,45,Golden Engines,Saint Avery,72.0,237976,Album,18,True,https://cdn.example.com/covers/042.jpg
2024-03-27,46,Restless Ghosts,Milo & The Tides,71.0,132699,Single,1,True,https://cdn.example.com/covers/097.jpg
2024-03-27,47,Faded Wires,Nova Reyes,74.0,180231,Album,19,False,https://cdn.example.com/covers/039.jpg
2024-03-27,48,Ashen Bones,Milo & The Tides feat. Omar Diallo,74.0,143025,Single,1,False,https://cdn.example.com/covers/000.jpg
2024-03-27,49,Sugar Cities,Velvet Static,68.0,262484,Single,1,False,https://cdn.example.com/covers/117.jpg
2024-03-27,50,Hollow Vices,Bea Whitlock,76.0,173530,Album,17,False,https://cdn.example.com/covers/053.jpg
2024-03-28,1,Golden Rooms,Nova Reyes,100.0,174403,Album,20,True,https://cdn.example.com/covers/045.jpg
2024-03-28,2,Electric Engines,Saint Avery,100.0,208822,Single,1,True,https://cdn.example.com/covers/022.jpg
2024-03-28,3,Faded Cities,Jaxon Frey feat. Nova Reyes,100.0,282662,Album,10,False,https://cdn.example.com/covers/028.jpg
2024-03-28,4,Silver Hours,Nova Reyes,100.0,228733,Single,1,True,https://cdn.example.com/covers/104.jpg
2024-03-28,5,Velvet Vices,Velvet Static,100.0,259460,Single,1,True,https://cdn.example.com/covers/138.jpg
2024-03-28,6,Restless Daylight,Bea Whitlock feat. Kira Lindqvist,100.0,218322,Album,6,True,https://cdn.example.com/covers/095.jpg
2024-03-28,7,Faded Summers,The Paper Kites Co.,100.0,238446,Single,1,False,https://cdn.example.com/covers/036.jpg
2024-03-28,8,Hollow Rivers,Bea Whitlock,100.0,208425,Album,9,True,https://cdn.example.com/covers/051.jpg
2024-03-28,9,Velvet Highways,Cold Harbor,100.0,215061,Single,1,True,https://cdn.example.com/covers/133.jpg
2024-03-28,10,Wildflower Ghosts,Bea Whitlock feat. Halcyon Youth,100.0,203198,Album,7,True,https://cdn.example.com/covers/142.jpg
2024-03-28,11,Sugar Names,Trey Nakamura,98.0,242733,Album,15,True,https://cdn.example.com/covers/121.jpg
2024-03-28,12,Velvet Promises,Kira Lindqvist,94.0,204302,Album,8,False,https://cdn.example.com/covers/136.jpg
2024-03-28,13,Restless Vices,Omar Diallo,97.0,207503,Single,1,False,https://cdn.example.com/covers/101.jpg
2024-03-28,14,Bitter Daylight,Lorna Sky,95.0,223885,Album,16,True,https://cdn.example.com/covers/008.jpg
2024-03-28,15,Neon Summers,Dust & Ember feat. Saint Avery,97.0,172623,Single,1,True,https://cdn.example.com/covers/079.jpg
2024-03-28,16,Neon Highways,Kira Lindqvist,97.0,257162,Single,1,True,https://cdn.example.com/covers/075.jpg
2024-03-28,17,Paper Summers,The Lantern Club,95.0,182828,Single,1,False,https://cdn.example.com/covers/087.jpg
2024-03-28,18,Crimson Daylight,Dust & Ember feat. Trey Nakamura,95.0,203830,Album,16,False,https://cdn.example.com/covers/017.jpg
2024-03-28,19,Midnight Summers,The Lantern Club feat. Bea Whitlock,88.0,206872,Album,16,False,https://cdn.example.com/covers/073.jpg
2024-03-28,20,Ivory Letters,Saint Avery,98.0,230277,Single,1,False,https://cdn.example.com/covers/057.jpg
2024-03-28,21,Paper Cities,Velvet Static,98.0,195370,Album,16,False,https://cdn.example.com/covers/081.jpg
2024-03-28,22,Sunlit Daylight,Trey Nakamura,91.0,250117,Album,13,False,https://cdn.example.com/covers/124.jpg
2024-03-28,23,Ivory Weather,Cold Harbor,85.0,141107,Single,1,True,https://cdn.example.com/covers/059.jpg
2024-03-28,24,Hollow Ghosts,Dust & Ember,92.0,181921,Album,10,True,https://cdn.example.com/covers/048.jpg
2024-03-28,25,Electric Lines,Priya Anand feat. Milo & The Tides,94.0,264533,Album,18,False,https://cdn.example.com/covers/023.jpg
2024-03-28,26,Neon Rooms,Bea Whitlock,87.0,178843,Album,18,True,https://cdn.example.com/covers/078.jpg
2024-03-28,27,Crimson Ghosts,Velvet Static feat. Dust & Ember,85.0,207632,Single,1,False,https://cdn.example.com/covers/018.jpg
2024-03-28,28,Faded Crowns,Jaxon Frey,88.0,146551,Album,17,True,https://cdn.example.com/covers/029.jpg
2024-03-28,29,Silver Letters,Kira Lindqvist,82.0,135608,Single,1,False,https://cdn.example.com/covers/105.jpg
2024-03-28,30,Quiet Names,Deja Monroe,89.0,155216,Single,1,True,https://cdn.example.com/covers/090.jpg
2024-03-28,31,Ashen Rooms,Saint Avery feat. The Paper Kites Co.,83.0,221034,Album,20,True,https://cdn.example.com/covers/006.jpg
2024-03-28,32,Ivory Summers,Saint Avery,80.0,277100,Album,17,True,https://cdn.example.com/covers/058.jpg
2024-03-28,33,Wildflower Names,The Lantern Club feat. Nova Reyes,85.0,178107,Album,11,True,https://cdn.example.com/covers/144.jpg
2024-03-28,34,Silver Machines,The Paper Kites Co.,87.0,155826,Single,1,True,https://cdn.example.com/covers/106.jpg
2024-03-28,35,Electric Bones,Dust & Ember,79.0,169515,Album,10,False,https://cdn.example.com/covers/021.jpg
2024-03-28,36,Restless Highways,Halcyon Youth,82.0,171215,Single,1,False,https://cdn.example.com/covers/098.jpg
2024-03-28,37,Sugar Hours,Bea Whitlock,82.0,157479,Single,1,True,https://cdn.example.com/covers/120.jpg
2024-03-28,38,Faded Wires,Nova Reyes,75.0,180231,Album,19,False,https://cdn.example.com/covers/039.jpg
2024-03-28,39,Ivory Cities,Dust & Ember,81.0,197153,Album,8,False,https://cdn.example.com/covers/054.jpg
2024-03-28,40,Bitter Summers,Ruben Castellanos,77.0,173228,Single,1,True,https://cdn.example.com/covers/015.jpg
2024-03-28,41,Bitter Signals,Jaxon Frey,81.0,168881,Single,1,False,https://cdn.example.com/covers/014.jpg
2024-03-28,42,Electric Weather,Dust & Ember feat. Milo & The Tides,76.0,135617,Album,11,False,https://cdn.example.com/covers/025.jpg
2024-03-28,43,Sunlit Highways,Kira Lindqvist,75.0,259501,Album,7,True,https://cdn.example.com/covers/125.jpg
2024-03-28,44,Golden Engines,Saint Avery,74.0,237976,Album,18,True,https://cdn.example.com/covers/042.jpg
2024-03-28,45,Paper Highways,Ruben Castellanos feat. Priya Anand,69.0,160395,Single,1,False,https://cdn.example.com/covers/084.jpg
2024-03-28,46,Sugar Cities,Velvet Static,76.0,262484,Single,1,False,https://cdn.example.com/covers/117.jpg
2024-03-28,47,Hollow Vices,Bea Whitlock,65.0,173530,Album,17,False,https://cdn.example.com/covers/053.jpg
2024-03-28,48,Wildflower Summers,Dust & Ember,79.0,216493,Single,1,True,https://cdn.example.com/covers/147.jpg
2024-03-28,49,Restless Ghosts,Milo & The Tides,71.0,132699,Single,1,True,https://cdn.example.com/covers/097.jpg
2024-03-28,50,Quiet Promises,Deja Monroe,69.0,172131,Album,16,False,https://cdn.example.com/covers/091.jpg
2024-03-29,1,Silver Hours,Nova Reyes,100.0,228733,Single,1,True,https://cdn.example.com/covers/104.jpg
2024-03-29,2,Golden Rooms,Nova Reyes,100.0,174403,Album,20,True,https://cdn.example.com/covers/045.jpg
2024-03-29,3,Electric Engines,Saint Avery,100.0,208822,Single,1,True,https://cdn.example.com/covers/022.jpg
2024-03-29,4,Velvet Vices,Velvet Static,100.0,259460,Single,1,True,https://cdn.example.com/covers/138.jpg
2024-03-29,5,Faded Cities,Jaxon Frey feat. Nova Reyes,100.0,282662,Album,10,False,https://cdn.example.com/covers/028.jpg
2024-03-29,6,Restless Daylight,Bea Whitlock feat. Kira Lindqvist,100.0,218322,Album,6,True,https://cdn.example.com/covers/095.jpg
2024-03-29,7,Neon Highways,Kira Lindqvist,100.0,257162,Single,1,True,https://cdn.example.com/covers/075.jpg
2024-03-29,8,Wildflower Ghosts,Bea Whitlock feat. Halcyon Youth,98.0,203198,Album,7,True,https://cdn.example.com/covers/142.jpg
2024-03-29,9,Sugar Names,Trey Nakamura,100.0,242733,Album,15,True,https://cdn.example.com/covers/121.jpg
2024-03-29,10,Restless Vices,Omar Diallo,97.0,207503,Single,1,False,https://cdn.example.com/covers/101.jpg
2024-03-29,11,Velvet Promises,Kira Lindqvist,99.0,204302,Album,8,False,https://cdn.example.com/covers/136.jpg
2024-03-29,12,Faded Summers,The Paper Kites Co.,98.0,238446,Single,1,False,https://cdn.example.com/covers/036.jpg
2024-03-29,13,Electric Lines,Priya Anand feat. Milo & The Tides,100.0,264533,Album,18,False,https://cdn.example.com/covers/023.jpg
2024-03-29,14,Neon Summers,Dust & Ember feat. Saint Avery,97.0,172623,Single,1,True,https://cdn.example.com/covers/079.jpg
2024-03-29,15,Ivory Letters,Saint Avery,100.0,230277,Single,1,False,https://cdn.example.com/covers/057.jpg
2024-03-29,16,Midnight Summers,The Lantern Club feat. Bea Whitlock,97.0,206872,Album,16,False,https://cdn.example.com/covers/073.jpg
2024-03-29,17,Velvet Highways,Cold Harbor,97.0,215061,Single,1,True,https://cdn.example.com/covers/133.jpg
2024-03-29,18,Paper Summers,The Lantern Club,89.0,182828,Single,1,False,https://cdn.example.com/covers/087.jpg
2024-03-29,19,Hollow Rivers,Bea Whitlock,93.0,208425,Album,9,True,https://cdn.example.com/covers/051.jpg
2024-03-29,20,Paper Cities,Velvet Static,93.0,195370,Album,16,False,https://cdn.example.com/covers/081.jpg
2024-03-29,21,Hollow Ghosts,Dust & Ember,90.0,181921,Album,10,True,https://cdn.example.com/covers/048.jpg
2024-03-29,22,Ivory Weather,Cold Harbor,88.0,141107,Single,1,True,https://cdn.example.com/covers/059.jpg
2024-03-29,23,Sunlit Daylight,Trey Nakamura,89.0,250117,Album,13,False,https://cdn.example.com/covers/124.jpg
2024-03-29,24,Silver Machines,The Paper Kites Co.,86.0,155826,Single,1,True,https://cdn.example.com/covers/106.jpg
2024-03-29,25,Bitter Daylight,Lorna Sky,92.0,223885,Album,16,True,https://cdn.example.com/covers/008.jpg
2024-03-29,26,Quiet Names,Deja Monroe,87.0,155216,Single,1,True,https://cdn.example.com/covers/090.jpg
2024-03-29,27,Electric Bones,Dust & Ember,89.0,169515,Album,10,False,https://cdn.example.com/covers/021.jpg
2024-03-29,28,Neon Rooms,Bea Whitlock,80.0,178843,Album,18,True,https://cdn.example.com/covers/078.jpg
2024-03-29,29,Crimson Daylight,Dust & Ember feat. Trey Nakamura,84.0,203830,Album,16,False,https://cdn.example.com/covers/017.jpg
2024-03-29,30,Faded Crowns,Jaxon Frey,84.0,146551,Album,17,True,https://cdn.example.com/covers/029.jpg
2024-03-29,31,Electric Weather,Dust & Ember feat. Milo & The Tides,86.0,135617,Album,11,False,https://cdn.example.com/covers/025.jpg
2024-03-29,32,Ivory Summers,Saint Avery,75.0,277100,Album,17,True,https://cdn.example.com/covers/058.jpg
2024-03-29,33,Faded Wires,Nova Reyes,83.0,180231,Album,19,False,https://cdn.example.com/covers/039.jpg
2024-03-29,34,Ivory Cities,Dust & Ember,86.0,197153,Album,8,False,https://cdn.example.com/covers/054.jpg
2024-03-29,35,Bitter Summers,Ruben Castellanos,88.0,173228,Single,1,True,https://cdn.example.com/covers/015.jpg
2024-03-29,36,Restless Highways,Halcyon Youth,75.0,171215,Single,1,False,https://cdn.example.com/covers/098.jpg
2024-03-29,37,Sugar Hours,Bea Whitlock,79.0,157479,Single,1,True,https://cdn.example.com/covers/120.jpg
2024-03-29,38,Crimson Ghosts,Velvet Static feat. Dust & Ember,79.0,207632,Single,1,False,https://cdn.example.com/covers/018.jpg
2024-03-29,39,Ashen Rooms,Saint Avery feat. The Paper Kites Co.,81.0,221034,Album,20,True,https://cdn.example.com/covers/006.jpg
2024-03-29,40,Silver Letters,Kira Lindqvist,77.0,135608,Single,1,False,https://cdn.example.com/covers/105.jpg
2024-03-29,41,Wildflower Summers,Dust & Ember,80.0,216493,Single,1,True,https://cdn.example.com/covers/147.jpg
2024-03-29,42,Wildflower Names,The Lantern Club feat. Nova Reyes,73.0,178107,Album,11,True,https://cdn.example.com/covers/144.jpg
2024-03-29,43,Sugar Cities,Velvet Static,72.0,262484,Single,1,False,https://cdn.example.com/covers/117.jpg
2024-03-29,44,Sugar Bones,  HALCYON YOUTH,67.0,203420,Album,17,True,https://cdn.example.com/covers/116.jpg
2024-03-29,45,Hollow Vices,Bea Whitlock,75.0,173530,Album,17,False,https://cdn.example.com/covers/053.jpg
2024-03-29,46,Bitter Signals,Jaxon Frey,73.0,168881,Single,1,False,https://cdn.example.com/covers/014.jpg
2024-03-29,47,Neon Engines,Ruben Castellanos,72.0,245992,Single,1,False,https://cdn.example.com/covers/074.jpg
2024-03-29,48,Sunlit Highways,Kira Lindqvist,70.0,259501,Album,7,True,https://cdn.example.com/covers/125.jpg
2024-03-29,49,Golden Engines,Saint Avery,75.0,237976,Album,18,True,https://cdn.example.com/covers/042.jpg
2024-03-29,50,Restless Ghosts,Milo & The Tides,75.0,132699,Single,1,True,https://cdn.example.com/covers/097.jpg
2024-03-30,1,Golden Rooms,Nova Reyes,100.0,174403,Album,20,True,https://cdn.example.com/covers/045.jpg
2024-03-30,2,Electric Engines,Saint Avery,100.0,208822,Single,1,True,https://cdn.example.com/covers/022.jpg
2024-03-30,3,Silver Hours,Nova Reyes,100.0,228733,Single,1,True,https://cdn.example.com/covers/104.jpg
2024-03-30,4,Faded Cities,Jaxon Frey feat. Nova Reyes,100.0,282662,Album,10,False,https://cdn.example.com/covers/028.jpg
2024-03-30,5,Velvet Vices,Velvet Static,100.0,259460,Single,1,True,https://cdn.example.com/covers/138.jpg
2024-03-30,6,Wildflower Ghosts,Bea Whitlock feat. Halcyon Youth,100.0,203198,Album,7,True,https://cdn.example.com/covers/142.jpg
2024-03-30,7,Velvet Highways,Cold Harbor,100.0,215061,Single,1,True,https://cdn.example.com/covers/133.jpg
2024-03-30,8,Restless Vices,Omar Diallo,100.0,207503,Single,1,False,https://cdn.example.com/covers/101.jpg
2024-03-30,9,Restless Daylight,Bea Whitlock feat. Kira Lindqvist,100.0,218322,Album,6,True,https://cdn.example.com/covers/095.jpg
2024-03-30,10,Sugar Names,Trey Nakamura,96.0,242733,Album,15,True,https://cdn.example.com/covers/121.jpg
2024-03-30,11,Faded Summers,The Paper Kites Co.,99.0,238446,Single,1,False,https://cdn.example.com/covers/036.jpg
2024-03-30,12,Neon Highways,Kira Lindqvist,93.0,257162,Single,1,True,https://cdn.example.com/covers/075.jpg
2024-03-30,13,Velvet Promises,Kira Lindqvist,100.0,204302,Album,8,False,https://cdn.example.com/covers/136.jpg
2024-03-30,14,Midnight Summers,The Lantern Club feat. Bea Whitlock,97.0,206872,Album,16,False,https://cdn.example.com/covers/073.jpg
2024-03-30,15,Bitter Daylight,Lorna Sky,92.0,223885,Album,16,True,https://cdn.example.com/covers/008.jpg
2024-03-30,16,Hollow Rivers,Bea Whitlock,92.0,208425,Album,9,True,https://cdn.example.com/covers/051.jpg
2024-03-30,17,Electric Lines,Priya Anand feat. Milo & The Tides,90.0,264533,Album,18,False,https://cdn.example.com/covers/023.jpg
2024-03-30,18,Paper Summers,The Lantern Club,100.0,182828,Single,1,False,https://cdn.example.com/covers/087.jpg
2024-03-30,19,Ivory Letters,Saint Avery,88.0,230277,Single,1,False,https://cdn.example.com/covers/057.jpg
2024-03-30,20,Neon Summers,Dust & Ember feat. Saint Avery,90.0,172623,Single,1,True,https://cdn.example.com/covers/079.jpg
2024-03-30,21,Crimson Daylight,Dust & Ember feat. Trey Nakamura,91.0,203830,Album,16,False,https://cdn.example.com/covers/017.jpg
2024-03-30,22,Sunlit Daylight,Trey Nakamura,95.0,250117,Album,13,False,https://cdn.example.com/covers/124.jpg
2024-03-30,23,Ivory Weather,Cold Harbor,90.0,141107,Single,1,True,https://cdn.example.com/covers/059.jpg
2024-03-30,24,Hollow Ghosts,Dust & Ember,84.0,181921,Album,10,True,https://cdn.example.com/covers/048.jpg
2024-03-30,25,Electric Bones,Dust & Ember,83.0,169515,Album,10,False,https://cdn.example.com/covers/021.jpg
2024-03-30,26,Silver Machines,The Paper Kites Co.,91.0,155826,Single,1,True,https://cdn.example.com/covers/106.jpg
2024-03-30,27,Silver Letters,Kira Lindqvist,85.0,135608,Single,1,False,https://cdn.example.com/covers/105.jpg
2024-03-30,28,Paper Cities,Velvet Static,87.0,195370,Album,16,False,https://cdn.example.com/covers/081.jpg
2024-03-30,29,Faded Wires,Nova Reyes,86.0,180231,Album,19,False,https://cdn.example.com/covers/039.jpg
2024-03-30,30,Bitter Summers,Ruben Castellanos,88.0,173228,Single,1,True,https://cdn.example.com/covers/015.jpg
2024-03-30,31,Quiet Names,Deja Monroe,88.0,155216,Single,1,True,https://cdn.example.com/covers/090.jpg
2024-03-30,32,Neon Rooms,Bea Whitlock,86.0,178843,Album,18,True,https://cdn.example.com/covers/078.jpg
2024-03-30,33,Ivory Summers,Saint Avery,85.0,277100,Album,17,True,https://cdn.example.com/covers/058.jpg
2024-03-30,34,Ashen Rooms,Saint Avery feat. The Paper Kites Co.,86.0,221034,Album,20,True,https://cdn.example.com/covers/006.jpg
2024-03-30,35,Sugar Hours,Bea Whitlock,80.0,157479,Single,1,True,https://cdn.example.com/covers/120.jpg
2024-03-30,36,Wildflower Names,The Lantern Club feat. Nova Reyes,85.0,178107,Album,11,True,https://cdn.example.com/covers/144.jpg
2024-03-30,37,Restless Highways,Halcyon Youth,82.0,171215,Single,1,False,https://cdn.example.com/covers/098.jpg
2024-03-30,38,Faded Crowns,Jaxon Frey,75.0,146551,Album,17,True,https://cdn.example.com/covers/029.jpg
2024-03-30,39,Sugar Cities,Velvet Static,74.0,262484,Single,1,False,https://cdn.example.com/covers/117.jpg
2024-03-30,40,Hollow Vices,Bea Whitlock,80.0,173530,Album,17,False,https://cdn.example.com/covers/053.jpg
2024-03-30,41,Crimson Ghosts,Velvet Static feat. Dust & Ember,72.0,207632,Single,1,False,https://cdn.example.com/covers/018.jpg
2024-03-30,42,Electric Weather,Dust & Ember feat. Milo & The Tides,71.0,135617,Album,11,False,https://cdn.example.com/covers/025.jpg
2024-03-30,43,Ivory Cities,Dust & Ember,76.0,197153,Album,8,False,https://cdn.example.com/covers/054.jpg
2024-03-30,44,Wildflower Summers,Dust & Ember,77.0,216493,Single,1,True,https://cdn.example.com/covers/147.jpg
2024-03-30,45,Bitter Signals,Jaxon Frey,78.0,168881,Single,1,False,https://cdn.example.com/covers/014.jpg
2024-03-30,46,Neon Engines,Ruben Castellanos,71.0,245992,Single,1,False,https://cdn.example.com/covers/074.jpg
2024-03-30,47,Sunlit Highways,Kira Lindqvist,76.0,259501,Album,7,True,https://cdn.example.com/covers/125.jpg
2024-03-30,48,Restless Ghosts,Milo & The Tides,70.0,132699,Single,1,True,https://cdn.example.com/covers/097.jpg
2024-03-30,49,Ivory Engines,Nova Reyes,71.0,218049,Album,9,False,https://cdn.example.com/covers/055.jpg
2024-03-30,50,Golden Engines,Saint Avery,70.0,237976,Album,18,True,https://cdn.example.com/covers/042.jpg
2024-03-31,1,Golden Rooms,Nova Reyes,100.0,174403,Album,20,True,https://cdn.example.com/covers/045.jpg
2024-03-31,2,Faded Cities,Jaxon Frey feat. Nova Reyes,100.0,282662,Album,10,False,https://cdn.example.com/covers/028.jpg
2024-03-31,3,Velvet Vices,Velvet Static,100.0,259460,Single,1,True,https://cdn.example.com/covers/138.jpg
2024-03-31,4,Electric Engines,Saint Avery,100.0,208822,Single,1,True,https://cdn.example.com/covers/022.jpg
2024-03-31,5,Silver Hours,Nova Reyes,100.0,228733,Single,1,True,https://cdn.example.com/covers/104.jpg
2024-03-31,6,Neon Highways,Kira Lindqvist,99.0,257162,Single,1,True,https://cdn.example.com/covers/075.jpg
2024-03-31,7,Restless Daylight,Bea Whitlock feat. Kira Lindqvist,100.0,218322,Album,6,True,https://cdn.example.com/covers/095.jpg
2024-03-31,8,Sugar Names,Trey Nakamura,100.0,242733,Album,15,True,https://cdn.example.com/covers/121.jpg
2024-03-31,9,Faded Summers,The Paper Kites Co.,100.0,238446,Single,1,False,https://cdn.example.com/covers/036.jpg
2024-03-31,10,Restless Vices,Omar Diallo,99.0,207503,Single,1,False,https://cdn.example.com/covers/101.jpg
2024-03-31,11,Paper Summers,The Lantern Club,100.0,182828,Single,1,False,https://cdn.example.com/covers/087.jpg
2024-03-31,12,Wildflower Ghosts,Bea Whitlock feat. Halcyon Youth,96.0,203198,Album,7,True,https://cdn.example.com/covers/142.jpg
2024-03-31,13,Bitter Daylight,Lorna Sky,98.0,223885,Album,16,True,https://cdn.example.com/covers/008.jpg
2024-03-31,14,Midnight Summers,The Lantern Club feat. Bea Whitlock,92.0,206872,Album,16,False,https://cdn.example.com/covers/073.jpg
2024-03-31,15,Velvet Promises,Kira Lindqvist,97.0,204302,Album,8,False,https://cdn.example.com/covers/136.jpg
2024-03-31,16,Velvet Highways,Cold Harbor,97.0,215061,Single,1,True,https://cdn.example.com/covers/133.jpg
2024-03-31,17,Ivory Weather,Cold Harbor,96.0,141107,Single,1,True,https://cdn.example.com/covers/059.jpg
2024-03-31,18,Neon Summers,Dust & Ember feat. Saint Avery,99.0,172623,Single,1,True,https://cdn.example.com/covers/079.jpg
2024-03-31,19,Ivory Letters,Saint Avery,92.0,230277,Single,1,False,https://cdn.example.com/covers/057.jpg
2024-03-31,20,Hollow Rivers,Bea Whitlock,91.0,208425,Album,9,True,https://cdn.example.com/covers/051.jpg
2024-03-31,21,Electric Lines,Priya Anand feat. Milo & The Tides,93.0,264533,Album,18,False,https://cdn.example.com/covers/023.jpg
2024-03-31,22,Faded Wires,Nova Reyes,89.0,180231,Album,19,False,https://cdn.example.com/covers/039.jpg
2024-03-31,23,Paper Cities,Velvet Static,91.0,195370,Album,16,False,https://cdn.example.com/covers/081.jpg
2024-03-31,24,Neon Rooms,Bea Whitlock,91.0,178843,Album,18,True,https://cdn.example.com/covers/078.jpg
2024-03-31,25,Quiet Names,Deja Monroe,92.0,155216,Single,1,True,https://cdn.example.com/covers/090.jpg
2024-03-31,26,Hollow Ghosts,Dust & Ember,86.0,181921,Album,10,True,https://cdn.example.com/covers/048.jpg
2024-03-31,27,Crimson Daylight,Dust & Ember feat. Trey Nakamura,86.0,203830,Album,16,False,https://cdn.example.com/covers/017.jpg
2024-03-31,28,Electric Bones,Dust & Ember,83.0,169515,Album,10,False,https://cdn.example.com/covers/021.jpg
2024-03-31,29,Sunlit Daylight,Trey Nakamura,85.0,250117,Album,13,False,https://cdn.example.com/covers/124.jpg
2024-03-31,30,Silver Machines,The Paper Kites Co.,79.0,155826,Single,1,True,https://cdn.example.com/covers/106.jpg
2024-03-31,31,Ashen Rooms,Saint Avery feat. The Paper Kites Co.,81.0,221034,Album,20,True,https://cdn.example.com/covers/006.jpg
2024-03-31,32,Faded Crowns,Jaxon Frey,85.0,146551,Album,17,True,https://cdn.example.com/covers/029.jpg
2024-03-31,33,Crimson Ghosts,Velvet Static feat. Dust & Ember,90.0,207632,Single,1,False,https://cdn.example.com/covers/018.jpg
2024-03-31,34,Silver Letters,Kira Lindqvist,81.0,135608,Single,1,False,https://cdn.example.com/covers/105.jpg
2024-03-31,35,Ivory Summers,Saint Avery,82.0,277100,Album,17,True,https://cdn.example.com/covers/058.jpg
2024-03-31,36,Ivory Cities,Dust & Ember,78.0,197153,Album,8,False,https://cdn.example.com/covers/054.jpg
2024-03-31,37,Sugar Hours,Bea Whitlock,81.0,157479,Single,1,True,https://cdn.example.com/covers/120.jpg
2024-03-31,38,Bitter Summers,Ruben Castellanos,77.0,173228,Single,1,True,https://cdn.example.com/covers/015.jpg
2024-03-31,39,Sunlit Highways,Kira Lindqvist,75.0,259501,Album,7,True,https://cdn.example.com/covers/125.jpg
2024-03-31,40,Wildflower Names,The Lantern Club feat. Nova Reyes,77.0,178107,Album,11,True,https://cdn.example.com/covers/144.jpg
2024-03-31,41,Bitter Signals,Jaxon Frey,77.0,168881,Single,1,False,https://cdn.example.com/covers/014.jpg
2024-03-31,42,Electric Weather,Dust & Ember feat. Milo & The Tides,74.0,135617,Album,11,False,https://cdn.example.com/covers/025.jpg
2024-03-31,43,Neon Engines,Ruben Castellanos,82.0,245992,Single,1,False,https://cdn.example.com/covers/074.jpg
2024-03-31,44,Restless Highways,Halcyon Youth,80.0,171215,Single,1,False,https://cdn.example.com/covers/098.jpg
2024-03-31,45,Sugar Cities,Velvet Static,75.0,262484,Single,1,False,https://cdn.example.com/covers/117.jpg
2024-03-31,46,Hollow Vices,Bea Whitlock,75.0,173530,Album,17,False,https://cdn.example.com/covers/053.jpg
2024-03-31,47,Wildflower Summers,Dust & Ember,71.0,216493,Single,1,True,https://cdn.example.com/covers/147.jpg
2024-03-31,48,Restless Ghosts,Milo & The Tides,70.0,132699,Single,1,True,https://cdn.example.com/covers/097.jpg
2024-03-31,49,Sugar Bones,Halcyon Youth,73.0,203420,Album,17,True,https://cdn.example.com/covers/116.jpg
2024-03-31,50,Hollow Summers,Ruben Castellanos,70.0,143513,Single,1,False,https://cdn.example.com/covers/052.jpg
2024-04-01,1,Electric Engines,Saint Avery,100.0,208822,Single,1,True,https://cdn.example.com/covers/022.jpg
2024-04-01,2,Faded Cities,Jaxon Frey feat. Nova Reyes,100.0,282662,Album,10,False,https://cdn.example.com/covers/028.jpg
2024-04-01,3,Golden Rooms,Nova Reyes,100.0,174403,Album,20,True,https://cdn.example.com/covers/045.jpg
2024-04-01,4,Silver Hours,Nova Reyes,100.0,228733,Single,1,True,https://cdn.example.com/covers/104.jpg
2024-04-01,5,Restless Daylight,Bea Whitlock feat. Kira Lindqvist,100.0,218322,Album,6,True,https://cdn.example.com/covers/095.jpg
2024-04-01,6,Velvet Vices,Velvet Static,97.0,259460,Single,1,True,https://cdn.example.com/covers/138.jpg
2024-04-01,7,Restless Vices,Omar Diallo,100.0,207503,Single,1,False,https://cdn.example.com/covers/101.jpg
2024-04-01,8,Faded Summers,The Paper Kites Co.,100.0,238446,Single,1,False,https://cdn.example.com/covers/036.jpg
2024-04-01,9,Neon Highways,Kira Lindqvist,100.0,257162,Single,1,True,https://cdn.example.com/covers/075.jpg
2024-04-01,10,Paper Summers,The Lantern Club,96.0,182828,Single,1,False,https://cdn.example.com/covers/087.jpg
2024-04-01,11,Sugar Names,Trey Nakamura,100.0,242733,Album,15,True,https://cdn.example.com/covers/121.jpg
2024-04-01,12,Electric Lines,Priya Anand feat. Milo & The Tides,97.0,264533,Album,18,False,https://cdn.example.com/covers/023.jpg
2024-04-01,13,Velvet Highways,Cold Harbor,98.0,215061,Single,1,True,https://cdn.example.com/covers/133.jpg
2024-04-01,14,Neon Summers,Dust & Ember feat. Saint Avery,100.0,172623,Single,1,True,https://cdn.example.com/covers/079.jpg
2024-04-01,15,Wildflower Ghosts,Bea Whitlock feat. Halcyon Youth,94.0,203198,Album,7,True,https://cdn.example.com/covers/142.jpg
2024-04-01,16,Bitter Daylight,Lorna Sky,91.0,223885,Album,16,True,https://cdn.example.com/covers/008.jpg
2024-04-01,17,Velvet Promises,Kira Lindqvist,94.0,204302,Album,8,False,https://cdn.example.com/covers/136.jpg
2024-04-01,18,Paper Cities,Velvet Static,93.0,195370,Album,16,False,https://cdn.example.com/covers/081.jpg
2024-04-01,19,Ivory Letters,Saint Avery,95.0,230277,Single,1,False,https://cdn.example.com/covers/057.jpg
2024-04-01,20,Ivory Weather,Cold Harbor,92.0,141107,Single,1,True,https://cdn.example.com/covers/059.jpg
2024-04-01,21,Quiet Names,Deja Monroe,91.0,155216,Single,1,True,https://cdn.example.com/covers/090.jpg
2024-04-01,22,Midnight Summers,The Lantern Club feat. Bea Whitlock,96.0,206872,Album,16,False,https://cdn.example.com/covers/073.jpg
2024-04-01,23,Crimson Daylight,Dust & Ember feat. Trey Nakamura,90.0,203830,Album,16,False,https://cdn.example.com/covers/017.jpg
2024-04-01,24,Faded Wires,Nova Reyes,93.0,180231,Album,19,False,https://cdn.example.com/covers/039.jpg
2024-04-01,25,Neon Rooms,Bea Whitlock,91.0,178843,Album,18,True,https://cdn.example.com/covers/078.jpg
2024-04-01,26,Hollow Ghosts,Dust & Ember,82.0,181921,Album,10,True,https://cdn.example.com/covers/048.jpg
2024-04-01,27,Hollow Rivers,Bea Whitlock,87.0,208425,Album,9,True,https://cdn.example.com/covers/051.jpg
2024-04-01,28,Silver Letters,Kira Lindqvist,84.0,135608,Single,1,False,https://cdn.example.com/covers/105.jpg
2024-04-01,29,Sunlit Daylight,Trey Nakamura,88.0,250117,Album,13,False,https://cdn.example.com/covers/124.jpg
2024-04-01,30,Ashen Rooms,Saint Avery feat. The Paper Kites Co.,91.0,221034,Album,20,True,https://cdn.example.com/covers/006.jpg
2024-04-01,31,Electric Bones,Dust & Ember,86.0,169515,Album,10,False,https://cdn.example.com/covers/021.jpg
2024-04-01,32,Faded Crowns,Jaxon Frey,82.0,146551,Album,17,True,https://cdn.example.com/covers/029.jpg
2024-04-01,33,Ivory Cities,Dust & Ember,86.0,197153,Album,8,False,https://cdn.example.com/covers/054.jpg
2024-04-01,34,Sugar Hours,Bea Whitlock,84.0,157479,Single,1,True,https://cdn.example.com/covers/120.jpg
2024-04-01,35,Silver Machines,The Paper Kites Co.,78.0,155826,Single,1,True,https://cdn.example.com/covers/106.jpg
2024-04-01,36,Ivory Summers,Saint Avery,83.0,277100,Album,17,True,https://cdn.example.com/covers/058.jpg
2024-04-01,37,Bitter Summers,Ruben Castellanos,78.0,173228,Single,1,True,https://cdn.example.com/covers/015.jpg
2024-04-01,38,Restless Highways,Halcyon Youth,84.0,171215,Single,1,False,https://cdn.example.com/covers/098.jpg
2024-04-01,39,Electric Weather,Dust & Ember feat. Milo & The Tides,80.0,135617,Album,11,False,https://cdn.example.com/covers/025.jpg
2024-04-01,40,Wildflower Summers,Dust & Ember,82.0,216493,Single,1,True,https://cdn.example.com/covers/147.jpg
2024-04-01,41,Sugar Cities,Velvet Static,72.0,262484,Single,1,False,https://cdn.example.com/covers/117.jpg
2024-04-01,42,Crimson Ghosts,Velvet Static feat. Dust & Ember,79.0,207632,Single,1,False,https://cdn.example.com/covers/018.jpg
2024-04-01,43,Sugar Bones,Halcyon Youth,83.0,203420,Album,17,True,https://cdn.example.com/covers/116.jpg
2024-04-01,44,Hollow Vices,Bea Whitlock,79.0,173530,Album,17,False,https://cdn.example.com/covers/053.jpg
2024-04-01,45,Neon Engines,Ruben Castellanos,75.0,245992,Single,1,False,https://cdn.example.com/covers/074.jpg
2024-04-01,46,Wildflower Names,The Lantern Club feat. Nova Reyes,68.0,178107,Album,11,True,https://cdn.example.com/covers/144.jpg
2024-04-01,47,Sunlit Highways,Kira Lindqvist,69.0,259501,Album,7,True,https://cdn.example.com/covers/125.jpg
2024-04-01,48,Velvet Weather,Dust & Ember,66.0,271354,Album,9,False,https://cdn.example.com/covers/139.jpg
2024-04-01,49,Paper Highways,Ruben Castellanos feat. Priya Anand,68.0,160395,Single,1,False,https://cdn.example.com/covers/084.jpg
2024-04-01,50,Golden Engines,Saint Avery,68.0,237976,Album,18,True,https://cdn.example.com/covers/042.jpg
2024-04-02,1,Electric Engines,Saint Avery,100.0,208822,Single,1,True,https://cdn.example.com/covers/022.jpg
2024-04-02,2,Golden Rooms,Nova Reyes,100.0,174403,Album,20,True,https://cdn.example.com/covers/045.jpg
2024-04-02,3,Velvet Vices,Velvet Static,100.0,259460,Single,1,True,https://cdn.example.com/covers/138.jpg
2024-04-02,4,Faded Cities,Jaxon Frey feat. Nova Reyes,100.0,282662,Album,10,False,https://cdn.example.com/covers/028.jpg
2024-04-02,5,Neon Highways,Kira Lindqvist,100.0,257162,Single,1,True,https://cdn.example.com/covers/075.jpg
2024-04-02,6,Restless Daylight,Bea Whitlock feat. Kira Lindqvist,100.0,218322,Album,6,True,https://cdn.example.com/covers/095.jpg
2024-04-02,7,Silver Hours,Nova Reyes,100.0,228733,Single,1,True,https://cdn.example.com/covers/104.jpg
2024-04-02,8,Sugar Names,Trey Nakamura,100.0,242733,Album,15,True,https://cdn.example.com/covers/121.jpg
2024-04-02,9,Wildflower Ghosts,Bea Whitlock feat. Halcyon Youth,100.0,203198,Album,7,True,https://cdn.example.com/covers/142.jpg
2024-04-02,10,Electric Lines,Priya Anand feat. Milo & The Tides,97.0,264533,Album,18,False,https://cdn.example.com/covers/023.jpg
2024-04-02,11,Restless Vices,Omar Diallo,100.0,207503,Single,1,False,https://cdn.example.com/covers/101.jpg
2024-04-02,12,Faded Summers,The Paper Kites Co.,93.0,238446,Single,1,False,https://cdn.example.com/covers/036.jpg
2024-04-02,13,Crimson Daylight,Dust & Ember feat. Trey Nakamura,100.0,203830,Album,16,False,https://cdn.example.com/covers/017.jpg
2024-04-02,14,Bitter Daylight,Lorna Sky,94.0,223885,Album,16,True,https://cdn.example.com/covers/008.jpg
2024-04-02,15,Velvet Highways,Cold Harbor,98.0,215061,Single,1,True,https://cdn.example.com/covers/133.jpg
2024-04-02,16,Midnight Summers,The Lantern Club feat. Bea Whitlock,96.0,206872,Album,16,False,https://cdn.example.com/covers/073.jpg
2024-04-02,17,Neon Summers,Dust & Ember feat. Saint Avery,96.0,172623,Single,1,True,https://cdn.example.com/covers/079.jpg
2024-04-02,18,Paper Summers,The Lantern Club,94.0,182828,Single,1,False,https://cdn.example.com/covers/087.jpg
2024-04-02,19,Velvet Promises,Kira Lindqvist,92.0,204302,Album,8,False,https://cdn.example.com/covers/136.jpg
2024-04-02,20,Paper Cities,Velvet Static,91.0,195370,Album,16,False,https://cdn.example.com/covers/081.jpg
2024-04-02,21,Quiet Names,Deja Monroe,92.0,155216,Single,1,True,https://cdn.example.com/covers/090.jpg
2024-04-02,22,Ivory Weather,Cold Harbor,95.0,141107,Single,1,True,https://cdn.example.com/covers/059.jpg
2024-04-02,23,Ivory Letters,Saint Avery,92.0,230277,Single,1,False,https://cdn.example.com/covers/057.jpg
2024-04-02,24,Hollow Ghosts,Dust & Ember,92.0,181921,Album,10,True,https://cdn.example.com/covers/048.jpg
2024-04-02,25,Hollow Rivers,Bea Whitlock,87.0,208425,Album,9,True,https://cdn.example.com/covers/051.jpg
2024-04-02,26,Faded Wires,Nova Reyes,86.0,180231,Album,19,False,https://cdn.example.com/covers/039.jpg
2024-04-02,27,Neon Rooms,Bea Whitlock,89.0,178843,Album,18,True,https://cdn.example.com/covers/078.jpg
2024-04-02,28,Sunlit Daylight,Trey Nakamura,88.0,250117,Album,13,False,https://cdn.example.com/covers/124.jpg
2024-04-02,29,Silver Machines,The Paper Kites Co.,85.0,155826,Single,1,True,https://cdn.example.com/covers/106.jpg
2024-04-02,30,Electric Bones,Dust & Ember,90.0,169515,Album,10,False,https://cdn.example.com/covers/021.jpg
2024-04-02,31,Ivory Cities,Dust & Ember,79.0,197153,Album,8,False,https://cdn.example.com/covers/054.jpg
2024-04-02,32,Ivory Summers,Saint Avery,82.0,277100,Album,17,True,https://cdn.example.com/covers/058.jpg
2024-04-02,33,Faded Crowns,Jaxon Frey,85.0,146551,Album,17,True,https://cdn.example.com/covers/029.jpg
2024-04-02,34,Bitter Summers,Ruben Castellanos,83.0,173228,Single,1,True,https://cdn.example.com/covers/015.jpg
2024-04-02,35,Crimson Ghosts,Velvet Static feat. Dust & Ember,82.0,207632,Single,1,False,https://cdn.example.com/covers/018.jpg
2024-04-02,36,Neon Engines,Ruben Castellanos,75.0,245992,Single,1,False,https://cdn.example.com/covers/074.jpg
2024-04-02,37,Restless Ghosts,Milo & The Tides,82.0,132699,Single,1,True,https://cdn.example.com/covers/097.jpg
2024-04-02,38,Silver Letters,Kira Lindqvist,84.0,135608,Single,1,False,https://cdn.example.com/covers/105.jpg
2024-04-02,39,Ashen Rooms,Saint Avery feat. The Paper Kites Co.,80.0,221034,Album,20,True,https://cdn.example.com/covers/006.jpg
2024-04-02,40,Sunlit Highways,Kira Lindqvist,74.0,259501,Album,7,True,https://cdn.example.com/covers/125.jpg
2024-04-02,41,Restless Highways,Halcyon Youth,74.0,171215,Single,1,False,https://cdn.example.com/covers/098.jpg
2024-04-02,42,Hollow Vices,Bea Whitlock,79.0,173530,Album,17,False,https://cdn.example.com/covers/053.jpg
2024-04-02,43,Electric Weather,Dust & Ember feat. Milo & The Tides,70.0,135617,Album,11,False,https://cdn.example.com/covers/025.jpg
2024-04-02,44,Sugar Hours,Bea Whitlock,73.0,157479,Single,1,True,https://cdn.example.com/covers/120.jpg
2024-04-02,45,Sugar Cities,Velvet Static,71.0,262484,Single,1,False,https://cdn.example.com/covers/117.jpg
2024-04-02,46,Wildflower Names,The Lantern Club feat. Nova Reyes,76.0,178107,Album,11,True,https://cdn.example.com/covers/144.jpg
2024-04-02,47,Bitter Signals,Jaxon Frey,77.0,168881,Single,1,False,https://cdn.example.com/covers/014.jpg
2024-04-02,48,Wildflower Summers,Dust & Ember,76.0,216493,Single,1,True,https://cdn.example.com/covers/147.jpg
2024-04-02,49,Ashen Bones,Milo & The Tides feat. Omar Diallo,67.0,143025,Single,1,False,https://cdn.example.com/covers/000.jpg
2024-04-02,50,Sugar Bones,Halcyon Youth,70.0,203420,Album,17,True,https://cdn.example.com/covers/116.jpg
2024-04-03,1,Electric Engines,Saint Avery,100.0,208822,Single,1,True,https://cdn.example.com/covers/022.jpg
2024-04-03,2,Faded Cities,Jaxon Frey feat. Nova Reyes,100.0,282662,Album,10,False,https://cdn.example.com/covers/028.jpg
2024-04-03,3,Velvet Vices,Velvet Static,100.0,259460,Single,1,True,https://cdn.example.com/covers/138.jpg
2024-04-03,4,Golden Rooms,Nova Reyes,100.0,174403,Album,20,True,https://cdn.example.com/covers/045.jpg
2024-04-03,5,Silver Hours,Nova Reyes,100.0,228733,Single,1,True,https://cdn.example.com/covers/104.jpg
2024-04-03,6,Restless Daylight,Bea Whitlock feat. Kira Lindqvist,100.0,218322,Album,6,True,https://cdn.example.com/covers/095.jpg
2024-04-03,7,Wildflower Ghosts,Bea Whitlock feat. Halcyon Youth,100.0,203198,Album,7,True,https://cdn.example.com/covers/142.jpg
2024-04-03,8,Electric Lines,Priya Anand feat. Milo & The Tides,100.0,264533,Album,18,False,https://cdn.example.com/covers/023.jpg
2024-04-03,9,Restless Vices,Omar Diallo,100.0,207503,Single,1,False,https://cdn.example.com/covers/101.jpg
2024-04-03,10,Neon Highways,Kira Lindqvist,98.0,257162,Single,1,True,https://cdn.example.com/covers/075.jpg
2024-04-03,11,Faded Summers,The Paper Kites Co.,100.0,238446,Single,1,False,https://cdn.example.com/covers/036.jpg
2024-04-03,12,Sugar Names,Trey Nakamura,99.0,242733,Album,15,True,https://cdn.example.com/covers/121.jpg
2024-04-03,13,Neon Summers,Dust & Ember feat. Saint Avery,94.0,172623,Single,1,True,https://cdn.example.com/covers/079.jpg
2024-04-03,14,Midnight Summers,The Lantern Club feat. Bea Whitlock,96.0,206872,Album,16,False,https://cdn.example.com/covers/073.jpg
2024-04-03,15,Sunlit Daylight,Trey Nakamura,96.0,250117,Album,13,False,https://cdn.example.com/covers/124.jpg
2024-04-03,16,Paper Cities,Velvet Static,92.0,195370,Album,16,False,https://cdn.example.com/covers/081.jpg
2024-04-03,17,Velvet Highways,Cold Harbor,95.0,215061,Single,1,True,https://cdn.example.com/covers/133.jpg
2024-04-03,18,Ivory Letters,Saint Avery,93.0,230277,Single,1,False,https://cdn.example.com/covers/057.jpg
2024-04-03,19,Paper Summers,The Lantern Club,94.0,182828,Single,1,False,https://cdn.example.com/covers/087.jpg
2024-04-03,20,Hollow Rivers,Bea Whitlock,92.0,208425,Album,9,True,https://cdn.example.com/covers/051.jpg
2024-04-03,21,Quiet Names,Deja Monroe,94.0,155216,Single,1,True,https://cdn.example.com/covers/090.jpg
2024-04-03,22,Faded Wires,Nova Reyes,87.0,180231,Album,19,False,https://cdn.example.com/covers/039.jpg
2024-04-03,23,Velvet Promises,Kira Lindqvist,89.0,204302,Album,8,False,https://cdn.example.com/covers/136.jpg
2024-04-03,24,Bitter Daylight,  LORNA SKY,92.0,223885,Album,16,True,https://cdn.example.com/covers/008.jpg
2024-04-03,25,Crimson Daylight,Dust & Ember feat. Trey Nakamura,91.0,203830,Album,16,False,https://cdn.example.com/covers/017.jpg
2024-04-03,26,Electric Bones,Dust & Ember,91.0,169515,Album,10,False,https://cdn.example.com/covers/021.jpg
2024-04-03,27,Ivory Weather,Cold Harbor,92.0,141107,Single,1,True,https://cdn.example.com/covers/059.jpg
2024-04-03,28,Hollow Ghosts,Dust & Ember,86.0,181921,Album,10,True,https://cdn.example.com/covers/048.jpg
2024-04-03,29,Silver Machines,The Paper Kites Co.,85.0,155826,Single,1,True,https://cdn.example.com/covers/106.jpg
2024-04-03,30,Ivory Summers,Saint Avery,86.0,277100,Album,17,True,https://cdn.example.com/covers/058.jpg
2024-04-03,31,Sugar Hours,Bea Whitlock,88.0,157479,Single,1,True,https://cdn.example.com/covers/120.jpg
2024-04-03,32,Ashen Rooms,Saint Avery feat. The Paper Kites Co.,87.0,221034,Album,20,True,https://cdn.example.com/covers/006.jpg
2024-04-03,33,Ivory Cities,Dust & Ember,83.0,197153,Album,8,False,https://cdn.example.com/covers/054.jpg
2024-04-03,34,Silver Letters,Kira Lindqvist,83.0,135608,Single,1,False,https://cdn.example.com/covers/105.jpg
2024-04-03,35,Neon Engines,Ruben Castellanos,83.0,245992,Single,1,False,https://cdn.example.com/covers/074.jpg
2024-04-03,36,Neon Rooms,Bea Whitlock,77.0,178843,Album,18,True,https://cdn.example.com/covers/078.jpg
2024-04-03,37,Restless Highways,Halcyon Youth,78.0,171215,Single,1,False,https://cdn.example.com/covers/098.jpg
2024-04-03,38,Faded Crowns,Jaxon Frey,80.0,146551,Album,17,True,https://cdn.example.com/covers/029.jpg
2024-04-03,39,Bitter Signals,Jaxon Frey,78.0,168881,Single,1,False,https://cdn.example.com/covers/014.jpg
2024-04-03,40,Bitter Summers,Ruben Castellanos,82.0,173228,Single,1,True,https://cdn.example.com/covers/015.jpg
2024-04-03,41,Sugar Cities,Velvet Static,71.0,262484,Single,1,False,https://cdn.example.com/covers/117.jpg
2024-04-03,42,Wildflower Summers,Dust & Ember,75.0,216493,Single,1,True,https://cdn.example.com/covers/147.jpg
2024-04-03,43,Wildflower Names,The Lantern Club feat. Nova Reyes,79.0,178107,Album,11,True,https://cdn.example.com/covers/144.jpg
2024-04-03,44,Sunlit Highways,Kira Lindqvist,73.0,259501,Album,7,True,https://cdn.example.com/covers/125.jpg
2024-04-03,45,Bitter Rooms,Milo & The Tides,72.0,314913,Single,1,True,https://cdn.example.com/covers/013.jpg
2024-04-03,46,Electric Weather,Dust & Ember feat. Milo & The Tides,73.0,135617,Album,11,False,https://cdn.example.com/covers/025.jpg
2024-04-03,47,Crimson Ghosts,Velvet Static feat. Dust & Ember,71.0,207632,Single,1,False,https://cdn.example.com/covers/018.jpg
2024-04-03,48,Static Lines,Dust & Ember,77.0,191100,Single,1,True,https://cdn.example.com/covers/112.jpg
2024-04-03,49,Hollow Vices,Bea Whitlock,76.0,173530,Album,17,False,https://cdn.example.com/covers/053.jpg
2024-04-03,50,Sugar Bones,Halcyon Youth,73.0,203420,Album,17,True,https://cdn.example.com/covers/116.jpg
2024-04-04,1,Electric Engines,Saint Avery,100.0,208822,Single,1,True,https://cdn.example.com/covers/022.jpg
2024-04-04,2,Faded Cities,Jaxon Frey feat. Nova Reyes,100.0,282662,Album,10,False,https://cdn.example.com/covers/028.jpg
2024-04-04,3,Golden Rooms,Nova Reyes,100.0,174403,Album,20,True,https://cdn.example.com/covers/045.jpg
2024-04-04,4,Velvet Vices,Velvet Static,100.0,259460,Single,1,True,https://cdn.example.com/covers/138.jpg
2024-04-04,5,Silver Hours,Nova Reyes,100.0,228733,Single,1,True,https://cdn.example.com/covers/104.jpg
2024-04-04,6,Neon Highways,Kira Lindqvist,100.0,257162,Single,1,True,https://cdn.example.com/covers/075.jpg
2024-04-04,7,Faded Summers,The Paper Kites Co.,100.0,238446,Single,1,False,https://cdn.example.com/covers/036.jpg
2024-04-04,8,Restless Daylight,Bea Whitlock feat. Kira Lindqvist,97.0,218322,Album,6,True,https://cdn.example.com/covers/095.jpg
2024-04-04,9,Restless Vices,Omar Diallo,100.0,207503,Single,1,False,https://cdn.example.com/covers/101.jpg
2024-04-04,10,Electric Lines,Priya Anand feat. Milo & The Tides,100.0,264533,Album,18,False,https://cdn.example.com/covers/023.jpg
2024-04-04,11,Wildflower Ghosts,Bea Whitlock feat. Halcyon Youth,100.0,203198,Album,7,True,https://cdn.example.com/covers/142.jpg
2024-04-04,12,Paper Summers,The Lantern Club,100.0,182828,Single,1,False,https://cdn.example.com/covers/087.jpg
2024-04-04,13,Sugar Names,Trey Nakamura,95.0,242733,Album,15,True,https://cdn.example.com/covers/121.jpg
2024-04-04,14,Midnight Summers,The Lantern Club feat. Bea Whitlock,97.0,206872,Album,16,False,https://cdn.example.com/covers/073.jpg
2024-04-04,15,Velvet Promises,Kira Lindqvist,97.0,204302,Album,8,False,https://cdn.example.com/covers/136.jpg
2024-04-04,16,Ivory Weather,Cold Harbor,98.0,141107,Single,1,True,https://cdn.example.com/covers/059.jpg
2024-04-04,17,Electric Bones,Dust & Ember,97.0,169515,Album,10,False,https://cdn.example.com/covers/021.jpg
2024-04-04,18,Paper Cities,Velvet Static,91.0,195370,Album,16,False,https://cdn.example.com/covers/081.jpg
2024-04-04,19,Ivory Letters,Saint Avery,93.0,230277,Single,1,False,https://cdn.example.com/covers/057.jpg
2024-04-04,20,Velvet Highways,Cold Harbor,90.0,215061,Single,1,True,https://cdn.example.com/covers/133.jpg
2024-04-04,21,Faded Wires,Nova Reyes,88.0,180231,Album,19,False,https://cdn.example.com/covers/039.jpg
2024-04-04,22,Bitter Daylight,  LORNA SKY,88.0,223885,Album,16,True,https://cdn.example.com/covers/008.jpg
2024-04-04,23,Neon Summers,Dust & Ember feat. Saint Avery,82.0,172623,Single,1,True,https://cdn.example.com/covers/079.jpg
2024-04-04,24,Sunlit Daylight,Trey Nakamura,89.0,250117,Album,13,False,https://cdn.example.com/covers/124.jpg
2024-04-04,25,Ivory Summers,Saint Avery,86.0,277100,Album,17,True,https://cdn.example.com/covers/058.jpg
2024-04-04,26,Hollow Ghosts,Dust & Ember,91.0,181921,Album,10,True,https://cdn.example.com/covers/048.jpg
2024-04-04,27,Silver Machines,The Paper Kites Co.,94.0,155826,Single,1,True,https://cdn.example.com/covers/106.jpg
2024-04-04,28,Neon Rooms,Bea Whitlock,84.0,178843,Album,18,True,https://cdn.example.com/covers/078.jpg
2024-04-04,29,Neon Engines,Ruben Castellanos,85.0,245992,Single,1,False,https://cdn.example.com/covers/074.jpg
2024-04-04,30,Crimson Daylight,Dust & Ember feat. Trey Nakamura,87.0,203830,Album,16,False,https://cdn.example.com/covers/017.jpg
2024-04-04,31,Quiet Names,Deja Monroe,85.0,155216,Single,1,True,https://cdn.example.com/covers/090.jpg
2024-04-04,32,Hollow Rivers,Bea Whitlock,80.0,208425,Album,9,True,https://cdn.example.com/covers/051.jpg
2024-04-04,33,Sugar Hours,Bea Whitlock,85.0,157479,Single,1,True,https://cdn.example.com/covers/120.jpg
2024-04-04,34,Bitter Summers,Ruben Castellanos,82.0,173228,Single,1,True,https://cdn.example.com/covers/015.jpg
2024-04-04,35,Ivory Cities,Dust & Ember,84.0,197153,Album,8,False,https://cdn.example.com/covers/054.jpg
2024-04-04,36,Silver Letters,Kira Lindqvist,79.0,135608,Single,1,False,https://cdn.example.com/covers/105.jpg
2024-04-04,37,Restless Highways,Halcyon Youth,82.0,171215,Single,1,False,https://cdn.example.com/covers/098.jpg
2024-04-04,38,Ashen Rooms,Saint Avery feat. The Paper Kites Co.,74.0,221034,Album,20,True,https://cdn.example.com/covers/006.jpg
2024-04-04,39,Sunlit Highways,Kira Lindqvist,81.0,259501,Album,7,True,https://cdn.example.com/covers/125.jpg
2024-04-04,40,Faded Crowns,Jaxon Frey,77.0,146551,Album,17,True,https://cdn.example.com/covers/029.jpg
2024-04-04,41,Wildflower Names,The Lantern Club feat. Nova Reyes,75.0,178107,Album,11,True,https://cdn.example.com/covers/144.jpg
2024-04-04,42,Electric Weather,Dust & Ember feat. Milo & The Tides,79.0,135617,Album,11,False,https://cdn.example.com/covers/025.jpg
2024-04-04,43,Bitter Rooms,Milo & The Tides,79.0,314913,Single,1,True,https://cdn.example.com/covers/013.jpg
2024-04-04,44,Wildflower Summers,Dust & Ember,72.0,216493,Single,1,True,https://cdn.example.com/covers/147.jpg
2024-04-04,45,Ivory Engines,Nova Reyes,76.0,218049,Album,9,False,https://cdn.example.com/covers/055.jpg
2024-04-04,46,Hollow Vices,Bea Whitlock,76.0,173530,Album,17,False,https://cdn.example.com/covers/053.jpg
2024-04-04,47,Crimson Ghosts,Velvet Static feat. Dust & Ember,75.0,207632,Single,1,False,https://cdn.example.com/covers/018.jpg
2024-04-04,48,Restless Ghosts,Milo & The Tides,74.0,132699,Single,1,True,https://cdn.example.com/covers/097.jpg
2024-04-04,49,Sugar Bones,Halcyon Youth,69.0,203420,Album,17,True,https://cdn.example.com/covers/116.jpg
2024-04-04,50,Sugar Cities,  VELVET STATIC,76.0,262484,Single,1,False,https://cdn.example.com/covers/117.jpg
2024-04-05,1,Faded Cities,Jaxon Frey feat. Nova Reyes,100.0,282662,Album,10,False,https://cdn.example.com/covers/028.jpg
2024-04-05,2,Electric Engines,Saint Avery,100.0,208822,Single,1,True,https://cdn.example.com/covers/022.jpg
2024-04-05,3,Restless Daylight,Bea Whitlock feat. Kira Lindqvist,100.0,218322,Album,6,True,https://cdn.example.com/covers/095.jpg
2024-04-05,4,Golden Rooms,Nova Reyes,100.0,174403,Album,20,True,https://cdn.example.com/covers/045.jpg
2024-04-05,5,Neon Highways,Kira Lindqvist,100.0,257162,Single,1,True,https://cdn.example.com/covers/075.jpg
2024-04-05,6,Velvet Vices,Velvet Static,100.0,259460,Single,1,True,https://cdn.example.com/covers/138.jpg
2024-04-05,7,Wildflower Ghosts,Bea Whitlock feat. Halcyon Youth,100.0,203198,Album,7,True,https://cdn.example.com/covers/142.jpg
2024-04-05,8,Silver Hours,Nova Reyes,100.0,228733,Single,1,True,https://cdn.example.com/covers/104.jpg
2024-04-05,9,Faded Summers,The Paper Kites Co.,100.0,238446,Single,1,False,https://cdn.example.com/covers/036.jpg
2024-04-05,10,Electric Lines,Priya Anand feat. Milo & The Tides,97.0,264533,Album,18,False,https://cdn.example.com/covers/023.jpg
2024-04-05,11,Restless Vices,Omar Diallo,100.0,207503,Single,1,False,https://cdn.example.com/covers/101.jpg
2024-04-05,12,Sugar Names,Trey Nakamura,95.0,242733,Album,15,True,https://cdn.example.com/covers/121.jpg
2024-04-05,13,Sunlit Daylight,Trey Nakamura,92.0,250117,Album,13,False,https://cdn.example.com/covers/124.jpg
2024-04-05,14,Crimson Daylight,Dust & Ember feat. Trey Nakamura,88.0,203830,Album,16,False,https://cdn.example.com/covers/017.jpg
2024-04-05,15,Midnight Summers,The Lantern Club feat. Bea Whitlock,94.0,206872,Album,16,False,https://cdn.example.com/covers/073.jpg
2024-04-05,16,Ivory Weather,Cold Harbor,94.0,141107,Single,1,True,https://cdn.example.com/covers/059.jpg
2024-04-05,17,Faded Wires,Nova Reyes,92.0,180231,Album,19,False,https://cdn.example.com/covers/039.jpg
2024-04-05,18,Ivory Letters,Saint Avery,99.0,230277,Single,1,False,https://cdn.example.com/covers/057.jpg
2024-04-05,19,Bitter Daylight,Lorna Sky,95.0,223885,Album,16,True,https://cdn.example.com/covers/008.jpg
2024-04-05,20,Neon Summers,Dust & Ember feat. Saint Avery,92.0,172623,Single,1,True,https://cdn.example.com/covers/079.jpg
2024-04-05,21,Paper Summers,The Lantern Club,81.0,182828,Single,1,False,https://cdn.example.com/covers/087.jpg
2024-04-05,22,Hollow Ghosts,Dust & Ember,96.0,181921,Album,10,True,https://cdn.example.com/covers/048.jpg
2024-04-05,23,Quiet Names,Deja Monroe,88.0,155216,Single,1,True,https://cdn.example.com/covers/090.jpg
2024-04-05,24,Neon Rooms,Bea Whitlock,91.0,178843,Album,18,True,https://cdn.example.com/covers/078.jpg
2024-04-05,25,Electric Bones,Dust & Ember,90.0,169515,Album,10,False,https://cdn.example.com/covers/021.jpg
2024-04-05,26,Velvet Promises,Kira Lindqvist,91.0,204302,Album,8,False,https://cdn.example.com/covers/136.jpg
2024-04-05,27,Hollow Rivers,Bea Whitlock,90.0,208425,Album,9,True,https://cdn.example.com/covers/051.jpg
2024-04-05,28,Velvet Highways,Cold Harbor,91.0,215061,Single,1,True,https://cdn.example.com/covers/133.jpg
2024-04-05,29,Ivory Summers,Saint Avery,90.0,277100,Album,17,True,https://cdn.example.com/covers/058.jpg
2024-04-05,30,Ivory Cities,Dust & Ember,79.0,197153,Album,8,False,https://cdn.example.com/covers/054.jpg
2024-04-05,31,Paper Cities,Velvet Static,85.0,195370,Album,16,False,https://cdn.example.com/covers/081.jpg
2024-04-05,32,Neon Engines,Ruben Castellanos,84.0,245992,Single,1,False,https://cdn.example.com/covers/074.jpg
2024-04-05,33,Silver Machines,The Paper Kites Co.,75.0,155826,Single,1,True,https://cdn.example.com/covers/106.jpg
2024-04-05,34,Sugar Hours,Bea Whitlock,87.0,157479,Single,1,True,https://cdn.example.com/covers/120.jpg
2024-04-05,35,Ashen Rooms,Saint Avery feat. The Paper Kites Co.,81.0,221034,Album,20,True,https://cdn.example.com/covers/006.jpg
2024-04-05,36,Crimson Ghosts,Velvet Static feat. Dust & Ember,83.0,207632,Single,1,False,https://cdn.example.com/covers/018.jpg
2024-04-05,37,Restless Highways,Halcyon Youth,81.0,171215,Single,1,False,https://cdn.example.com/covers/098.jpg
2024-04-05,38,Faded Crowns,Jaxon Frey,81.0,146551,Album,17,True,https://cdn.example.com/covers/029.jpg
2024-04-05,39,Wildflower Names,The Lantern Club feat. Nova Reyes,79.0,178107,Album,11,True,https://cdn.example.com/covers/144.jpg
2024-04-05,40,Silver Letters,Kira Lindqvist,79.0,135608,Single,1,False,https://cdn.example.com/covers/105.jpg
2024-04-05,41,Bitter Signals,Jaxon Frey,76.0,168881,Single,1,False,https://cdn.example.com/covers/014.jpg
2024-04-05,42,Bitter Summers,Ruben Castellanos,76.0,173228,Single,1,True,https://cdn.example.com/covers/015.jpg
2024-04-05,43,Sunlit Highways,Kira Lindqvist,74.0,259501,Album,7,True,https://cdn.example.com/covers/125.jpg
2024-04-05,44,Wildflower Summers,Dust & Ember,80.0,216493,Single,1,True,https://cdn.example.com/covers/147.jpg
2024-04-05,45,Electric Weather,Dust & Ember feat. Milo & The Tides,71.0,135617,Album,11,False,https://cdn.example.com/covers/025.jpg
2024-04-05,46,Sugar Bones,Halcyon Youth,77.0,203420,Album,17,True,https://cdn.example.com/covers/116.jpg
2024-04-05,47,Sugar Cities,Velvet Static,74.0,262484,Single,1,False,https://cdn.example.com/covers/117.jpg
2024-04-05,48,Hollow Summers,Ruben Castellanos,76.0,143513,Single,1,False,https://cdn.example.com/covers/052.jpg
2024-04-05,49,Hollow Vices,Bea Whitlock,70.0,173530,Album,17,False,https://cdn.example.com/covers/053.jpg
2024-04-05,50,Bitter Rooms,Milo & The Tides,72.0,314913,Single,1,True,https://cdn.example.com/covers/013.jpg
2024-04-06,1,Electric Engines,Saint Avery,100.0,208822,Single,1,True,https://cdn.example.com/covers/022.jpg
2024-04-06,2,Faded Cities,Jaxon Frey feat. Nova Reyes,100.0,282662,Album,10,False,https://cdn.example.com/covers/028.jpg
2024-04-06,3,Golden Rooms,Nova Reyes,100.0,174403,Album,20,True,https://cdn.example.com/covers/045.jpg
2024-04-06,4,Restless Daylight,Bea Whitlock feat. Kira Lindqvist,100.0,218322,Album,6,True,https://cdn.example.com/covers/095.jpg
2024-04-06,5,Velvet Vices,Velvet Static,100.0,259460,Single,1,True,https://cdn.example.com/covers/138.jpg
2024-04-06,6,Wildflower Ghosts,Bea Whitlock feat. Halcyon Youth,100.0,203198,Album,7,True,https://cdn.example.com/covers/142.jpg
2024-04-06,7,Silver Hours,Nova Reyes,100.0,228733,Single,1,True,https://cdn.example.com/covers/104.jpg
2024-04-06,8,Electric Lines,Priya Anand feat. Milo & The Tides,100.0,264533,Album,18,False,https://cdn.example.com/covers/023.jpg
2024-04-06,9,Neon Highways,Kira Lindqvist,100.0,257162,Single,1,True,https://cdn.example.com/covers/075.jpg
2024-04-06,10,Faded Summers,The Paper Kites Co.,95.0,238446,Single,1,False,https://cdn.example.com/covers/036.jpg
2024-04-06,11,Sugar Names,Trey Nakamura,100.0,242733,Album,15,True,https://cdn.example.com/covers/121.jpg
2024-04-06,12,Bitter Daylight,Lorna Sky,97.0,223885,Album,16,True,https://cdn.example.com/covers/008.jpg
2024-04-06,13,Sunlit Daylight,Trey Nakamura,99.0,250117,Album,13,False,https://cdn.example.com/covers/124.jpg
2024-04-06,14,Paper Summers,The Lantern Club,99.0,182828,Single,1,False,https://cdn.example.com/covers/087.jpg
2024-04-06,15,Faded Wires,Nova Reyes,99.0,180231,Album,19,False,https://cdn.example.com/covers/039.jpg
2024-04-06,16,Velvet Promises,Kira Lindqvist,97.0,204302,Album,8,False,https://cdn.example.com/covers/136.jpg
2024-04-06,17,Restless Vices,Omar Diallo,96.0,207503,Single,1,False,https://cdn.example.com/covers/101.jpg
2024-04-06,18,Crimson Daylight,Dust & Ember feat. Trey Nakamura,98.0,203830,Album,16,False,https://cdn.example.com/covers/017.jpg
2024-04-06,19,Midnight Summers,The Lantern Club feat. Bea Whitlock,92.0,206872,Album,16,False,https://cdn.example.com/covers/073.jpg
2024-04-06,20,Electric Bones,Dust & Ember,80.0,169515,Album,10,False,https://cdn.example.com/covers/021.jpg
2024-04-06,21,Ivory Weather,Cold Harbor,91.0,141107,Single,1,True,https://cdn.example.com/covers/059.jpg
2024-04-06,22,Velvet Highways,Cold Harbor,95.0,215061,Single,1,True,https://cdn.example.com/covers/133.jpg
2024-04-06,23,Paper Cities,Velvet Static,94.0,195370,Album,16,False,https://cdn.example.com/covers/081.jpg
2024-04-06,24,Silver Machines,The Paper Kites Co.,84.0,155826,Single,1,True,https://cdn.example.com/covers/106.jpg
2024-04-06,25,Quiet Names,Deja Monroe,88.0,155216,Single,1,True,https://cdn.example.com/covers/090.jpg
2024-04-06,26,Neon Engines,Ruben Castellanos,89.0,245992,Single,1,False,https://cdn.example.com/covers/074.jpg
2024-04-06,27,Ivory Letters,Saint Avery,86.0,230277,Single,1,False,https://cdn.example.com/covers/057.jpg
2024-04-06,28,Neon Summers,Dust & Ember feat. Saint Avery,95.0,172623,Single,1,True,https://cdn.example.com/covers/079.jpg
2024-04-06,29,Silver Letters,Kira Lindqvist,88.0,135608,Single,1,False,https://cdn.example.com/covers/105.jpg
2024-04-06,30,Hollow Rivers,Bea Whitlock,85.0,208425,Album,9,True,https://cdn.example.com/covers/051.jpg
2024-04-06,31,Ivory Cities,Dust & Ember,87.0,197153,Album,8,False,https://cdn.example.com/covers/054.jpg
2024-04-06,32,Wildflower Summers,Dust & Ember,84.0,216493,Single,1,True,https://cdn.example.com/covers/147.jpg
2024-04-06,33,Neon Rooms,Bea Whitlock,80.0,178843,Album,18,True,https://cdn.example.com/covers/078.jpg
2024-04-06,34,Sugar Hours,Bea Whitlock,90.0,157479,Single,1,True,https://cdn.example.com/covers/120.jpg
2024-04-06,35,Hollow Ghosts,Dust & Ember,85.0,181921,Album,10,True,https://cdn.example.com/covers/048.jpg
2024-04-06,36,Ivory Summers,Saint Avery,78.0,277100,Album,17,True,https://cdn.example.com/covers/058.jpg
2024-04-06,37,Restless Highways,Halcyon Youth,78.0,171215,Single,1,False,https://cdn.example.com/covers/098.jpg
2024-04-06,38,Ashen Rooms,Saint Avery feat. The Paper Kites Co.,76.0,221034,Album,20,True,https://cdn.example.com/covers/006.jpg
2024-04-06,39,Faded Crowns,Jaxon Frey,81.0,146551,Album,17,True,https://cdn.example.com/covers/029.jpg
2024-04-06,40,Hollow Summers,Ruben Castellanos,76.0,143513,Single,1,False,https://cdn.example.com/covers/052.jpg
2024-04-06,41,Bitter Summers,Ruben Castellanos,74.0,173228,Single,1,True,https://cdn.example.com/covers/015.jpg
2024-04-06,42,Crimson Ghosts,Velvet Static feat. Dust & Ember,77.0,207632,Single,1,False,https://cdn.example.com/covers/018.jpg
2024-04-06,43,Sugar Cities,Velvet Static,70.0,262484,Single,1,False,https://cdn.example.com/covers/117.jpg
2024-04-06,44,Wildflower Names,The Lantern Club feat. Nova Reyes,68.0,178107,Album,11,True,https://cdn.example.com/covers/144.jpg
2024-04-06,45,Sunlit Highways,Kira Lindqvist,74.0,259501,Album,7,True,https://cdn.example.com/covers/125.jpg
2024-04-06,46,Bitter Signals,Jaxon Frey,77.0,168881,Single,1,False,https://cdn.example.com/covers/014.jpg
2024-04-06,47,Sugar Bones,Halcyon Youth,70.0,203420,Album,17,True,https://cdn.example.com/covers/116.jpg
2024-04-06,48,Restless Ghosts,Milo & The Tides,69.0,132699,Single,1,True,https://cdn.example.com/covers/097.jpg
2024-04-06,49,Hollow Vices,Bea Whitlock,74.0,173530,Album,17,False,https://cdn.example.com/covers/053.jpg
2024-04-06,50,Bitter Rooms,Milo & The Tides,74.0,314913,Single,1,True,https://cdn.example.com/covers/013.jpg
2024-04-07,1,Electric Engines,Saint Avery,100.0,208822,Single,1,True,https://cdn.example.com/covers/022.jpg
2024-04-07,2,Faded Cities,Jaxon Frey feat. Nova Reyes,100.0,282662,Album,10,False,https://cdn.example.com/covers/028.jpg
2024-04-07,3,Restless Daylight,Bea Whitlock feat. Kira Lindqvist,100.0,218322,Album,6,True,https://cdn.example.com/covers/095.jpg
2024-04-07,4,Golden Rooms,Nova Reyes,100.0,174403,Album,20,True,https://cdn.example.com/covers/045.jpg
2024-04-07,5,Velvet Vices,Velvet Static,100.0,259460,Single,1,True,https://cdn.example.com/covers/138.jpg
2024-04-07,6,Electric Lines,Priya Anand feat. Milo & The Tides,100.0,264533,Album,18,False,https://cdn.example.com/covers/023.jpg
2024-04-07,7,Wildflower Ghosts,Bea Whitlock feat. Halcyon Youth,100.0,203198,Album,7,True,https://cdn.example.com/covers/142.jpg
2024-04-07,8,Paper Summers,The Lantern Club,96.0,182828,Single,1,False,https://cdn.example.com/covers/087.jpg
2024-04-07,9,Neon Highways,Kira Lindqvist,99.0,257162,Single,1,True,https://cdn.example.com/covers/075.jpg
2024-04-07,10,Silver Hours,Nova Reyes,100.0,228733,Single,1,True,https://cdn.example.com/covers/104.jpg
2024-04-07,11,Faded Summers,The Paper Kites Co.,100.0,238446,Single,1,False,https://cdn.example.com/covers/036.jpg
2024-04-07,12,Restless Vices,Omar Diallo,94.0,207503,Single,1,False,https://cdn.example.com/covers/101.jpg
2024-04-07,13,Bitter Daylight,Lorna Sky,100.0,223885,Album,16,True,https://cdn.example.com/covers/008.jpg
2024-04-07,14,Crimson Daylight,Dust & Ember feat. Trey Nakamura,99.0,203830,Album,16,False,https://cdn.example.com/covers/017.jpg
2024-04-07,15,Electric Bones,Dust & Ember,100.0,169515,Album,10,False,https://cdn.example.com/covers/021.jpg
2024-04-07,16,Sugar Names,Trey Nakamura,100.0,242733,Album,15,True,https://cdn.example.com/covers/121.jpg
2024-04-07,17,Ivory Weather,Cold Harbor,97.0,141107,Single,1,True,https://cdn.example.com/covers/059.jpg
2024-04-07,18,Midnight Summers,The Lantern Club feat. Bea Whitlock,91.0,206872,Album,16,False,https://cdn.example.com/covers/073.jpg
2024-04-07,19,Faded Wires,Nova Reyes,97.0,180231,Album,19,False,https://cdn.example.com/covers/039.jpg
2024-04-07,20,Hollow Rivers,Bea Whitlock,89.0,208425,Album,9,True,https://cdn.example.com/covers/051.jpg
2024-04-07,21,Sunlit Daylight,Trey Nakamura,91.0,250117,Album,13,False,https://cdn.example.com/covers/124.jpg
2024-04-07,22,Quiet Names,Deja Monroe,93.0,155216,Single,1,True,https://cdn.example.com/covers/090.jpg
2024-04-07,23,Neon Summers,Dust & Ember feat. Saint Avery,93.0,172623,Single,1,True,https://cdn.example.com/covers/079.jpg
2024-04-07,24,Silver Machines,The Paper Kites Co.,86.0,155826,Single,1,True,https://cdn.example.com/covers/106.jpg
2024-04-07,25,Paper Cities,Velvet Static,91.0,195370,Album,16,False,https://cdn.example.com/covers/081.jpg
2024-04-07,26,Ivory Letters,Saint Avery,92.0,230277,Single,1,False,https://cdn.example.com/covers/057.jpg
2024-04-07,27,Neon Rooms,Bea Whitlock,90.0,178843,Album,18,True,https://cdn.example.com/covers/078.jpg
2024-04-07,28,Neon Engines,Ruben Castellanos,90.0,245992,Single,1,False,https://cdn.example.com/covers/074.jpg
2024-04-07,29,Crimson Ghosts,Velvet Static feat. Dust & Ember,94.0,207632,Single,1,False,https://cdn.example.com/covers/018.jpg
2024-04-07,30,Velvet Promises,Kira Lindqvist,87.0,204302,Album,8,False,https://cdn.example.com/covers/136.jpg
2024-04-07,31,Hollow Ghosts,Dust & Ember,86.0,181921,Album,10,True,https://cdn.example.com/covers/048.jpg
2024-04-07,32,Restless Highways,Halcyon Youth,81.0,171215,Single,1,False,https://cdn.example.com/covers/098.jpg
2024-04-07,33,Ivory Summers,Saint Avery,85.0,277100,Album,17,True,https://cdn.example.com/covers/058.jpg
2024-04-07,34,Wildflower Summers,Dust & Ember,84.0,216493,Single,1,True,https://cdn.example.com/covers/147.jpg
2024-04-07,35,Silver Letters,Kira Lindqvist,76.0,135608,Single,1,False,https://cdn.example.com/covers/105.jpg
2024-04-07,36,Ivory Cities,Dust & Ember,79.0,197153,Album,8,False,https://cdn.example.com/covers/054.jpg
2024-04-07,37,Velvet Highways,Cold Harbor,78.0,215061,Single,1,True,https://cdn.example.com/covers/133.jpg
2024-04-07,38,Sugar Hours,Bea Whitlock,77.0,157479,Single,1,True,https://cdn.example.com/covers/120.jpg
2024-04-07,39,Bitter Rooms,Milo & The Tides,76.0,314913,Single,1,True,https://cdn.example.com/covers/013.jpg
2024-04-07,40,Faded Crowns,Jaxon Frey,79.0,146551,Album,17,True,https://cdn.example.com/covers/029.jpg
2024-04-07,41,Ashen Rooms,Saint Avery feat. The Paper Kites Co.,81.0,221034,Album,20,True,https://cdn.example.com/covers/006.jpg
2024-04-07,42,Bitter Summers,Ruben Castellanos,79.0,173228,Single,1,True,https://cdn.example.com/covers/015.jpg
2024-04-07,43,Hollow Summers,Ruben Castellanos,77.0,143513,Single,1,False,https://cdn.example.com/covers/052.jpg
2024-04-07,44,Hollow Vices,Bea Whitlock,77.0,173530,Album,17,False,https://cdn.example.com/covers/053.jpg
2024-04-07,45,Sugar Cities,Velvet Static,71.0,262484,Single,1,False,https://cdn.example.com/covers/117.jpg
2024-04-07,46,Bitter Signals,Jaxon Frey,78.0,168881,Single,1,False,https://cdn.example.com/covers/014.jpg
2024-04-07,47,Electric Weather,Dust & Ember feat. Milo & The Tides,73.0,135617,Album,11,False,https://cdn.example.com/covers/025.jpg
2024-04-07,48,Sunlit Highways,Kira Lindqvist,73.0,259501,Album,7,True,https://cdn.example.com/covers/125.jpg
2024-04-07,49,Sugar Bones,Halcyon Youth,69.0,203420,Album,17,True,https://cdn.example.com/covers/116.jpg
2024-04-07,50,Ivory Engines,Nova Reyes,69.0,218049,Album,9,False,https://cdn.example.com/covers/055.jpg
2024-04-08,1,Electric Engines,Saint Avery,100.0,208822,Single,1,True,https://cdn.example.com/covers/022.jpg
2024-04-08,2,Faded Cities,Jaxon Frey feat. Nova Reyes,100.0,282662,Album,10,False,https://cdn.example.com/covers/028.jpg
2024-04-08,3,Restless Daylight,Bea Whitlock feat. Kira Lindqvist,100.0,218322,Album,6,True,https://cdn.example.com/covers/095.jpg
2024-04-08,4,Golden Rooms,Nova Reyes,100.0,174403,Album,20,True,https://cdn.example.com/covers/045.jpg
2024-04-08,5,Electric Lines,Priya Anand feat. Milo & The Tides,100.0,264533,Album,18,False,https://cdn.example.com/covers/023.jpg
2024-04-08,6,Wildflower Ghosts,Bea Whitlock feat. Halcyon Youth,100.0,203198,Album,7,True,https://cdn.example.com/covers/142.jpg
2024-04-08,7,Velvet Vices,Velvet Static,100.0,259460,Single,1,True,https://cdn.example.com/covers/138.jpg
2024-04-08,8,Neon Highways,Kira Lindqvist,100.0,257162,Single,1,True,https://cdn.example.com/covers/075.jpg
2024-04-08,9,Silver Hours,Nova Reyes,100.0,228733,Single,1,True,https://cdn.example.com/covers/104.jpg
2024-04-08,10,Restless Vices,Omar Diallo,96.0,207503,Single,1,False,https://cdn.example.com/covers/101.jpg
2024-04-08,11,Faded Summers,The Paper Kites Co.,100.0,238446,Single,1,False,https://cdn.example.com/covers/036.jpg
2024-04-08,12,Paper Summers,The Lantern Club,96.0,182828,Single,1,False,https://cdn.example.com/covers/087.jpg
2024-04-08,13,Crimson Daylight,  DUST & EMBER FEAT. TREY NAKAMURA,95.0,203830,Album,16,False,https://cdn.example.com/covers/017.jpg
2024-04-08,14,Electric Bones,Dust & Ember,95.0,169515,Album,10,False,https://cdn.example.com/covers/021.jpg
2024-04-08,15,Sugar Names,Trey Nakamura,93.0,242733,Album,15,True,https://cdn.example.com/covers/121.jpg
2024-04-08,16,Neon Summers,Dust & Ember feat. Saint Avery,95.0,172623,Single,1,True,https://cdn.example.com/covers/079.jpg
2024-04-08,17,Quiet Names,Deja Monroe,94.0,155216,Single,1,True,https://cdn.example.com/covers/090.jpg
2024-04-08,18,Midnight Summers,The Lantern Club feat. Bea Whitlock,97.0,206872,Album,16,False,https://cdn.example.com/covers/073.jpg
2024-04-08,19,Faded Wires,Nova Reyes,97.0,180231,Album,19,False,https://cdn.example.com/covers/039.jpg
2024-04-08,20,Ivory Letters,Saint Avery,90.0,230277,Single,1,False,https://cdn.example.com/covers/057.jpg
2024-04-08,21,Ivory Weather,Cold Harbor,,141107,Single,1,True,https://cdn.example.com/covers/059.jpg
2024-04-08,22,Sunlit Daylight,Trey Nakamura,89.0,250117,Album,13,False,https://cdn.example.com/covers/124.jpg
2024-04-08,23,Paper Cities,Velvet Static,87.0,195370,Album,16,False,https://cdn.example.com/covers/081.jpg
2024-04-08,24,Velvet Promises,Kira Lindqvist,89.0,204302,Album,8,False,https://cdn.example.com/covers/136.jpg
2024-04-08,25,Bitter Daylight,Lorna Sky,86.0,223885,Album,16,True,https://cdn.example.com/covers/008.jpg
2024-04-08,26,Silver Letters,Kira Lindqvist,89.0,135608,Single,1,False,https://cdn.example.com/covers/105.jpg
2024-04-08,27,Neon Rooms,Bea Whitlock,82.0,178843,Album,18,True,https://cdn.example.com/covers/078.jpg
2024-04-08,28,Hollow Rivers,Bea Whitlock,88.0,208425,Album,9,True,https://cdn.example.com/covers/051.jpg
2024-04-08,29,Silver Machines,The Paper Kites Co.,86.0,155826,Single,1,True,https://cdn.example.com/covers/106.jpg
2024-04-08,30,Ashen Rooms,Saint Avery feat. The Paper Kites Co.,85.0,221034,Album,20,True,https://cdn.example.com/covers/006.jpg
2024-04-08,31,Ivory Cities,Dust & Ember,82.0,197153,Album,8,False,https://cdn.example.com/covers/054.jpg
2024-04-08,32,Neon Engines,Ruben Castellanos,79.0,245992,Single,1,False,https://cdn.example.com/covers/074.jpg
2024-04-08,33,Ivory Summers,Saint Avery,80.0,277100,Album,17,True,https://cdn.example.com/covers/058.jpg
2024-04-08,34,Hollow Ghosts,Dust & Ember,79.0,181921,Album,10,True,https://cdn.example.com/covers/048.jpg
2024-04-08,35,Bitter Rooms,Milo & The Tides,75.0,314913,Single,1,True,https://cdn.example.com/covers/013.jpg
2024-04-08,36,Velvet Highways,Cold Harbor,78.0,215061,Single,1,True,https://cdn.example.com/covers/133.jpg
2024-04-08,37,Sugar Hours,Bea Whitlock,78.0,157479,Single,1,True,https://cdn.example.com/covers/120.jpg
2024-04-08,38,Sugar Cities,Velvet Static,79.0,262484,Single,1,False,https://cdn.example.com/covers/117.jpg
2024-04-08,39,Hollow Vices,Bea Whitlock,79.0,173530,Album,17,False,https://cdn.example.com/covers/053.jpg
2024-04-08,40,Bitter Signals,Jaxon Frey,81.0,168881,Single,1,False,https://cdn.example.com/covers/014.jpg
2024-04-08,41,Restless Highways,Halcyon Youth,76.0,171215,Single,1,False,https://cdn.example.com/covers/098.jpg
2024-04-08,42,Wildflower Names,The Lantern Club feat. Nova Reyes,77.0,178107,Album,11,True,https://cdn.example.com/covers/144.jpg
2024-04-08,43,Restless Engines,Milo & The Tides feat. The Lantern Club,72.0,181237,Single,1,True,https://cdn.example.com/covers/096.jpg
2024-04-08,44,Faded Crowns,Jaxon Frey,80.0,146551,Album,17,True,https://cdn.example.com/covers/029.jpg
2024-04-08,45,Hollow Summers,Ruben Castellanos,73.0,143513,Single,1,False,https://cdn.example.com/covers/052.jpg
2024-04-08,46,Crimson Ghosts,Velvet Static feat. Dust & Ember,73.0,207632,Single,1,False,https://cdn.example.com/covers/018.jpg
2024-04-08,47,Bitter Summers,Ruben Castellanos,75.0,173228,Single,1,True,https://cdn.example.com/covers/015.jpg
2024-04-08,48,Wildflower Summers,Dust & Ember,71.0,216493,Single,1,True,https://cdn.example.com/covers/147.jpg
2024-04-08,49,Ivory Engines,Nova Reyes,65.0,218049,Album,9,False,https://cdn.example.com/covers/055.jpg
2024-04-08,50,Faded Signals,Deja Monroe,72.0,208865,Album,20,False,https://cdn.example.com/covers/035.jpg
2024-04-09,1,Faded Cities,Jaxon Frey feat. Nova Reyes,100.0,282662,Album,10,False,https://cdn.example.com/covers/028.jpg
2024-04-09,2,Electric Engines,Saint Avery,100.0,208822,Single,1,True,https://cdn.example.com/covers/022.jpg
2024-04-09,3,Restless Daylight,Bea Whitlock feat. Kira Lindqvist,100.0,218322,Album,6,True,https://cdn.example.com/covers/095.jpg
2024-04-09,4,Velvet Vices,Velvet Static,100.0,259460,Single,1,True,https://cdn.example.com/covers/138.jpg
2024-04-09,5,Wildflower Ghosts,Bea Whitlock feat. Halcyon Youth,100.0,203198,Album,7,True,https://cdn.example.com/covers/142.jpg
2024-04-09,6,Electric Lines,Priya Anand feat. Milo & The Tides,98.0,264533,Album,18,False,https://cdn.example.com/covers/023.jpg
2024-04-09,7,Golden Rooms,Nova Reyes,100.0,174403,Album,20,True,https://cdn.example.com/covers/045.jpg
2024-04-09,8,Silver Hours,Nova Reyes,97.0,228733,Single,1,True,https://cdn.example.com/covers/104.jpg
2024-04-09,9,Neon Highways,Kira Lindqvist,98.0,257162,Single,1,True,https://cdn.example.com/covers/075.jpg
2024-04-09,10,Paper Summers,The Lantern Club,99.0,182828,Single,1,False,https://cdn.example.com/covers/087.jpg
2024-04-09,11,Restless Vices,Omar Diallo,100.0,207503,Single,1,False,https://cdn.example.com/covers/101.jpg
2024-04-09,12,Sugar Names,Trey Nakamura,100.0,242733,Album,15,True,https://cdn.example.com/covers/121.jpg
2024-04-09,13,Faded Wires,Nova Reyes,100.0,180231,Album,19,False,https://cdn.example.com/covers/039.jpg
2024-04-09,14,Faded Summers,The Paper Kites Co.,95.0,238446,Single,1,False,https://cdn.example.com/covers/036.jpg
2024-04-09,15,Electric Bones,Dust & Ember,92.0,169515,Album,10,False,https://cdn.example.com/covers/021.jpg
2024-04-09,16,Ivory Weather,Cold Harbor,98.0,141107,Single,1,True,https://cdn.example.com/covers/059.jpg
2024-04-09,17,Neon Engines,Ruben Castellanos,93.0,245992,Single,1,False,https://cdn.example.com/covers/074.jpg
2024-04-09,18,Paper Cities,Velvet Static,95.0,195370,Album,16,False,https://cdn.example.com/covers/081.jpg
2024-04-09,19,Bitter Daylight,Lorna Sky,93.0,223885,Album,16,True,https://cdn.example.com/covers/008.jpg
2024-04-09,20,Sunlit Daylight,Trey Nakamura,88.0,250117,Album,13,False,https://cdn.example.com/covers/124.jpg
2024-04-09,21,Neon Summers,Dust & Ember feat. Saint Avery,86.0,172623,Single,1,True,https://cdn.example.com/covers/079.jpg
2024-04-09,22,Crimson Daylight,Dust & Ember feat. Trey Nakamura,91.0,203830,Album,16,False,https://cdn.example.com/covers/017.jpg
2024-04-09,23,Quiet Names,Deja Monroe,93.0,155216,Single,1,True,https://cdn.example.com/covers/090.jpg
2024-04-09,24,Ivory Letters,Saint Avery,90.0,230277,Single,1,False,https://cdn.example.com/covers/057.jpg
2024-04-09,25,Wildflower Summers,Dust & Ember,88.0,216493,Single,1,True,https://cdn.example.com/covers/147.jpg
2024-04-09,26,Midnight Summers,The Lantern Club feat. Bea Whitlock,89.0,206872,Album,16,False,https://cdn.example.com/covers/073.jpg
2024-04-09,27,Velvet Promises,Kira Lindqvist,88.0,204302,Album,8,False,https://cdn.example.com/covers/136.jpg
2024-04-09,28,Silver Machines,The Paper Kites Co.,89.0,155826,Single,1,True,https://cdn.example.com/covers/106.jpg
2024-04-09,29,Hollow Ghosts,Dust & Ember,94.0,181921,Album,10,True,https://cdn.example.com/covers/048.jpg
2024-04-09,30,Ivory Cities,Dust & Ember,86.0,197153,Album,8,False,https://cdn.example.com/covers/054.jpg
2024-04-09,31,Silver Letters,Kira Lindqvist,88.0,135608,Single,1,False,https://cdn.example.com/covers/105.jpg
2024-04-09,32,Neon Rooms,Bea Whitlock,79.0,178843,Album,18,True,https://cdn.example.com/covers/078.jpg
2024-04-09,33,Ivory Summers,Saint Avery,85.0,277100,Album,17,True,https://cdn.example.com/covers/058.jpg
2024-04-09,34,Sugar Hours,Bea Whitlock,80.0,157479,Single,1,True,https://cdn.example.com/covers/120.jpg
2024-04-09,35,Hollow Rivers,Bea Whitlock,80.0,208425,Album,9,True,https://cdn.example.com/covers/051.jpg
2024-04-09,36,Velvet Highways,Cold Harbor,83.0,215061,Single,1,True,https://cdn.example.com/covers/133.jpg
2024-04-09,37,Bitter Summers,Ruben Castellanos,76.0,173228,Single,1,True,https://cdn.example.com/covers/015.jpg
2024-04-09,38,Sunlit Highways,Kira Lindqvist,86.0,259501,Album,7,True,https://cdn.example.com/covers/125.jpg
2024-04-09,39,Bitter Rooms,Milo & The Tides,78.0,314913,Single,1,True,https://cdn.example.com/covers/013.jpg
2024-04-09,40,Hollow Summers,Ruben Castellanos,75.0,143513,Single,1,False,https://cdn.example.com/covers/052.jpg
2024-04-09,41,Ashen Rooms,Saint Avery feat. The Paper Kites Co.,81.0,221034,Album,20,True,https://cdn.example.com/covers/006.jpg
2024-04-09,42,Restless Highways,Halcyon Youth,76.0,171215,Single,1,False,https://cdn.example.com/covers/098.jpg
2024-04-09,43,Crimson Ghosts,Velvet Static feat. Dust & Ember,75.0,207632,Single,1,False,https://cdn.example.com/covers/018.jpg
2024-04-09,44,Sugar Cities,Velvet Static,76.0,262484,Single,1,False,https://cdn.example.com/covers/117.jpg
2024-04-09,45,Ivory Engines,Nova Reyes,77.0,218049,Album,9,False,https://cdn.example.com/covers/055.jpg
2024-04-09,46,Restless Engines,Milo & The Tides feat. The Lantern Club,76.0,181237,Single,1,True,https://cdn.example.com/covers/096.jpg
2024-04-09,47,Wildflower Names,The Lantern Club feat. Nova Reyes,71.0,178107,Album,11,True,https://cdn.example.com/covers/144.jpg
2024-04-09,48,Faded Signals,Deja Monroe,76.0,208865,Album,20,False,https://cdn.example.com/covers/035.jpg
2024-04-09,49,Bitter Signals,Jaxon Frey,72.0,168881,Single,1,False,https://cdn.example.com/covers/014.jpg
2024-04-09,50,Static Lines,Dust & Ember,69.0,191100,Single,1,True,https://cdn.example.com/covers/112.jpg
2024-04-10,1,Electric Engines,Saint Avery,100.0,208822,Single,1,True,https://cdn.example.com/covers/022.jpg
2024-04-10,2,Faded Cities,Jaxon Frey feat. Nova Reyes,100.0,282662,Album,10,False,https://cdn.example.com/covers/028.jpg
2024-04-10,3,Restless Daylight,Bea Whitlock feat. Kira Lindqvist,100.0,218322,Album,6,True,https://cdn.example.com/covers/095.jpg
2024-04-10,4,Velvet Vices,Velvet Static,100.0,259460,Single,1,True,https://cdn.example.com/covers/138.jpg
2024-04-10,5,Electric Lines,Priya Anand feat. Milo & The Tides,100.0,264533,Album,18,False,https://cdn.example.com/covers/023.jpg
2024-04-10,6,Golden Rooms,Nova Reyes,100.0,174403,Album,20,True,https://cdn.example.com/covers/045.jpg
2024-04-10,7,Neon Highways,Kira Lindqvist,100.0,257162,Single,1,True,https://cdn.example.com/covers/075.jpg
2024-04-10,8,Wildflower Ghosts,Bea Whitlock feat. Halcyon Youth,100.0,203198,Album,7,True,https://cdn.example.com/covers/142.jpg
2024-04-10,9,Faded Summers,The Paper Kites Co.,100.0,238446,Single,1,False,https://cdn.example.com/covers/036.jpg
2024-04-10,10,Silver Hours,Nova Reyes,100.0,228733,Single,1,True,https://cdn.example.com/covers/104.jpg
2024-04-10,11,Paper Summers,The Lantern Club,96.0,182828,Single,1,False,https://cdn.example.com/covers/087.jpg
2024-04-10,12,Electric Bones,Dust & Ember,100.0,169515,Album,10,False,https://cdn.example.com/covers/021.jpg
2024-04-10,13,Faded Wires,Nova Reyes,91.0,180231,Album,19,False,https://cdn.example.com/covers/039.jpg
2024-04-10,14,Restless Vices,Omar Diallo,94.0,207503,Single,1,False,https://cdn.example.com/covers/101.jpg
2024-04-10,15,Crimson Daylight,Dust & Ember feat. Trey Nakamura,98.0,203830,Album,16,False,https://cdn.example.com/covers/017.jpg
2024-04-10,16,Sunlit Daylight,Trey Nakamura,95.0,250117,Album,13,False,https://cdn.example.com/covers/124.jpg
2024-04-10,17,Sugar Names,Trey Nakamura,92.0,242733,Album,15,True,https://cdn.example.com/covers/121.jpg
2024-04-10,18,Ivory Letters,Saint Avery,92.0,230277,Single,1,False,https://cdn.example.com/covers/057.jpg
2024-04-10,19,Bitter Daylight,Lorna Sky,95.0,223885,Album,16,True,https://cdn.example.com/covers/008.jpg
2024-04-10,20,Ivory Weather,Cold Harbor,88.0,141107,Single,1,True,https://cdn.example.com/covers/059.jpg
2024-04-10,21,Midnight Summers,The Lantern Club feat. Bea Whitlock,93.0,206872,Album,16,False,https://cdn.example.com/covers/073.jpg
2024-04-10,22,Paper Cities,Velvet Static,89.0,195370,Album,16,False,https://cdn.example.com/covers/081.jpg
2024-04-10,23,Quiet Names,Deja Monroe,91.0,155216,Single,1,True,https://cdn.example.com/covers/090.jpg
2024-04-10,24,Silver Machines,The Paper Kites Co.,84.0,155826,Single,1,True,https://cdn.example.com/covers/106.jpg
2024-04-10,25,Neon Engines,Ruben Castellanos,84.0,245992,Single,1,False,https://cdn.example.com/covers/074.jpg
2024-04-10,26,Neon Summers,Dust & Ember feat. Saint Avery,81.0,172623,Single,1,True,https://cdn.example.com/covers/079.jpg
2024-04-10,27,Neon Rooms,Bea Whitlock,86.0,178843,Album,18,True,https://cdn.example.com/covers/078.jpg
2024-04-10,28,Hollow Ghosts,Dust & Ember,87.0,181921,Album,10,True,https://cdn.example.com/covers/048.jpg
2024-04-10,29,Velvet Promises,Kira Lindqvist,91.0,204302,Album,8,False,https://cdn.example.com/covers/136.jpg
2024-04-10,30,Hollow Rivers,Bea Whitlock,85.0,208425,Album,9,True,https://cdn.example.com/covers/051.jpg
2024-04-10,31,Wildflower Summers,Dust & Ember,90.0,216493,Single,1,True,https://cdn.example.com/covers/147.jpg
2024-04-10,32,Sugar Hours,Bea Whitlock,80.0,157479,Single,1,True,https://cdn.example.com/covers/120.jpg
2024-04-10,33,Restless Highways,Halcyon Youth,87.0,171215,Single,1,False,https://cdn.example.com/covers/098.jpg
2024-04-10,34,Ashen Rooms,Saint Avery feat. The Paper Kites Co.,82.0,221034,Album,20,True,https://cdn.example.com/covers/006.jpg
2024-04-10,35,Restless Engines,Milo & The Tides feat. The Lantern Club,84.0,181237,Single,1,True,https://cdn.example.com/covers/096.jpg
2024-04-10,36,Bitter Rooms,Milo & The Tides,81.0,314913,Single,1,True,https://cdn.example.com/covers/013.jpg
2024-04-10,37,Ivory Summers,Saint Avery,84.0,277100,Album,17,True,https://cdn.example.com/covers/058.jpg
2024-04-10,38,Ivory Cities,Dust & Ember,82.0,197153,Album,8,False,https://cdn.example.com/covers/054.jpg
2024-04-10,39,Silver Letters,Kira Lindqvist,82.0,135608,Single,1,False,https://cdn.example.com/covers/105.jpg
2024-04-10,40,Bitter Signals,Jaxon Frey,75.0,168881,Single,1,False,https://cdn.example.com/covers/014.jpg
2024-04-10,41,Hollow Vices,Bea Whitlock,73.0,173530,Album,17,False,https://cdn.example.com/covers/053.jpg
2024-04-10,42,Velvet Highways,Cold Harbor,81.0,215061,Single,1,True,https://cdn.example.com/covers/133.jpg
2024-04-10,43,Crimson Ghosts,Velvet Static feat. Dust & Ember,74.0,207632,Single,1,False,https://cdn.example.com/covers/018.jpg
2024-04-10,44,Static Lines,Dust & Ember,75.0,191100,Single,1,True,https://cdn.example.com/covers/112.jpg
2024-04-10,45,Ivory Engines,Nova Reyes,73.0,218049,Album,9,False,https://cdn.example.com/covers/055.jpg
2024-04-10,46,Bitter Summers,Ruben Castellanos,70.0,173228,Single,1,True,https://cdn.example.com/covers/015.jpg
2024-04-10,47,Sugar Bones,Halcyon Youth,72.0,203420,Album,17,True,https://cdn.example.com/covers/116.jpg
2024-04-10,48,Wildflower Names,The Lantern Club feat. Nova Reyes,70.0,178107,Album,11,True,https://cdn.example.com/covers/144.jpg
2024-04-10,49,Hollow Summers,Ruben Castellanos,72.0,143513,Single,1,False,https://cdn.example.com/covers/052.jpg
2024-04-10,50,Velvet Weather,Dust & Ember,70.0,271354,Album,9,False,https://cdn.example.com/covers/139.jpg
2024-04-11,1,Electric Engines,Saint Avery,100.0,208822,Single,1,True,https://cdn.example.com/covers/022.jpg
2024-04-11,2,Restless Daylight,Bea Whitlock feat. Kira Lindqvist,100.0,218322,Album,6,True,https://cdn.example.com/covers/095.jpg
2024-04-11,3,Faded Cities,Jaxon Frey feat. Nova Reyes,100.0,282662,Album,10,False,https://cdn.example.com/covers/028.jpg
2024-04-11,4,Velvet Vices,Velvet Static,100.0,259460,Single,1,True,https://cdn.example.com/covers/138.jpg
2024-04-11,5,Electric Lines,Priya Anand feat. Milo & The Tides,100.0,264533,Album,18,False,https://cdn.example.com/covers/023.jpg
2024-04-11,6,Golden Rooms,Nova Reyes,100.0,174403,Album,20,True,https://cdn.example.com/covers/045.jpg
2024-04-11,7,Wildflower Ghosts,Bea Whitlock feat. Halcyon Youth,100.0,203198,Album,7,True,https://cdn.example.com/covers/142.jpg
2024-04-11,8,Neon Highways,Kira Lindqvist,100.0,257162,Single,1,True,https://cdn.example.com/covers/075.jpg
2024-04-11,9,Paper Summers,The Lantern Club,100.0,182828,Single,1,False,https://cdn.example.com/covers/087.jpg
2024-04-11,10,Restless Vices,Omar Diallo,98.0,207503,Single,1,False,https://cdn.example.com/covers/101.jpg
2024-04-11,11,Faded Summers,The Paper Kites Co.,98.0,238446,Single,1,False,https://cdn.example.com/covers/036.jpg
2024-04-11,12,Silver Hours,Nova Reyes,99.0,228733,Single,1,True,https://cdn.example.com/covers/104.jpg
2024-04-11,13,Sunlit Daylight,Trey Nakamura,98.0,250117,Album,13,False,https://cdn.example.com/covers/124.jpg
2024-04-11,14,Electric Bones,Dust & Ember,92.0,169515,Album,10,False,https://cdn.example.com/covers/021.jpg
2024-04-11,15,Faded Wires,Nova Reyes,98.0,180231,Album,19,False,https://cdn.example.com/covers/039.jpg
2024-04-11,16,Silver Machines,The Paper Kites Co.,94.0,155826,Single,1,True,https://cdn.example.com/covers/106.jpg
2024-04-11,17,Bitter Daylight,Lorna Sky,94.0,223885,Album,16,True,https://cdn.example.com/covers/008.jpg
2024-04-11,18,Sugar Names,Trey Nakamura,99.0,242733,Album,15,True,https://cdn.example.com/covers/121.jpg
2024-04-11,19,Ivory Weather,Cold Harbor,87.0,141107,Single,1,True,https://cdn.example.com/covers/059.jpg
2024-04-11,20,Quiet Names,Deja Monroe,95.0,155216,Single,1,True,https://cdn.example.com/covers/090.jpg
2024-04-11,21,Neon Engines,Ruben Castellanos,90.0,245992,Single,1,False,https://cdn.example.com/covers/074.jpg
2024-04-11,22,Midnight Summers,The Lantern Club feat. Bea Whitlock,95.0,206872,Album,16,False,https://cdn.example.com/covers/073.jpg
2024-04-11,23,Neon Summers,Dust & Ember feat. Saint Avery,89.0,172623,Single,1,True,https://cdn.example.com/covers/079.jpg
2024-04-11,24,Ivory Letters,Saint Avery,91.0,230277,Single,1,False,https://cdn.example.com/covers/057.jpg
2024-04-11,25,Crimson Daylight,Dust & Ember feat. Trey Nakamura,88.0,203830,Album,16,False,https://cdn.example.com/covers/017.jpg
2024-04-11,26,Ivory Summers,Saint Avery,86.0,277100,Album,17,True,https://cdn.example.com/covers/058.jpg
2024-04-11,27,Paper Cities,Velvet Static,93.0,195370,Album,16,False,https://cdn.example.com/covers/081.jpg
2024-04-11,28,Silver Letters,Kira Lindqvist,89.0,135608,Single,1,False,https://cdn.example.com/covers/105.jpg
2024-04-11,29,Velvet Promises,Kira Lindqvist,86.0,204302,Album,8,False,https://cdn.example.com/covers/136.jpg
2024-04-11,30,Neon Rooms,Bea Whitlock,87.0,178843,Album,18,True,https://cdn.example.com/covers/078.jpg
2024-04-11,31,Hollow Ghosts,Dust & Ember,82.0,181921,Album,10,True,https://cdn.example.com/covers/048.jpg
2024-04-11,32,Wildflower Summers,Dust & Ember,83.0,216493,Single,1,True,https://cdn.example.com/covers/147.jpg
2024-04-11,33,Restless Engines,Milo & The Tides feat. The Lantern Club,83.0,181237,Single,1,True,https://cdn.example.com/covers/096.jpg
2024-04-11,34,Restless Highways,Halcyon Youth,85.0,171215,Single,1,False,https://cdn.example.com/covers/098.jpg
2024-04-11,35,Ivory Cities,Dust & Ember,80.0,197153,Album,8,False,https://cdn.example.com/covers/054.jpg
2024-04-11,36,Bitter Rooms,  MILO & THE TIDES,81.0,314913,Single,1,True,https://cdn.example.com/covers/013.jpg
2024-04-11,37,Ashen Rooms,Saint Avery feat. The Paper Kites Co.,81.0,221034,Album,20,True,https://cdn.example.com/covers/006.jpg
2024-04-11,38,Sugar Hours,Bea Whitlock,78.0,157479,Single,1,True,https://cdn.example.com/covers/120.jpg
2024-04-11,39,Hollow Rivers,Bea Whitlock,74.0,208425,Album,9,True,https://cdn.example.com/covers/051.jpg
2024-04-11,40,Hollow Summers,Ruben Castellanos,74.0,143513,Single,1,False,https://cdn.example.com/covers/052.jpg
2024-04-11,41,Static Lines,Dust & Ember,74.0,191100,Single,1,True,https://cdn.example.com/covers/112.jpg
2024-04-11,42,Sunlit Highways,Kira Lindqvist,74.0,259501,Album,7,True,https://cdn.example.com/covers/125.jpg
2024-04-11,43,Ivory Engines,Nova Reyes,74.0,218049,Album,9,False,https://cdn.example.com/covers/055.jpg
2024-04-11,44,Velvet Highways,Cold Harbor,74.0,215061,Single,1,True,https://cdn.example.com/covers/133.jpg
2024-04-11,45,Crimson Ghosts,Velvet Static feat. Dust & Ember,76.0,207632,Single,1,False,https://cdn.example.com/covers/018.jpg
2024-04-11,46,Bitter Signals,Jaxon Frey,74.0,168881,Single,1,False,https://cdn.example.com/covers/014.jpg
2024-04-11,47,Bitter Summers,Ruben Castellanos,76.0,173228,Single,1,True,https://cdn.example.com/covers/015.jpg
2024-04-11,48,Sugar Bones,Halcyon Youth,78.0,203420,Album,17,True,https://cdn.example.com/covers/116.jpg
2024-04-11,49,Wildflower Names,The Lantern Club feat. Nova Reyes,72.0,178107,Album,11,True,https://cdn.example.com/covers/144.jpg
2024-04-11,50,Golden Machines,Omar Diallo,68.0,209334,Single,1,True,https://cdn.example.com/covers/043.jpg
2024-04-12,1,Faded Cities,Jaxon Frey feat. Nova Reyes,100.0,282662,Album,10,False,https://cdn.example.com/covers/028.jpg
2024-04-12,2,Electric Engines,Saint Avery,100.0,208822,Single,1,True,https://cdn.example.com/covers/022.jpg
2024-04-12,3,Restless Daylight,Bea Whitlock feat. Kira Lindqvist,100.0,218322,Album,6,True,https://cdn.example.com/covers/095.jpg
2024-04-12,4,Velvet Vices,Velvet Static,100.0,259460,Single,1,True,https://cdn.example.com/covers/138.jpg
2024-04-12,5,Electric Lines,Priya Anand feat. Milo & The Tides,100.0,264533,Album,18,False,https://cdn.example.com/covers/023.jpg
2024-04-12,6,Golden Rooms,Nova Reyes,100.0,174403,Album,20,True,https://cdn.example.com/covers/045.jpg
2024-04-12,7,Wildflower Ghosts,Bea Whitlock feat. Halcyon Youth,100.0,203198,Album,7,True,https://cdn.example.com/covers/142.jpg
2024-04-12,8,Neon Highways,Kira Lindqvist,96.0,257162,Single,1,True,https://cdn.example.com/covers/075.jpg
2024-04-12,9,Restless Vices,Omar Diallo,100.0,207503,Single,1,False,https://cdn.example.com/covers/101.jpg
2024-04-12,10,Paper Summers,The Lantern Club,99.0,182828,Single,1,False,https://cdn.example.com/covers/087.jpg
2024-04-12,11,Bitter Daylight,Lorna Sky,99.0,223885,Album,16,True,https://cdn.example.com/covers/008.jpg
2024-04-12,12,Neon Engines,Ruben Castellanos,96.0,245992,Single,1,False,https://cdn.example.com/covers/074.jpg
2024-04-12,13,Sugar Names,Trey Nakamura,99.0,242733,Album,15,True,https://cdn.example.com/covers/121.jpg
2024-04-12,14,Faded Wires,Nova Reyes,100.0,180231,Album,19,False,https://cdn.example.com/covers/039.jpg
2024-04-12,15,Faded Summers,The Paper Kites Co.,100.0,238446,Single,1,False,https://cdn.example.com/covers/036.jpg
2024-04-12,16,Silver Hours,Nova Reyes,97.0,228733,Single,1,True,https://cdn.example.com/covers/104.jpg
2024-04-12,17,Crimson Daylight,Dust & Ember feat. Trey Nakamura,98.0,203830,Album,16,False,https://cdn.example.com/covers/017.jpg
2024-04-12,18,Electric Bones,Dust & Ember,94.0,169515,Album,10,False,https://cdn.example.com/covers/021.jpg
2024-04-12,19,Ivory Weather,Cold Harbor,93.0,141107,Single,1,True,https://cdn.example.com/covers/059.jpg
2024-04-12,20,Midnight Summers,The Lantern Club feat. Bea Whitlock,95.0,206872,Album,16,False,https://cdn.example.com/covers/073.jpg
2024-04-12,21,Ivory Letters,Saint Avery,91.0,230277,Single,1,False,https://cdn.example.com/covers/057.jpg
2024-04-12,22,Quiet Names,Deja Monroe,84.0,155216,Single,1,True,https://cdn.example.com/covers/090.jpg
2024-04-12,23,Sunlit Daylight,Trey Nakamura,92.0,250117,Album,13,False,https://cdn.example.com/covers/124.jpg
2024-04-12,24,Silver Machines,The Paper Kites Co.,91.0,155826,Single,1,True,https://cdn.example.com/covers/106.jpg
2024-04-12,25,Restless Engines,Milo & The Tides feat. The Lantern Club,93.0,181237,Single,1,True,https://cdn.example.com/covers/096.jpg
2024-04-12,26,Neon Rooms,Bea Whitlock,91.0,178843,Album,18,True,https://cdn.example.com/covers/078.jpg
2024-04-12,27,Neon Summers,Dust & Ember feat. Saint Avery,86.0,172623,Single,1,True,https://cdn.example.com/covers/079.jpg
2024-04-12,28,Paper Cities,Velvet Static,81.0,195370,Album,16,False,https://cdn.example.com/covers/081.jpg
2024-04-12,29,Ivory Summers,Saint Avery,85.0,277100,Album,17,True,https://cdn.example.com/covers/058.jpg
2024-04-12,30,Sugar Hours,Bea Whitlock,84.0,157479,Single,1,True,https://cdn.example.com/covers/120.jpg
2024-04-12,31,Wildflower Summers,Dust & Ember,89.0,216493,Single,1,True,https://cdn.example.com/covers/147.jpg
2024-04-12,32,Bitter Rooms,Milo & The Tides,82.0,314913,Single,1,True,https://cdn.example.com/covers/013.jpg
2024-04-12,33,Hollow Rivers,Bea Whitlock,83.0,208425,Album,9,True,https://cdn.example.com/covers/051.jpg
2024-04-12,34,Hollow Ghosts,Dust & Ember,85.0,181921,Album,10,True,https://cdn.example.com/covers/048.jpg
2024-04-12,35,Ivory Cities,Dust & Ember,85.0,197153,Album,8,False,https://cdn.example.com/covers/054.jpg
2024-04-12,36,Silver Letters,Kira Lindqvist,79.0,135608,Single,1,False,https://cdn.example.com/covers/105.jpg
2024-04-12,37,Restless Highways,Halcyon Youth,79.0,171215,Single,1,False,https://cdn.example.com/covers/098.jpg
2024-04-12,38,Velvet Promises,Kira Lindqvist,79.0,204302,Album,8,False,https://cdn.example.com/covers/136.jpg
2024-04-12,39,Ashen Rooms,Saint Avery feat. The Paper Kites Co.,79.0,221034,Album,20,True,https://cdn.example.com/covers/006.jpg
2024-04-12,40,Faded Signals,Deja Monroe,80.0,208865,Album,20,False,https://cdn.example.com/covers/035.jpg
2024-04-12,41,Crimson Ghosts,Velvet Static feat. Dust & Ember,73.0,207632,Single,1,False,https://cdn.example.com/covers/018.jpg
2024-04-12,42,Hollow Summers,Ruben Castellanos,78.0,143513,Single,1,False,https://cdn.example.com/covers/052.jpg
2024-04-12,43,Bitter Summers,Ruben Castellanos,78.0,173228,Single,1,True,https://cdn.example.com/covers/015.jpg
2024-04-12,44,Static Lines,Dust & Ember,74.0,191100,Single,1,True,https://cdn.example.com/covers/112.jpg
2024-04-12,45,Sugar Cities,Velvet Static,71.0,262484,Single,1,False,https://cdn.example.com/covers/117.jpg
2024-04-12,46,Paper Engines,Lorna Sky,77.0,202440,Album,18,True,https://cdn.example.com/covers/082.jpg
2024-04-12,47,Ivory Engines,Nova Reyes,70.0,218049,Album,9,False,https://cdn.example.com/covers/055.jpg
2024-04-12,48,Velvet Highways,Cold Harbor,71.0,215061,Single,1,True,https://cdn.example.com/covers/133.jpg
2024-04-12,49,Sunlit Highways,Kira Lindqvist,68.0,259501,Album,7,True,https://cdn.example.com/covers/125.jpg
2024-04-12,50,Faded Crowns,Jaxon Frey,71.0,146551,Album,17,True,https://cdn.example.com/covers/029.jpg
2024-04-13,1,Electric Engines,Saint Avery,100.0,208822,Single,1,True,https://cdn.example.com/covers/022.jpg
2024-04-13,2,Faded Cities,Jaxon Frey feat. Nova Reyes,100.0,282662,Album,10,False,https://cdn.example.com/covers/028.jpg
2024-04-13,3,Restless Daylight,Bea Whitlock feat. Kira Lindqvist,100.0,218322,Album,6,True,https://cdn.example.com/covers/095.jpg
2024-04-13,4,Velvet Vices,Velvet Static,100.0,259460,Single,1,True,https://cdn.example.com/covers/138.jpg
2024-04-13,5,Electric Lines,Priya Anand feat. Milo & The Tides,100.0,264533,Album,18,False,https://cdn.example.com/covers/023.jpg
2024-04-13,6,Neon Highways,Kira Lindqvist,100.0,257162,Single,1,True,https://cdn.example.com/covers/075.jpg
2024-04-13,7,Golden Rooms,Nova Reyes,100.0,174403,Album,20,True,https://cdn.example.com/covers/045.jpg
2024-04-13,8,Faded Summers,The Paper Kites Co.,100.0,238446,Single,1,False,https://cdn.example.com/covers/036.jpg
2024-04-13,9,Wildflower Ghosts,Bea Whitlock feat. Halcyon Youth,100.0,203198,Album,7,True,https://cdn.example.com/covers/142.jpg
2024-04-13,10,Restless Vices,Omar Diallo,99.0,207503,Single,1,False,https://cdn.example.com/covers/101.jpg
2024-04-13,11,Faded Wires,Nova Reyes,96.0,180231,Album,19,False,https://cdn.example.com/covers/039.jpg
2024-04-13,12,Paper Summers,The Lantern Club,98.0,182828,Single,1,False,https://cdn.example.com/covers/087.jpg
2024-04-13,13,Electric Bones,Dust & Ember,96.0,169515,Album,10,False,https://cdn.example.com/covers/021.jpg
2024-04-13,14,Sunlit Daylight,Trey Nakamura,95.0,250117,Album,13,False,https://cdn.example.com/covers/124.jpg
2024-04-13,15,Ivory Weather,Cold Harbor,98.0,141107,Single,1,True,https://cdn.example.com/covers/059.jpg
2024-04-13,16,Silver Hours,Nova Reyes,98.0,228733,Single,1,True,https://cdn.example.com/covers/104.jpg
2024-04-13,17,Bitter Daylight,Lorna Sky,97.0,223885,Album,16,True,https://cdn.example.com/covers/008.jpg
2024-04-13,18,Crimson Daylight,Dust & Ember feat. Trey Nakamura,89.0,203830,Album,16,False,https://cdn.example.com/covers/017.jpg
2024-04-13,19,Sugar Names,Trey Nakamura,96.0,242733,Album,15,True,https://cdn.example.com/covers/121.jpg
2024-04-13,20,Neon Engines,Ruben Castellanos,94.0,245992,Single,1,False,https://cdn.example.com/covers/074.jpg
2024-04-13,21,Midnight Summers,The Lantern Club feat. Bea Whitlock,89.0,206872,Album,16,False,https://cdn.example.com/covers/073.jpg
2024-04-13,22,Silver Machines,The Paper Kites Co.,84.0,155826,Single,1,True,https://cdn.example.com/covers/106.jpg
2024-04-13,23,Quiet Names,Deja Monroe,86.0,155216,Single,1,True,https://cdn.example.com/covers/090.jpg
2024-04-13,24,Bitter Rooms,Milo & The Tides,91.0,314913,Single,1,True,https://cdn.example.com/covers/013.jpg
2024-04-13,25,Ivory Summers,Saint Avery,90.0,277100,Album,17,True,https://cdn.example.com/covers/058.jpg
2024-04-13,26,Ivory Cities,Dust & Ember,87.0,197153,Album,8,False,https://cdn.example.com/covers/054.jpg
2024-04-13,27,Ivory Letters,Saint Avery,87.0,230277,Single,1,False,https://cdn.example.com/covers/057.jpg
2024-04-13,28,Restless Engines,Milo & The Tides feat. The Lantern Club,86.0,181237,Single,1,True,https://cdn.example.com/covers/096.jpg
2024-04-13,29,Paper Cities,Velvet Static,89.0,195370,Album,16,False,https://cdn.example.com/covers/081.jpg
2024-04-13,30,Wildflower Summers,Dust & Ember,79.0,216493,Single,1,True,https://cdn.example.com/covers/147.jpg
2024-04-13,31,Silver Letters,Kira Lindqvist,89.0,135608,Single,1,False,https://cdn.example.com/covers/105.jpg
2024-04-13,32,Neon Rooms,Bea Whitlock,86.0,178843,Album,18,True,https://cdn.example.com/covers/078.jpg
2024-04-13,33,Sugar Hours,Bea Whitlock,84.0,157479,Single,1,True,https://cdn.example.com/covers/120.jpg
2024-04-13,34,Velvet Promises,Kira Lindqvist,82.0,204302,Album,8,False,https://cdn.example.com/covers/136.jpg
2024-04-13,35,Hollow Ghosts,Dust & Ember,78.0,181921,Album,10,True,https://cdn.example.com/covers/048.jpg
2024-04-13,36,Neon Summers,Dust & Ember feat. Saint Avery,77.0,172623,Single,1,True,https://cdn.example.com/covers/079.jpg
2024-04-13,37,Crimson Ghosts,Velvet Static feat. Dust & Ember,77.0,207632,Single,1,False,https://cdn.example.com/covers/018.jpg
2024-04-13,38,Restless Highways,Halcyon Youth,76.0,171215,Single,1,False,https://cdn.example.com/covers/098.jpg
2024-04-13,39,Ashen Rooms,Saint Avery feat. The Paper Kites Co.,82.0,221034,Album,20,True,https://cdn.example.com/covers/006.jpg
2024-04-13,40,Hollow Rivers,Bea Whitlock,75.0,208425,Album,9,True,https://cdn.example.com/covers/051.jpg
2024-04-13,41,Faded Signals,Deja Monroe,77.0,208865,Album,20,False,https://cdn.example.com/covers/035.jpg
2024-04-13,42,Static Lines,Dust & Ember,76.0,191100,Single,1,True,https://cdn.example.com/covers/112.jpg
2024-04-13,43,Hollow Summers,Ruben Castellanos,79.0,143513,Single,1,False,https://cdn.example.com/covers/052.jpg
2024-04-13,44,Ivory Engines,Nova Reyes,81.0,218049,Album,9,False,https://cdn.example.com/covers/055.jpg
2024-04-13,45,Bitter Summers,Ruben Castellanos,71.0,173228,Single,1,True,https://cdn.example.com/covers/015.jpg
2024-04-13,46,Sugar Cities,Velvet Static,74.0,262484,Single,1,False,https://cdn.example.com/covers/117.jpg
2024-04-13,47,Hollow Vices,Bea Whitlock,73.0,173530,Album,17,False,https://cdn.example.com/covers/053.jpg
2024-04-13,48,Paper Highways,Ruben Castellanos feat. Priya Anand,68.0,160395,Single,1,False,https://cdn.example.com/covers/084.jpg
2024-04-13,49,Sugar Bones,Halcyon Youth,69.0,203420,Album,17,True,https://cdn.example.com/covers/116.jpg
2024-04-13,50,Bitter Signals,Jaxon Frey,73.0,168881,Single,1,False,https://cdn.example.com/covers/014.jpg
2024-04-14,1,Restless Daylight,Bea Whitlock feat. Kira Lindqvist,100.0,218322,Album,6,True,https://cdn.example.com/covers/095.jpg
2024-04-14,2,Faded Cities,Jaxon Frey feat. Nova Reyes,100.0,282662,Album,10,False,https://cdn.example.com/covers/028.jpg
2024-04-14,3,Electric Engines,Saint Avery,100.0,208822,Single,1,True,https://cdn.example.com/covers/022.jpg
2024-04-14,4,Electric Lines,Priya Anand feat. Milo & The Tides,100.0,264533,Album,18,False,https://cdn.example.com/covers/023.jpg
2024-04-14,5,Wildflower Ghosts,Bea Whitlock feat. Halcyon Youth,100.0,203198,Album,7,True,https://cdn.example.com/covers/142.jpg
2024-04-14,6,Neon Highways,Kira Lindqvist,100.0,257162,Single,1,True,https://cdn.example.com/covers/075.jpg
2024-04-14,7,Velvet Vices,Velvet Static,100.0,259460,Single,1,True,https://cdn.example.com/covers/138.jpg
2024-04-14,8,Faded Wires,Nova Reyes,100.0,180231,Album,19,False,https://cdn.example.com/covers/039.jpg
2024-04-14,9,Golden Rooms,Nova Reyes,100.0,174403,Album,20,True,https://cdn.example.com/covers/045.jpg
2024-04-14,10,Electric Bones,Dust & Ember,98.0,169515,Album,10,False,https://cdn.example.com/covers/021.jpg
2024-04-14,11,Ivory Weather,Cold Harbor,97.0,141107,Single,1,True,https://cdn.example.com/covers/059.jpg
2024-04-14,12,Faded Summers,The Paper Kites Co.,98.0,238446,Single,1,False,https://cdn.example.com/covers/036.jpg
2024-04-14,13,Paper Summers,The Lantern Club,93.0,182828,Single,1,False,https://cdn.example.com/covers/087.jpg
2024-04-14,14,Restless Vices,Omar Diallo,93.0,207503,Single,1,False,https://cdn.example.com/covers/101.jpg
2024-04-14,15,Midnight Summers,The Lantern Club feat. Bea Whitlock,96.0,206872,Album,16,False,https://cdn.example.com/covers/073.jpg
2024-04-14,16,Quiet Names,Deja Monroe,90.0,155216,Single,1,True,https://cdn.example.com/covers/090.jpg
2024-04-14,17,Neon Engines,Ruben Castellanos,96.0,245992,Single,1,False,https://cdn.example.com/covers/074.jpg
2024-04-14,18,Sunlit Daylight,Trey Nakamura,93.0,250117,Album,13,False,https://cdn.example.com/covers/124.jpg
2024-04-14,19,Bitter Daylight,Lorna Sky,94.0,223885,Album,16,True,https://cdn.example.com/covers/008.jpg
2024-04-14,20,Sugar Names,Trey Nakamura,92.0,242733,Album,15,True,https://cdn.example.com/covers/121.jpg
2024-04-14,21,Silver Hours,Nova Reyes,91.0,228733,Single,1,True,https://cdn.example.com/covers/104.jpg
2024-04-14,22,Ivory Letters,Saint Avery,90.0,230277,Single,1,False,https://cdn.example.com/covers/057.jpg
2024-04-14,23,Bitter Rooms,Milo & The Tides,88.0,314913,Single,1,True,https://cdn.example.com/covers/013.jpg
2024-04-14,24,Silver Machines,The Paper Kites Co.,87.0,155826,Single,1,True,https://cdn.example.com/covers/106.jpg
2024-04-14,25,Paper Cities,Velvet Static,90.0,195370,Album,16,False,https://cdn.example.com/covers/081.jpg
2024-04-14,26,Restless Engines,Milo & The Tides feat. The Lantern Club,86.0,181237,Single,1,True,https://cdn.example.com/covers/096.jpg
2024-04-14,27,Ivory Cities,Dust & Ember,,197153,Album,8,False,https://cdn.example.com/covers/054.jpg
2024-04-14,28,Crimson Daylight,Dust & Ember feat. Trey Nakamura,,203830,Album,16,False,https://cdn.example.com/covers/017.jpg
2024-04-14,29,Neon Rooms,Bea Whitlock,85.0,178843,Album,18,True,https://cdn.example.com/covers/078.jpg
2024-04-14,30,Wildflower Summers,Dust & Ember,85.0,216493,Single,1,True,https://cdn.example.com/covers/147.jpg
2024-04-14,31,Restless Highways,Halcyon Youth,84.0,171215,Single,1,False,https://cdn.example.com/covers/098.jpg
2024-04-14,32,Neon Summers,Dust & Ember feat. Saint Avery,78.0,172623,Single,1,True,https://cdn.example.com/covers/079.jpg
2024-04-14,33,Hollow Summers,Ruben Castellanos,82.0,143513,Single,1,False,https://cdn.example.com/covers/052.jpg
2024-04-14,34,Ivory Summers,Saint Avery,81.0,277100,Album,17,True,https://cdn.example.com/covers/058.jpg
2024-04-14,35,Sugar Hours,Bea Whitlock,87.0,157479,Single,1,True,https://cdn.example.com/covers/120.jpg
2024-04-14,36,Hollow Ghosts,Dust & Ember,76.0,181921,Album,10,True,https://cdn.example.com/covers/048.jpg
2024-04-14,37,Velvet Promises,Kira Lindqvist,74.0,204302,Album,8,False,https://cdn.example.com/covers/136.jpg
2024-04-14,38,Static Lines,Dust & Ember,75.0,191100,Single,1,True,https://cdn.example.com/covers/112.jpg
2024-04-14,39,Crimson Ghosts,Velvet Static feat. Dust & Ember,72.0,207632,Single,1,False,https://cdn.example.com/covers/018.jpg
2024-04-14,40,Ivory Engines,Nova Reyes,77.0,218049,Album,9,False,https://cdn.example.com/covers/055.jpg
2024-04-14,41,Hollow Rivers,Bea Whitlock,73.0,208425,Album,9,True,https://cdn.example.com/covers/051.jpg
2024-04-14,42,Ashen Rooms,Saint Avery feat. The Paper Kites Co.,79.0,221034,Album,20,True,https://cdn.example.com/covers/006.jpg
2024-04-14,43,Bitter Summers,Ruben Castellanos,75.0,173228,Single,1,True,https://cdn.example.com/covers/015.jpg
2024-04-14,44,Silver Letters,Kira Lindqvist,77.0,135608,Single,1,False,https://cdn.example.com/covers/105.jpg
2024-04-14,45,Faded Signals,Deja Monroe,74.0,208865,Album,20,False,https://cdn.example.com/covers/035.jpg
2024-04-14,46,Sugar Cities,Velvet Static,74.0,262484,Single,1,False,https://cdn.example.com/covers/117.jpg
2024-04-14,47,Golden Machines,Omar Diallo,76.0,209334,Single,1,True,https://cdn.example.com/covers/043.jpg
2024-04-14,48,Bitter Signals,Jaxon Frey,71.0,168881,Single,1,False,https://cdn.example.com/covers/014.jpg
2024-04-14,49,Sunlit Highways,Kira Lindqvist,72.0,259501,Album,7,True,https://cdn.example.com/covers/125.jpg
2024-04-14,50,Paper Engines,Lorna Sky,68.0,202440,Album,18,True,https://cdn.example.com/covers/082.jpg
2024-04-15,1,Restless Daylight,Bea Whitlock feat. Kira Lindqvist,100.0,218322,Album,6,True,https://cdn.example.com/covers/095.jpg
2024-04-15,2,Electric Engines,Saint Avery,100.0,208822,Single,1,True,https://cdn.example.com/covers/022.jpg
2024-04-15,3,Faded Cities,Jaxon Frey feat. Nova Reyes,100.0,282662,Album,10,False,https://cdn.example.com/covers/028.jpg
2024-04-15,4,Electric Lines,Priya Anand feat. Milo & The Tides,100.0,264533,Album,18,False,https://cdn.example.com/covers/023.jpg
2024-04-15,5,Wildflower Ghosts,Bea Whitlock feat. Halcyon Youth,100.0,203198,Album,7,True,https://cdn.example.com/covers/142.jpg
2024-04-15,6,Velvet Vices,Velvet Static,100.0,259460,Single,1,True,https://cdn.example.com/covers/138.jpg
2024-04-15,7,Golden Rooms,Nova Reyes,100.0,174403,Album,20,True,https://cdn.example.com/covers/045.jpg
2024-04-15,8,Faded Wires,Nova Reyes,100.0,180231,Album,19,False,https://cdn.example.com/covers/039.jpg
2024-04-15,9,Neon Highways,Kira Lindqvist,100.0,257162,Single,1,True,https://cdn.example.com/covers/075.jpg
2024-04-15,10,Faded Summers,The Paper Kites Co.,93.0,238446,Single,1,False,https://cdn.example.com/covers/036.jpg
2024-04-15,11,Restless Vices,Omar Diallo,99.0,207503,Single,1,False,https://cdn.example.com/covers/101.jpg
2024-04-15,12,Electric Bones,Dust & Ember,98.0,169515,Album,10,False,https://cdn.example.com/covers/021.jpg
2024-04-15,13,Silver Hours,Nova Reyes,98.0,228733,Single,1,True,https://cdn.example.com/covers/104.jpg
2024-04-15,14,Paper Summers,The Lantern Club,100.0,182828,Single,1,False,https://cdn.example.com/covers/087.jpg
2024-04-15,15,Neon Engines,Ruben Castellanos,97.0,245992,Single,1,False,https://cdn.example.com/covers/074.jpg
2024-04-15,16,Bitter Daylight,Lorna Sky,94.0,223885,Album,16,True,https://cdn.example.com/covers/008.jpg
2024-04-15,17,Sunlit Daylight,Trey Nakamura,96.0,250117,Album,13,False,https://cdn.example.com/covers/124.jpg
2024-04-15,18,Ivory Weather,Cold Harbor,96.0,141107,Single,1,True,https://cdn.example.com/covers/059.jpg
2024-04-15,19,Quiet Names,Deja Monroe,90.0,155216,Single,1,True,https://cdn.example.com/covers/090.jpg
2024-04-15,20,Sugar Names,Trey Nakamura,97.0,242733,Album,15,True,https://cdn.example.com/covers/121.jpg
2024-04-15,21,Restless Engines,Milo & The Tides feat. The Lantern Club,88.0,181237,Single,1,True,https://cdn.example.com/covers/096.jpg
2024-04-15,22,Silver Machines,The Paper Kites Co.,90.0,155826,Single,1,True,https://cdn.example.com/covers/106.jpg
2024-04-15,23,Crimson Daylight,Dust & Ember feat. Trey Nakamura,95.0,203830,Album,16,False,https://cdn.example.com/covers/017.jpg
2024-04-15,24,Ivory Cities,Dust & Ember,86.0,197153,Album,8,False,https://cdn.example.com/covers/054.jpg
2024-04-15,25,Paper Cities,Velvet Static,90.0,195370,Album,16,False,https://cdn.example.com/covers/081.jpg
2024-04-15,26,Midnight Summers,The Lantern Club feat. Bea Whitlock,87.0,206872,Album,16,False,https://cdn.example.com/covers/073.jpg
2024-04-15,27,Neon Rooms,Bea Whitlock,85.0,178843,Album,18,True,https://cdn.example.com/covers/078.jpg
2024-04-15,28,Wildflower Summers,Dust & Ember,84.0,216493,Single,1,True,https://cdn.example.com/covers/147.jpg
2024-04-15,29,Ivory Letters,Saint Avery,87.0,230277,Single,1,False,https://cdn.example.com/covers/057.jpg
2024-04-15,30,Silver Letters,Kira Lindqvist,80.0,135608,Single,1,False,https://cdn.example.com/covers/105.jpg
2024-04-15,31,Sugar Hours,Bea Whitlock,79.0,157479,Single,1,True,https://cdn.example.com/covers/120.jpg
2024-04-15,32,Static Lines,Dust & Ember,89.0,191100,Single,1,True,https://cdn.example.com/covers/112.jpg
2024-04-15,33,Restless Highways,Halcyon Youth,83.0,171215,Single,1,False,https://cdn.example.com/covers/098.jpg
2024-04-15,34,Velvet Promises,Kira Lindqvist,90.0,204302,Album,8,False,https://cdn.example.com/covers/136.jpg
2024-04-15,35,Hollow Summers,Ruben Castellanos,79.0,143513,Single,1,False,https://cdn.example.com/covers/052.jpg
2024-04-15,36,Faded Signals,Deja Monroe,75.0,208865,Album,20,False,https://cdn.example.com/covers/035.jpg
2024-04-15,37,Bitter Rooms,Milo & The Tides,76.0,314913,Single,1,True,https://cdn.example.com/covers/013.jpg
2024-04-15,38,Hollow Ghosts,Dust & Ember,79.0,181921,Album,10,True,https://cdn.example.com/covers/048.jpg
2024-04-15,39,Neon Summers,Dust & Ember feat. Saint Avery,76.0,172623,Single,1,True,https://cdn.example.com/covers/079.jpg
2024-04-15,40,Ivory Summers,Saint Avery,75.0,277100,Album,17,True,https://cdn.example.com/covers/058.jpg
2024-04-15,41,Crimson Ghosts,Velvet Static feat. Dust & Ember,78.0,207632,Single,1,False,https://cdn.example.com/covers/018.jpg
2024-04-15,42,Hollow Rivers,Bea Whitlock,76.0,208425,Album,9,True,https://cdn.example.com/covers/051.jpg
2024-04-15,43,Sunlit Highways,Kira Lindqvist,75.0,259501,Album,7,True,https://cdn.example.com/covers/125.jpg
2024-04-15,44,Sugar Cities,Velvet Static,79.0,262484,Single,1,False,https://cdn.example.com/covers/117.jpg
2024-04-15,45,Ivory Engines,Nova Reyes,75.0,218049,Album,9,False,https://cdn.example.com/covers/055.jpg
2024-04-15,46,Ashen Rooms,Saint Avery feat. The Paper Kites Co.,71.0,221034,Album,20,True,https://cdn.example.com/covers/006.jpg
2024-04-15,47,Bitter Signals,Jaxon Frey,74.0,168881,Single,1,False,https://cdn.example.com/covers/014.jpg
2024-04-15,48,Paper Engines,Lorna Sky,71.0,202440,Album,18,True,https://cdn.example.com/covers/082.jpg
2024-04-15,49,Velvet Signals,Jaxon Frey,75.0,248290,Single,1,False,https://cdn.example.com/covers/137.jpg
2024-04-15,50,Bitter Summers,Ruben Castellanos,68.0,173228,Single,1,True,https://cdn.example.com/covers/015.jpg
2024-04-16,1,Electric Engines,Saint Avery,100.0,208822,Single,1,True,https://cdn.example.com/covers/022.jpg
2024-04-16,2,Faded Cities,Jaxon Frey feat. Nova Reyes,100.0,282662,Album,10,False,https://cdn.example.com/covers/028.jpg
2024-04-16,3,Restless Daylight,Bea Whitlock feat. Kira Lindqvist,100.0,218322,Album,6,True,https://cdn.example.com/covers/095.jpg
2024-04-16,4,Electric Lines,Priya Anand feat. Milo & The Tides,100.0,264533,Album,18,False,https://cdn.example.com/covers/023.jpg
2024-04-16,5,Velvet Vices,Velvet Static,100.0,259460,Single,1,True,https://cdn.example.com/covers/138.jpg
2024-04-16,6,Neon Highways,Kira Lindqvist,100.0,257162,Single,1,True,https://cdn.example.com/covers/075.jpg
2024-04-16,7,Wildflower Ghosts,Bea Whitlock feat. Halcyon Youth,100.0,203198,Album,7,True,https://cdn.example.com/covers/142.jpg
2024-04-16,8,Faded Wires,Nova Reyes,100.0,180231,Album,19,False,https://cdn.example.com/covers/039.jpg
2024-04-16,9,Faded Summers,The Paper Kites Co.,94.0,238446,Single,1,False,https://cdn.example.com/covers/036.jpg
2024-04-16,10,Restless Vices,Omar Diallo,97.0,207503,Single,1,False,https://cdn.example.com/covers/101.jpg
2024-04-16,11,Paper Summers,The Lantern Club,100.0,182828,Single,1,False,https://cdn.example.com/covers/087.jpg
2024-04-16,12,Golden Rooms,Nova Reyes,100.0,174403,Album,20,True,https://cdn.example.com/covers/045.jpg
2024-04-16,13,Electric Bones,Dust & Ember,97.0,169515,Album,10,False,https://cdn.example.com/covers/021.jpg
2024-04-16,14,Neon Engines,Ruben Castellanos,98.0,245992,Single,1,False,https://cdn.example.com/covers/074.jpg
2024-04-16,15,Silver Hours,Nova Reyes,94.0,228733,Single,1,True,https://cdn.example.com/covers/104.jpg
2024-04-16,16,Sugar Names,Trey Nakamura,96.0,242733,Album,15,True,https://cdn.example.com/covers/121.jpg
2024-04-16,17,Ivory Weather,Cold Harbor,94.0,141107,Single,1,True,https://cdn.example.com/covers/059.jpg
2024-04-16,18,Sunlit Daylight,Trey Nakamura,93.0,250117,Album,13,False,https://cdn.example.com/covers/124.jpg
2024-04-16,19,Bitter Daylight,Lorna Sky,93.0,223885,Album,16,True,https://cdn.example.com/covers/008.jpg
2024-04-16,20,Restless Engines,Milo & The Tides feat. The Lantern Club,88.0,181237,Single,1,True,https://cdn.example.com/covers/096.jpg
2024-04-16,21,Quiet Names,Deja Monroe,86.0,155216,Single,1,True,https://cdn.example.com/covers/090.jpg
2024-04-16,22,Silver Machines,The Paper Kites Co.,91.0,155826,Single,1,True,https://cdn.example.com/covers/106.jpg
2024-04-16,23,Midnight Summers,The Lantern Club feat. Bea Whitlock,87.0,206872,Album,16,False,https://cdn.example.com/covers/073.jpg
2024-04-16,24,Crimson Daylight,Dust & Ember feat. Trey Nakamura,87.0,203830,Album,16,False,https://cdn.example.com/covers/017.jpg
2024-04-16,25,Neon Rooms,Bea Whitlock,87.0,178843,Album,18,True,https://cdn.example.com/covers/078.jpg
2024-04-16,26,Bitter Rooms,Milo & The Tides,85.0,314913,Single,1,True,https://cdn.example.com/covers/013.jpg
2024-04-16,27,Paper Cities,Velvet Static,84.0,195370,Album,16,False,https://cdn.example.com/covers/081.jpg
2024-04-16,28,Wildflower Summers,Dust & Ember,,216493,Single,1,True,https://cdn.example.com/covers/147.jpg
2024-04-16,29,Ivory Cities,Dust & Ember,,197153,Album,8,False,https://cdn.example.com/covers/054.jpg
2024-04-16,30,Ivory Letters,Saint Avery,84.0,230277,Single,1,False,https://cdn.example.com/covers/057.jpg
2024-04-16,31,Silver Letters,Kira Lindqvist,82.0,135608,Single,1,False,https://cdn.example.com/covers/105.jpg
2024-04-16,32,Static Lines,Dust & Ember,86.0,191100,Single,1,True,https://cdn.example.com/covers/112.jpg
2024-04-16,33,Restless Highways,Halcyon Youth,76.0,171215,Single,1,False,https://cdn.example.com/covers/098.jpg
2024-04-16,34,Crimson Ghosts,Velvet Static feat. Dust & Ember,83.0,207632,Single,1,False,https://cdn.example.com/covers/018.jpg
2024-04-16,35,Hollow Ghosts,Dust & Ember,84.0,181921,Album,10,True,https://cdn.example.com/covers/048.jpg
2024-04-16,36,Faded Signals,Deja Monroe,83.0,208865,Album,20,False,https://cdn.example.com/covers/035.jpg
2024-04-16,37,Hollow Summers,Ruben Castellanos,81.0,143513,Single,1,False,https://cdn.example.com/covers/052.jpg
2024-04-16,38,Sugar Cities,Velvet Static,81.0,262484,Single,1,False,https://cdn.example.com/covers/117.jpg
2024-04-16,39,Ivory Summers,Saint Avery,80.0,277100,Album,17,True,https://cdn.example.com/covers/058.jpg
2024-04-16,40,Neon Summers,Dust & Ember feat. Saint Avery,81.0,172623,Single,1,True,https://cdn.example.com/covers/079.jpg
2024-04-16,41,Velvet Signals,Jaxon Frey,84.0,248290,Single,1,False,https://cdn.example.com/covers/137.jpg
2024-04-16,42,Ashen Rooms,Saint Avery feat. The Paper Kites Co.,77.0,221034,Album,20,True,https://cdn.example.com/covers/006.jpg
2024-04-16,43,Velvet Promises,Kira Lindqvist,76.0,204302,Album,8,False,https://cdn.example.com/covers/136.jpg
2024-04-16,44,Sugar Hours,Bea Whitlock,74.0,157479,Single,1,True,https://cdn.example.com/covers/120.jpg
2024-04-16,45,Sunlit Highways,Kira Lindqvist,76.0,259501,Album,7,True,https://cdn.example.com/covers/125.jpg
2024-04-16,46,Bitter Signals,Jaxon Frey,67.0,168881,Single,1,False,https://cdn.example.com/covers/014.jpg
2024-04-16,47,Paper Engines,Lorna Sky,71.0,202440,Album,18,True,https://cdn.example.com/covers/082.jpg
2024-04-16,48,Hollow Rivers,Bea Whitlock,79.0,208425,Album,9,True,https://cdn.example.com/covers/051.jpg
2024-04-16,49,Ashen Bones,Milo & The Tides feat. Omar Diallo,65.0,143025,Single,1,False,https://cdn.example.com/covers/000.jpg
2024-04-16,50,Golden Machines,Omar Diallo,73.0,209334,Single,1,True,https://cdn.example.com/covers/043.jpg
2024-04-17,1,Restless Daylight,Bea Whitlock feat. Kira Lindqvist,100.0,218322,Album,6,True,https://cdn.example.com/covers/095.jpg
2024-04-17,2,Faded Cities,Jaxon Frey feat. Nova Reyes,100.0,282662,Album,10,False,https://cdn.example.com/covers/028.jpg
2024-04-17,3,Electric Lines,Priya Anand feat. Milo & The Tides,100.0,264533,Album,18,False,https://cdn.example.com/covers/023.jpg
2024-04-17,4,Electric Engines,Saint Avery,100.0,208822,Single,1,True,https://cdn.example.com/covers/022.jpg
2024-04-17,5,Velvet Vices,Velvet Static,100.0,259460,Single,1,True,https://cdn.example.com/covers/138.jpg
2024-04-17,6,Faded Wires,Nova Reyes,100.0,180231,Album,19,False,https://cdn.example.com/covers/039.jpg
2024-04-17,7,Neon Highways,Kira Lindqvist,100.0,257162,Single,1,True,https://cdn.example.com/covers/075.jpg
2024-04-17,8,Wildflower Ghosts,Bea Whitlock feat. Halcyon Youth,100.0,203198,Album,7,True,https://cdn.example.com/covers/142.jpg
2024-04-17,9,Faded Summers,The Paper Kites Co.,94.0,238446,Single,1,False,https://cdn.example.com/covers/036.jpg
2024-04-17,10,Paper Summers,The Lantern Club,99.0,182828,Single,1,False,https://cdn.example.com/covers/087.jpg
2024-04-17,11,Restless Vices,Omar Diallo,96.0,207503,Single,1,False,https://cdn.example.com/covers/101.jpg
2024-04-17,12,Golden Rooms,Nova Reyes,100.0,174403,Album,20,True,https://cdn.example.com/covers/045.jpg
2024-04-17,13,Electric Bones,Dust & Ember,94.0,169515,Album,10,False,https://cdn.example.com/covers/021.jpg
2024-04-17,14,Silver Hours,Nova Reyes,99.0,228733,Single,1,True,https://cdn.example.com/covers/104.jpg
2024-04-17,15,Ivory Weather,Cold Harbor,98.0,141107,Single,1,True,https://cdn.example.com/covers/059.jpg
2024-04-17,16,Sunlit Daylight,Trey Nakamura,92.0,250117,Album,13,False,https://cdn.example.com/covers/124.jpg
2024-04-17,17,Neon Engines,Ruben Castellanos,95.0,245992,Single,1,False,https://cdn.example.com/covers/074.jpg
2024-04-17,18,Sugar Names,Trey Nakamura,99.0,242733,Album,15,True,https://cdn.example.com/covers/121.jpg
2024-04-17,19,Restless Engines,Milo & The Tides feat. The Lantern Club,92.0,181237,Single,1,True,https://cdn.example.com/covers/096.jpg
2024-04-17,20,Ivory Letters,Saint Avery,92.0,230277,Single,1,False,https://cdn.example.com/covers/057.jpg
2024-04-17,21,Quiet Names,Deja Monroe,88.0,155216,Single,1,True,https://cdn.example.com/covers/090.jpg
2024-04-17,22,Restless Highways,Halcyon Youth,94.0,171215,Single,1,False,https://cdn.example.com/covers/098.jpg
2024-04-17,23,Crimson Daylight,Dust & Ember feat. Trey Nakamura,84.0,203830,Album,16,False,https://cdn.example.com/covers/017.jpg
2024-04-17,24,Bitter Daylight,Lorna Sky,90.0,223885,Album,16,True,https://cdn.example.com/covers/008.jpg
2024-04-17,25,Ivory Cities,Dust & Ember,90.0,197153,Album,8,False,https://cdn.example.com/covers/054.jpg
2024-04-17,26,Silver Machines,The Paper Kites Co.,89.0,155826,Single,1,True,https://cdn.example.com/covers/106.jpg
2024-04-17,27,Wildflower Summers,Dust & Ember,90.0,216493,Single,1,True,https://cdn.example.com/covers/147.jpg
2024-04-17,28,Ivory Summers,Saint Avery,85.0,277100,Album,17,True,https://cdn.example.com/covers/058.jpg
2024-04-17,29,Midnight Summers,The Lantern Club feat. Bea Whitlock,83.0,206872,Album,16,False,https://cdn.example.com/covers/073.jpg
2024-04-17,30,Hollow Ghosts,Dust & Ember,89.0,181921,Album,10,True,https://cdn.example.com/covers/048.jpg
2024-04-17,31,Static Lines,Dust & Ember,86.0,191100,Single,1,True,https://cdn.example.com/covers/112.jpg
2024-04-17,32,Bitter Rooms,Milo & The Tides,87.0,314913,Single,1,True,https://cdn.example.com/covers/013.jpg
2024-04-17,33,Sugar Hours,Bea Whitlock,86.0,157479,Single,1,True,https://cdn.example.com/covers/120.jpg
2024-04-17,34,Faded Signals,Deja Monroe,82.0,208865,Album,20,False,https://cdn.example.com/covers/035.jpg
2024-04-17,35,Silver Letters,Kira Lindqvist,79.0,135608,Single,1,False,https://cdn.example.com/covers/105.jpg
2024-04-17,36,Neon Rooms,Bea Whitlock,85.0,178843,Album,18,True,https://cdn.example.com/covers/078.jpg
2024-04-17,37,Hollow Summers,Ruben Castellanos,77.0,143513,Single,1,False,https://cdn.example.com/covers/052.jpg
2024-04-17,38,Neon Summers,Dust & Ember feat. Saint Avery,74.0,172623,Single,1,True,https://cdn.example.com/covers/079.jpg
2024-04-17,39,Paper Cities,Velvet Static,73.0,195370,Album,16,False,https://cdn.example.com/covers/081.jpg
2024-04-17,40,Velvet Signals,Jaxon Frey,77.0,248290,Single,1,False,https://cdn.example.com/covers/137.jpg
2024-04-17,41,Crimson Ghosts,Velvet Static feat. Dust & Ember,81.0,207632,Single,1,False,https://cdn.example.com/covers/018.jpg
2024-04-17,42,Hollow Rivers,Bea Whitlock,78.0,208425,Album,9,True,https://cdn.example.com/covers/051.jpg
2024-04-17,43,Sunlit Highways,Kira Lindqvist,78.0,259501,Album,7,True,https://cdn.example.com/covers/125.jpg
2024-04-17,44,Velvet Promises,Kira Lindqvist,80.0,204302,Album,8,False,https://cdn.example.com/covers/136.jpg
2024-04-17,45,Sugar Cities,Velvet Static,73.0,262484,Single,1,False,https://cdn.example.com/covers/117.jpg
2024-04-17,46,Bitter Signals,Jaxon Frey,69.0,168881,Single,1,False,https://cdn.example.com/covers/014.jpg
2024-04-17,47,Ashen Rooms,Saint Avery feat. The Paper Kites Co.,72.0,221034,Album,20,True,https://cdn.example.com/covers/006.jpg
2024-04-17,48,Paper Engines,Lorna Sky,63.0,202440,Album,18,True,https://cdn.example.com/covers/082.jpg
2024-04-17,49,Ivory Engines,Nova Reyes,69.0,218049,Album,9,False,https://cdn.example.com/covers/055.jpg
2024-04-17,50,Sugar Bones,Halcyon Youth,70.0,203420,Album,17,True,https://cdn.example.com/covers/116.jpg
2024-04-18,1,Faded Cities,Jaxon Frey feat. Nova Reyes,100.0,282662,Album,10,False,https://cdn.example.com/covers/028.jpg
2024-04-18,2,Electric Engines,Saint Avery,100.0,208822,Single,1,True,https://cdn.example.com/covers/022.jpg
2024-04-18,3,Electric Lines,Priya Anand feat. Milo & The Tides,100.0,264533,Album,18,False,https://cdn.example.com/covers/023.jpg
2024-04-18,4,Restless Daylight,Bea Whitlock feat. Kira Lindqvist,100.0,218322,Album,6,True,https://cdn.example.com/covers/095.jpg
2024-04-18,5,Wildflower Ghosts,  BEA WHITLOCK FEAT. HALCYON YOUTH,100.0,203198,Album,7,True,https://cdn.example.com/covers/142.jpg
2024-04-18,6,Velvet Vices,Velvet Static,98.0,259460,Single,1,True,https://cdn.example.com/covers/138.jpg
2024-04-18,7,Faded Summers,The Paper Kites Co.,100.0,238446,Single,1,False,https://cdn.example.com/covers/036.jpg
2024-04-18,8,Neon Highways,Kira Lindqvist,100.0,257162,Single,1,True,https://cdn.example.com/covers/075.jpg
2024-04-18,9,Electric Bones,Dust & Ember,100.0,169515,Album,10,False,https://cdn.example.com/covers/021.jpg
2024-04-18,10,Faded Wires,Nova Reyes,99.0,180231,Album,19,False,https://cdn.example.com/covers/039.jpg
2024-04-18,11,Golden Rooms,Nova Reyes,100.0,174403,Album,20,True,https://cdn.example.com/covers/045.jpg
2024-04-18,12,Paper Summers,The Lantern Club,97.0,182828,Single,1,False,https://cdn.example.com/covers/087.jpg
2024-04-18,13,Neon Engines,Ruben Castellanos,98.0,245992,Single,1,False,https://cdn.example.com/covers/074.jpg
2024-04-18,14,Restless Vices,  OMAR DIALLO,99.0,207503,Single,1,False,https://cdn.example.com/covers/101.jpg
2024-04-18,15,Restless Engines,Milo & The Tides feat. The Lantern Club,94.0,181237,Single,1,True,https://cdn.example.com/covers/096.jpg
2024-04-18,16,Bitter Daylight,Lorna Sky,98.0,223885,Album,16,True,https://cdn.example.com/covers/008.jpg
2024-04-18,17,Quiet Names,Deja Monroe,95.0,155216,Single,1,True,https://cdn.example.com/covers/090.jpg
2024-04-18,18,Silver Machines,The Paper Kites Co.,95.0,155826,Single,1,True,https://cdn.example.com/covers/106.jpg
2024-04-18,19,Ivory Weather,Cold Harbor,90.0,141107,Single,1,True,https://cdn.example.com/covers/059.jpg
2024-04-18,20,Bitter Rooms,Milo & The Tides,86.0,314913,Single,1,True,https://cdn.example.com/covers/013.jpg
2024-04-18,21,Ivory Cities,Dust & Ember,97.0,197153,Album,8,False,https://cdn.example.com/covers/054.jpg
2024-04-18,22,Ivory Letters,Saint Avery,92.0,230277,Single,1,False,https://cdn.example.com/covers/057.jpg
2024-04-18,23,Midnight Summers,The Lantern Club feat. Bea Whitlock,81.0,206872,Album,16,False,https://cdn.example.com/covers/073.jpg
2024-04-18,24,Sugar Names,Trey Nakamura,89.0,242733,Album,15,True,https://cdn.example.com/covers/121.jpg
2024-04-18,25,Sunlit Daylight,Trey Nakamura,88.0,250117,Album,13,False,https://cdn.example.com/covers/124.jpg
2024-04-18,26,Crimson Daylight,Dust & Ember feat. Trey Nakamura,91.0,203830,Album,16,False,https://cdn.example.com/covers/017.jpg
2024-04-18,27,Silver Hours,Nova Reyes,85.0,228733,Single,1,True,https://cdn.example.com/covers/104.jpg
2024-04-18,28,Silver Letters,Kira Lindqvist,89.0,135608,Single,1,False,https://cdn.example.com/covers/105.jpg
2024-04-18,29,Neon Rooms,Bea Whitlock,87.0,178843,Album,18,True,https://cdn.example.com/covers/078.jpg
2024-04-18,30,Wildflower Summers,Dust & Ember,85.0,216493,Single,1,True,https://cdn.example.com/covers/147.jpg
2024-04-18,31,Hollow Summers,Ruben Castellanos,87.0,143513,Single,1,False,https://cdn.example.com/covers/052.jpg
2024-04-18,32,Paper Cities,Velvet Static,83.0,195370,Album,16,False,https://cdn.example.com/covers/081.jpg
2024-04-18,33,Static Lines,Dust & Ember,77.0,191100,Single,1,True,https://cdn.example.com/covers/112.jpg
2024-04-18,34,Faded Signals,Deja Monroe,85.0,208865,Album,20,False,https://cdn.example.com/covers/035.jpg
2024-04-18,35,Sugar Hours,Bea Whitlock,70.0,157479,Single,1,True,https://cdn.example.com/covers/120.jpg
2024-04-18,36,Restless Highways,Halcyon Youth,76.0,171215,Single,1,False,https://cdn.example.com/covers/098.jpg
2024-04-18,37,Hollow Ghosts,Dust & Ember,83.0,181921,Album,10,True,https://cdn.example.com/covers/048.jpg
2024-04-18,38,Ivory Summers,Saint Avery,79.0,277100,Album,17,True,https://cdn.example.com/covers/058.jpg
2024-04-18,39,Crimson Ghosts,Velvet Static feat. Dust & Ember,78.0,207632,Single,1,False,https://cdn.example.com/covers/018.jpg
2024-04-18,40,Neon Summers,Dust & Ember feat. Saint Avery,73.0,172623,Single,1,True,https://cdn.example.com/covers/079.jpg
2024-04-18,41,Sugar Cities,Velvet Static,80.0,262484,Single,1,False,https://cdn.example.com/covers/117.jpg
2024-04-18,42,Ivory Engines,Nova Reyes,73.0,218049,Album,9,False,https://cdn.example.com/covers/055.jpg
2024-04-18,43,Restless Ghosts,Milo & The Tides,74.0,132699,Single,1,True,https://cdn.example.com/covers/097.jpg
2024-04-18,44,Golden Machines,Omar Diallo,77.0,209334,Single,1,True,https://cdn.example.com/covers/043.jpg
2024-04-18,45,Velvet Signals,Jaxon Frey,69.0,248290,Single,1,False,https://cdn.example.com/covers/137.jpg
2024-04-18,46,Wildflower Letters,Omar Diallo,72.0,270093,Single,1,False,https://cdn.example.com/covers/143.jpg
2024-04-18,47,Paper Engines,Lorna Sky,68.0,202440,Album,18,True,https://cdn.example.com/covers/082.jpg
2024-04-18,48,Ashen Rooms,Saint Avery feat. The Paper Kites Co.,73.0,221034,Album,20,True,https://cdn.example.com/covers/006.jpg
2024-04-18,49,Bitter Summers,Ruben Castellanos,78.0,173228,Single,1,True,https://cdn.example.com/covers/015.jpg
2024-04-18,50,Sunlit Highways,Kira Lindqvist,71.0,259501,Album,7,True,https://cdn.example.com/covers/125.jpg
2024-04-19,1,Restless Daylight,Bea Whitlock feat. Kira Lindqvist,100.0,218322,Album,6,True,https://cdn.example.com/covers/095.jpg
2024-04-19,2,Electric Engines,Saint Avery,100.0,208822,Single,1,True,https://cdn.example.com/covers/022.jpg
2024-04-19,3,Faded Cities,Jaxon Frey feat. Nova Reyes,100.0,282662,Album,10,False,https://cdn.example.com/covers/028.jpg
2024-04-19,4,Electric Lines,Priya Anand feat. Milo & The Tides,100.0,264533,Album,18,False,https://cdn.example.com/covers/023.jpg
2024-04-19,5,Neon Highways,Kira Lindqvist,100.0,257162,Single,1,True,https://cdn.example.com/covers/075.jpg
2024-04-19,6,Faded Wires,Nova Reyes,100.0,180231,Album,19,False,https://cdn.example.com/covers/039.jpg
2024-04-19,7,Velvet Vices,Velvet Static,100.0,259460,Single,1,True,https://cdn.example.com/covers/138.jpg
2024-04-19,8,Wildflower Ghosts,Bea Whitlock feat. Halcyon Youth,100.0,203198,Album,7,True,https://cdn.example.com/covers/142.jpg
2024-04-19,9,Electric Bones,Dust & Ember,96.0,169515,Album,10,False,https://cdn.example.com/covers/021.jpg
2024-04-19,10,Golden Rooms,Nova Reyes,96.0,174403,Album,20,True,https://cdn.example.com/covers/045.jpg
2024-04-19,11,Restless Vices,Omar Diallo,99.0,207503,Single,1,False,https://cdn.example.com/covers/101.jpg
2024-04-19,12,Bitter Daylight,Lorna Sky,93.0,223885,Album,16,True,https://cdn.example.com/covers/008.jpg
2024-04-19,13,Faded Summers,The Paper Kites Co.,93.0,238446,Single,1,False,https://cdn.example.com/covers/036.jpg
2024-04-19,14,Neon Engines,Ruben Castellanos,96.0,245992,Single,1,False,https://cdn.example.com/covers/074.jpg
2024-04-19,15,Paper Summers,The Lantern Club,96.0,182828,Single,1,False,https://cdn.example.com/covers/087.jpg
2024-04-19,16,Sunlit Daylight,Trey Nakamura,96.0,250117,Album,13,False,https://cdn.example.com/covers/124.jpg
2024-04-19,17,Bitter Rooms,Milo & The Tides,95.0,314913,Single,1,True,https://cdn.example.com/covers/013.jpg
2024-04-19,18,Ivory Weather,Cold Harbor,97.0,141107,Single,1,True,https://cdn.example.com/covers/059.jpg
2024-04-19,19,Restless Engines,Milo & The Tides feat. The Lantern Club,95.0,181237,Single,1,True,https://cdn.example.com/covers/096.jpg
2024-04-19,20,Quiet Names,Deja Monroe,90.0,155216,Single,1,True,https://cdn.example.com/covers/090.jpg
2024-04-19,21,Static Lines,Dust & Ember,88.0,191100,Single,1,True,https://cdn.example.com/covers/112.jpg
2024-04-19,22,Ivory Cities,Dust & Ember,93.0,197153,Album,8,False,https://cdn.example.com/covers/054.jpg
2024-04-19,23,Silver Hours,Nova Reyes,86.0,228733,Single,1,True,https://cdn.example.com/covers/104.jpg
2024-04-19,24,Faded Signals,Deja Monroe,90.0,208865,Album,20,False,https://cdn.example.com/covers/035.jpg
2024-04-19,25,Ivory Letters,Saint Avery,86.0,230277,Single,1,False,https://cdn.example.com/covers/057.jpg
2024-04-19,26,Crimson Daylight,Dust & Ember feat. Trey Nakamura,83.0,203830,Album,16,False,https://cdn.example.com/covers/017.jpg
2024-04-19,27,Sugar Names,Trey Nakamura,92.0,242733,Album,15,True,https://cdn.example.com/covers/121.jpg
2024-04-19,28,Silver Machines,The Paper Kites Co.,77.0,155826,Single,1,True,https://cdn.example.com/covers/106.jpg
2024-04-19,29,Midnight Summers,The Lantern Club feat. Bea Whitlock,80.0,206872,Album,16,False,https://cdn.example.com/covers/073.jpg
2024-04-19,30,Wildflower Summers,Dust & Ember,91.0,216493,Single,1,True,https://cdn.example.com/covers/147.jpg
2024-04-19,31,Paper Cities,Velvet Static,89.0,195370,Album,16,False,https://cdn.example.com/covers/081.jpg
2024-04-19,32,Neon Rooms,Bea Whitlock,81.0,178843,Album,18,True,https://cdn.example.com/covers/078.jpg
2024-04-19,33,Hollow Summers,Ruben Castellanos,85.0,143513,Single,1,False,https://cdn.example.com/covers/052.jpg
2024-04-19,34,Ivory Summers,Saint Avery,81.0,277100,Album,17,True,https://cdn.example.com/covers/058.jpg
2024-04-19,35,Restless Highways,Halcyon Youth,83.0,171215,Single,1,False,https://cdn.example.com/covers/098.jpg
2024-04-19,36,Silver Letters,Kira Lindqvist,77.0,135608,Single,1,False,https://cdn.example.com/covers/105.jpg
2024-04-19,37,Sugar Hours,Bea Whitlock,82.0,157479,Single,1,True,https://cdn.example.com/covers/120.jpg
2024-04-19,38,Velvet Signals,Jaxon Frey,79.0,248290,Single,1,False,https://cdn.example.com/covers/137.jpg
2024-04-19,39,Neon Summers,Dust & Ember feat. Saint Avery,77.0,172623,Single,1,True,https://cdn.example.com/covers/079.jpg
2024-04-19,40,Hollow Ghosts,Dust & Ember,75.0,181921,Album,10,True,https://cdn.example.com/covers/048.jpg
2024-04-19,41,Crimson Ghosts,Velvet Static feat. Dust & Ember,77.0,207632,Single,1,False,https://cdn.example.com/covers/018.jpg
2024-04-19,42,Sunlit Highways,Kira Lindqvist,80.0,259501,Album,7,True,https://cdn.example.com/covers/125.jpg
2024-04-19,43,Wildflower Letters,Omar Diallo,74.0,270093,Single,1,False,https://cdn.example.com/covers/143.jpg
2024-04-19,44,Ivory Engines,Nova Reyes,76.0,218049,Album,9,False,https://cdn.example.com/covers/055.jpg
2024-04-19,45,Paper Engines,Lorna Sky,73.0,202440,Album,18,True,https://cdn.example.com/covers/082.jpg
2024-04-19,46,Golden Machines,Omar Diallo,74.0,209334,Single,1,True,https://cdn.example.com/covers/043.jpg
2024-04-19,47,Sugar Cities,Velvet Static,76.0,262484,Single,1,False,https://cdn.example.com/covers/117.jpg
2024-04-19,48,Ashen Rooms,Saint Avery feat. The Paper Kites Co.,69.0,221034,Album,20,True,https://cdn.example.com/covers/006.jpg
2024-04-19,49,Bitter Signals,Jaxon Frey,71.0,168881,Single,1,False,https://cdn.example.com/covers/014.jpg
2024-04-19,50,Restless Ghosts,Milo & The Tides,72.0,132699,Single,1,True,https://cdn.example.com/covers/097.jpg
2024-04-20,1,Faded Cities,Jaxon Frey feat. Nova Reyes,100.0,282662,Album,10,False,https://cdn.example.com/covers/028.jpg
2024-04-20,2,Electric Engines,Saint Avery,100.0,208822,Single,1,True,https://cdn.example.com/covers/022.jpg
2024-04-20,3,Restless Daylight,Bea Whitlock feat. Kira Lindqvist,100.0,218322,Album,6,True,https://cdn.example.com/covers/095.jpg
2024-04-20,4,Electric Lines,Priya Anand feat. Milo & The Tides,100.0,264533,Album,18,False,https://cdn.example.com/covers/023.jpg
2024-04-20,5,Velvet Vices,Velvet Static,100.0,259460,Single,1,True,https://cdn.example.com/covers/138.jpg
2024-04-20,6,Wildflower Ghosts,Bea Whitlock feat. Halcyon Youth,100.0,203198,Album,7,True,https://cdn.example.com/covers/142.jpg
2024-04-20,7,Neon Highways,Kira Lindqvist,100.0,257162,Single,1,True,https://cdn.example.com/covers/075.jpg
2024-04-20,8,Electric Bones,Dust & Ember,100.0,169515,Album,10,False,https://cdn.example.com/covers/021.jpg
2024-04-20,9,Faded Wires,Nova Reyes,97.0,180231,Album,19,False,https://cdn.example.com/covers/039.jpg
2024-04-20,10,Faded Summers,The Paper Kites Co.,99.0,238446,Single,1,False,https://cdn.example.com/covers/036.jpg
2024-04-20,11,Neon Engines,Ruben Castellanos,100.0,245992,Single,1,False,https://cdn.example.com/covers/074.jpg
2024-04-20,12,Golden Rooms,Nova Reyes,100.0,174403,Album,20,True,https://cdn.example.com/covers/045.jpg
2024-04-20,13,Paper Summers,The Lantern Club,90.0,182828,Single,1,False,https://cdn.example.com/covers/087.jpg
2024-04-20,14,Restless Engines,Milo & The Tides feat. The Lantern Club,92.0,181237,Single,1,True,https://cdn.example.com/covers/096.jpg
2024-04-20,15,Restless Vices,Omar Diallo,97.0,207503,Single,1,False,https://cdn.example.com/covers/101.jpg
2024-04-20,16,Ivory Weather,Cold Harbor,100.0,141107,Single,1,True,https://cdn.example.com/covers/059.jpg
2024-04-20,17,Sunlit Daylight,Trey Nakamura,95.0,250117,Album,13,False,https://cdn.example.com/covers/124.jpg
2024-04-20,18,Bitter Rooms,Milo & The Tides,95.0,314913,Single,1,True,https://cdn.example.com/covers/013.jpg
2024-04-20,19,Silver Machines,The Paper Kites Co.,90.0,155826,Single,1,True,https://cdn.example.com/covers/106.jpg
2024-04-20,20,Bitter Daylight,Lorna Sky,90.0,223885,Album,16,True,https://cdn.example.com/covers/008.jpg
2024-04-20,21,Wildflower Summers,Dust & Ember,92.0,216493,Single,1,True,https://cdn.example.com/covers/147.jpg
2024-04-20,22,Sugar Names,Trey Nakamura,88.0,242733,Album,15,True,https://cdn.example.com/covers/121.jpg
2024-04-20,23,Crimson Daylight,Dust & Ember feat. Trey Nakamura,93.0,203830,Album,16,False,https://cdn.example.com/covers/017.jpg
2024-04-20,24,Paper Cities,Velvet Static,87.0,195370,Album,16,False,https://cdn.example.com/covers/081.jpg
2024-04-20,25,Quiet Names,Deja Monroe,85.0,155216,Single,1,True,https://cdn.example.com/covers/090.jpg
2024-04-20,26,Ivory Letters,Saint Avery,86.0,230277,Single,1,False,https://cdn.example.com/covers/057.jpg
2024-04-20,27,Midnight Summers,The Lantern Club feat. Bea Whitlock,92.0,206872,Album,16,False,https://cdn.example.com/covers/073.jpg
2024-04-20,28,Ivory Cities,Dust & Ember,84.0,197153,Album,8,False,https://cdn.example.com/covers/054.jpg
2024-04-20,29,Neon Rooms,Bea Whitlock,84.0,178843,Album,18,True,https://cdn.example.com/covers/078.jpg
2024-04-20,30,Restless Highways,Halcyon Youth,84.0,171215,Single,1,False,https://cdn.example.com/covers/098.jpg
2024-04-20,31,Faded Signals,Deja Monroe,86.0,208865,Album,20,False,https://cdn.example.com/covers/035.jpg
2024-04-20,32,Sugar Hours,Bea Whitlock,83.0,157479,Single,1,True,https://cdn.example.com/covers/120.jpg
2024-04-20,33,Ivory Summers,Saint Avery,83.0,277100,Album,17,True,https://cdn.example.com/covers/058.jpg
2024-04-20,34,Static Lines,Dust & Ember,78.0,191100,Single,1,True,https://cdn.example.com/covers/112.jpg
2024-04-20,35,Silver Hours,Nova Reyes,83.0,228733,Single,1,True,https://cdn.example.com/covers/104.jpg
2024-04-20,36,Crimson Ghosts,Velvet Static feat. Dust & Ember,79.0,207632,Single,1,False,https://cdn.example.com/covers/018.jpg
2024-04-20,37,Velvet Signals,Jaxon Frey,79.0,248290,Single,1,False,https://cdn.example.com/covers/137.jpg
2024-04-20,38,Silver Letters,Kira Lindqvist,80.0,135608,Single,1,False,https://cdn.example.com/covers/105.jpg
2024-04-20,39,Ivory Engines,Nova Reyes,82.0,218049,Album,9,False,https://cdn.example.com/covers/055.jpg
2024-04-20,40,Hollow Ghosts,Dust & Ember,75.0,181921,Album,10,True,https://cdn.example.com/covers/048.jpg
2024-04-20,41,Neon Summers,Dust & Ember feat. Saint Avery,79.0,172623,Single,1,True,https://cdn.example.com/covers/079.jpg
2024-04-20,42,Hollow Summers,Ruben Castellanos,79.0,143513,Single,1,False,https://cdn.example.com/covers/052.jpg
2024-04-20,43,Golden Machines,Omar Diallo,76.0,209334,Single,1,True,https://cdn.example.com/covers/043.jpg
2024-04-20,44,Bitter Signals,Jaxon Frey,75.0,168881,Single,1,False,https://cdn.example.com/covers/014.jpg
2024-04-20,45,Paper Engines,Lorna Sky,71.0,202440,Album,18,True,https://cdn.example.com/covers/082.jpg
2024-04-20,46,Wildflower Letters,Omar Diallo,74.0,270093,Single,1,False,https://cdn.example.com/covers/143.jpg
2024-04-20,47,Velvet Promises,Kira Lindqvist,71.0,204302,Album,8,False,https://cdn.example.com/covers/136.jpg
2024-04-20,48,Sugar Bones,Halcyon Youth,71.0,203420,Album,17,True,https://cdn.example.com/covers/116.jpg
2024-04-20,49,Ashen Rooms,Saint Avery feat. The Paper Kites Co.,70.0,221034,Album,20,True,https://cdn.example.com/covers/006.jpg
2024-04-20,50,Bitter Summers,Ruben Castellanos,69.0,173228,Single,1,True,https://cdn.example.com/covers/015.jpg
2024-04-21,1,Faded Cities,Jaxon Frey feat. Nova Reyes,100.0,282662,Album,10,False,https://cdn.example.com/covers/028.jpg
2024-04-21,2,Restless Daylight,Bea Whitlock feat. Kira Lindqvist,100.0,218322,Album,6,True,https://cdn.example.com/covers/095.jpg
2024-04-21,3,Electric Engines,Saint Avery,100.0,208822,Single,1,True,https://cdn.example.com/covers/022.jpg
2024-04-21,4,Velvet Vices,Velvet Static,100.0,259460,Single,1,True,https://cdn.example.com/covers/138.jpg
2024-04-21,5,Electric Lines,Priya Anand feat. Milo & The Tides,100.0,264533,Album,18,False,https://cdn.example.com/covers/023.jpg
2024-04-21,6,Wildflower Ghosts,Bea Whitlock feat. Halcyon Youth,100.0,203198,Album,7,True,https://cdn.example.com/covers/142.jpg
2024-04-21,7,Neon Highways,Kira Lindqvist,100.0,257162,Single,1,True,https://cdn.example.com/covers/075.jpg
2024-04-21,8,Faded Wires,Nova Reyes,100.0,180231,Album,19,False,https://cdn.example.com/covers/039.jpg
2024-04-21,9,Electric Bones,Dust & Ember,100.0,169515,Album,10,False,https://cdn.example.com/covers/021.jpg
2024-04-21,10,Faded Summers,The Paper Kites Co.,96.0,238446,Single,1,False,https://cdn.example.com/covers/036.jpg
2024-04-21,11,Bitter Rooms,Milo & The Tides,94.0,314913,Single,1,True,https://cdn.example.com/covers/013.jpg
2024-04-21,12,Neon Engines,Ruben Castellanos,99.0,245992,Single,1,False,https://cdn.example.com/covers/074.jpg
2024-04-21,13,Restless Vices,Omar Diallo,99.0,207503,Single,1,False,https://cdn.example.com/covers/101.jpg
2024-04-21,14,Golden Rooms,Nova Reyes,98.0,174403,Album,20,True,https://cdn.example.com/covers/045.jpg
2024-04-21,15,Silver Machines,The Paper Kites Co.,97.0,155826,Single,1,True,https://cdn.example.com/covers/106.jpg
2024-04-21,16,Bitter Daylight,Lorna Sky,99.0,223885,Album,16,True,https://cdn.example.com/covers/008.jpg
2024-04-21,17,Ivory Weather,Cold Harbor,100.0,141107,Single,1,True,https://cdn.example.com/covers/059.jpg
2024-04-21,18,Restless Engines,Milo & The Tides feat. The Lantern Club,100.0,181237,Single,1,True,https://cdn.example.com/covers/096.jpg
2024-04-21,19,Paper Summers,The Lantern Club,91.0,182828,Single,1,False,https://cdn.example.com/covers/087.jpg
2024-04-21,20,Faded Signals,Deja Monroe,97.0,208865,Album,20,False,https://cdn.example.com/covers/035.jpg
2024-04-21,21,Sunlit Daylight,Trey Nakamura,90.0,250117,Album,13,False,https://cdn.example.com/covers/124.jpg
2024-04-21,22,Crimson Daylight,Dust & Ember feat. Trey Nakamura,95.0,203830,Album,16,False,https://cdn.example.com/covers/017.jpg
2024-04-21,23,Quiet Names,Deja Monroe,85.0,155216,Single,1,True,https://cdn.example.com/covers/090.jpg
2024-04-21,24,Wildflower Summers,Dust & Ember,92.0,216493,Single,1,True,https://cdn.example.com/covers/147.jpg
2024-04-21,25,Static Lines,  DUST & EMBER,85.0,191100,Single,1,True,https://cdn.example.com/covers/112.jpg
2024-04-21,26,Ivory Letters,Saint Avery,85.0,230277,Single,1,False,https://cdn.example.com/covers/057.jpg
2024-04-21,27,Silver Hours,Nova Reyes,87.0,228733,Single,1,True,https://cdn.example.com/covers/104.jpg
2024-04-21,28,Ivory Cities,Dust & Ember,87.0,197153,Album,8,False,https://cdn.example.com/covers/054.jpg
2024-04-21,29,Neon Rooms,Bea Whitlock,91.0,178843,Album,18,True,https://cdn.example.com/covers/078.jpg
2024-04-21,30,Midnight Summers,The Lantern Club feat. Bea Whitlock,84.0,206872,Album,16,False,https://cdn.example.com/covers/073.jpg
2024-04-21,31,Sugar Names,Trey Nakamura,89.0,242733,Album,15,True,https://cdn.example.com/covers/121.jpg
2024-04-21,32,Sugar Hours,Bea Whitlock,82.0,157479,Single,1,True,https://cdn.example.com/covers/120.jpg
2024-04-21,33,Hollow Summers,Ruben Castellanos,80.0,143513,Single,1,False,https://cdn.example.com/covers/052.jpg
2024-04-21,34,Paper Cities,Velvet Static,88.0,195370,Album,16,False,https://cdn.example.com/covers/081.jpg
2024-04-21,35,Crimson Ghosts,Velvet Static feat. Dust & Ember,84.0,207632,Single,1,False,https://cdn.example.com/covers/018.jpg
2024-04-21,36,Paper Engines,Lorna Sky,83.0,202440,Album,18,True,https://cdn.example.com/covers/082.jpg
2024-04-21,37,Hollow Ghosts,Dust & Ember,76.0,181921,Album,10,True,https://cdn.example.com/covers/048.jpg
2024-04-21,38,Restless Highways,Halcyon Youth,79.0,171215,Single,1,False,https://cdn.example.com/covers/098.jpg
2024-04-21,39,Neon Summers,Dust & Ember feat. Saint Avery,84.0,172623,Single,1,True,https://cdn.example.com/covers/079.jpg
2024-04-21,40,Velvet Signals,Jaxon Frey,77.0,248290,Single,1,False,https://cdn.example.com/covers/137.jpg
2024-04-21,41,Ivory Engines,Nova Reyes,78.0,218049,Album,9,False,https://cdn.example.com/covers/055.jpg
2024-04-21,42,Silver Letters,Kira Lindqvist,80.0,135608,Single,1,False,https://cdn.example.com/covers/105.jpg
2024-04-21,43,Ashen Rooms,Saint Avery feat. The Paper Kites Co.,76.0,221034,Album,20,True,https://cdn.example.com/covers/006.jpg
2024-04-21,44,Ivory Summers,Saint Avery,77.0,277100,Album,17,True,https://cdn.example.com/covers/058.jpg
2024-04-21,45,Static Cities,Bea Whitlock,71.0,202076,Single,1,True,https://cdn.example.com/covers/110.jpg
2024-04-21,46,Bitter Signals,Jaxon Frey,68.0,168881,Single,1,False,https://cdn.example.com/covers/014.jpg
2024-04-21,47,Golden Machines,Omar Diallo,77.0,209334,Single,1,True,https://cdn.example.com/covers/043.jpg
2024-04-21,48,Sunlit Highways,Kira Lindqvist,80.0,259501,Album,7,True,https://cdn.example.com/covers/125.jpg
2024-04-21,49,Wildflower Letters,Omar Diallo,68.0,270093,Single,1,False,https://cdn.example.com/covers/143.jpg
2024-04-21,50,Restless Ghosts,Milo & The Tides,75.0,132699,Single,1,True,https://cdn.example.com/covers/097.jpg
2024-04-22,1,Faded Cities,Jaxon Frey feat. Nova Reyes,,282662,Album,10,False,https://cdn.example.com/covers/028.jpg
2024-04-22,2,Restless Daylight,Bea Whitlock feat. Kira Lindqvist,100.0,218322,Album,6,True,https://cdn.example.com/covers/095.jpg
2024-04-22,3,Electric Engines,Saint Avery,100.0,208822,Single,1,True,https://cdn.example.com/covers/022.jpg
2024-04-22,4,Electric Lines,Priya Anand feat. Milo & The Tides,100.0,264533,Album,18,False,https://cdn.example.com/covers/023.jpg
2024-04-22,5,Neon Highways,Kira Lindqvist,100.0,257162,Single,1,True,https://cdn.example.com/covers/075.jpg
2024-04-22,6,Wildflower Ghosts,Bea Whitlock feat. Halcyon Youth,100.0,203198,Album,7,True,https://cdn.example.com/covers/142.jpg
2024-04-22,7,Faded Wires,Nova Reyes,100.0,180231,Album,19,False,https://cdn.example.com/covers/039.jpg
2024-04-22,8,Velvet Vices,Velvet Static,99.0,259460,Single,1,True,https://cdn.example.com/covers/138.jpg
2024-04-22,9,Neon Engines,Ruben Castellanos,99.0,245992,Single,1,False,https://cdn.example.com/covers/074.jpg
2024-04-22,10,Electric Bones,Dust & Ember,100.0,169515,Album,10,False,https://cdn.example.com/covers/021.jpg
2024-04-22,11,Bitter Rooms,Milo & The Tides,93.0,314913,Single,1,True,https://cdn.example.com/covers/013.jpg
2024-04-22,12,Faded Summers,The Paper Kites Co.,100.0,238446,Single,1,False,https://cdn.example.com/covers/036.jpg
2024-04-22,13,Restless Vices,Omar Diallo,96.0,207503,Single,1,False,https://cdn.example.com/covers/101.jpg
2024-04-22,14,Restless Engines,Milo & The Tides feat. The Lantern Club,99.0,181237,Single,1,True,https://cdn.example.com/covers/096.jpg
2024-04-22,15,Sunlit Daylight,Trey Nakamura,96.0,250117,Album,13,False,https://cdn.example.com/covers/124.jpg
2024-04-22,16,Paper Summers,The Lantern Club,87.0,182828,Single,1,False,https://cdn.example.com/covers/087.jpg
2024-04-22,17,Ivory Weather,Cold Harbor,96.0,141107,Single,1,True,https://cdn.example.com/covers/059.jpg
2024-04-22,18,Golden Rooms,Nova Reyes,95.0,174403,Album,20,True,https://cdn.example.com/covers/045.jpg
2024-04-22,19,Silver Machines,The Paper Kites Co.,93.0,155826,Single,1,True,https://cdn.example.com/covers/106.jpg
2024-04-22,20,Faded Signals,Deja Monroe,94.0,208865,Album,20,False,https://cdn.example.com/covers/035.jpg
2024-04-22,21,Ivory Cities,Dust & Ember,86.0,197153,Album,8,False,https://cdn.example.com/covers/054.jpg
2024-04-22,22,Restless Highways,Halcyon Youth,91.0,171215,Single,1,False,https://cdn.example.com/covers/098.jpg
2024-04-22,23,Bitter Daylight,Lorna Sky,90.0,223885,Album,16,True,https://cdn.example.com/covers/008.jpg
2024-04-22,24,Silver Hours,Nova Reyes,90.0,228733,Single,1,True,https://cdn.example.com/covers/104.jpg
2024-04-22,25,Quiet Names,Deja Monroe,83.0,155216,Single,1,True,https://cdn.example.com/covers/090.jpg
2024-04-22,26,Crimson Daylight,Dust & Ember feat. Trey Nakamura,94.0,203830,Album,16,False,https://cdn.example.com/covers/017.jpg
2024-04-22,27,Sugar Names,Trey Nakamura,90.0,242733,Album,15,True,https://cdn.example.com/covers/121.jpg
2024-04-22,28,Midnight Summers,The Lantern Club feat. Bea Whitlock,89.0,206872,Album,16,False,https://cdn.example.com/covers/073.jpg
2024-04-22,29,Ivory Letters,Saint Avery,88.0,230277,Single,1,False,https://cdn.example.com/covers/057.jpg
2024-04-22,30,Static Lines,Dust & Ember,89.0,191100,Single,1,True,https://cdn.example.com/covers/112.jpg
2024-04-22,31,Hollow Summers,Ruben Castellanos,83.0,143513,Single,1,False,https://cdn.example.com/covers/052.jpg
2024-04-22,32,Neon Rooms,Bea Whitlock,78.0,178843,Album,18,True,https://cdn.example.com/covers/078.jpg
2024-04-22,33,Ivory Engines,Nova Reyes,79.0,218049,Album,9,False,https://cdn.example.com/covers/055.jpg
2024-04-22,34,Paper Cities,Velvet Static,78.0,195370,Album,16,False,https://cdn.example.com/covers/081.jpg
2024-04-22,35,Wildflower Summers,Dust & Ember,84.0,216493,Single,1,True,https://cdn.example.com/covers/147.jpg
2024-04-22,36,Velvet Signals,Jaxon Frey,74.0,248290,Single,1,False,https://cdn.example.com/covers/137.jpg
2024-04-22,37,Sugar Hours,Bea Whitlock,83.0,157479,Single,1,True,https://cdn.example.com/covers/120.jpg
2024-04-22,38,Crimson Ghosts,Velvet Static feat. Dust & Ember,78.0,207632,Single,1,False,https://cdn.example.com/covers/018.jpg
2024-04-22,39,Ivory Summers,Saint Avery,81.0,277100,Album,17,True,https://cdn.example.com/covers/058.jpg
2024-04-22,40,Wildflower Letters,Omar Diallo,78.0,270093,Single,1,False,https://cdn.example.com/covers/143.jpg
2024-04-22,41,Silver Letters,Kira Lindqvist,74.0,135608,Single,1,False,https://cdn.example.com/covers/105.jpg
2024-04-22,42,Paper Engines,Lorna Sky,76.0,202440,Album,18,True,https://cdn.example.com/covers/082.jpg
2024-04-22,43,Hollow Ghosts,Dust & Ember,82.0,181921,Album,10,True,https://cdn.example.com/covers/048.jpg
2024-04-22,44,Golden Machines,Omar Diallo,79.0,209334,Single,1,True,https://cdn.example.com/covers/043.jpg
2024-04-22,45,Bitter Signals,Jaxon Frey,66.0,168881,Single,1,False,https://cdn.example.com/covers/014.jpg
2024-04-22,46,Sunlit Highways,Kira Lindqvist,76.0,259501,Album,7,True,https://cdn.example.com/covers/125.jpg
2024-04-22,47,Neon Summers,Dust & Ember feat. Saint Avery,67.0,172623,Single,1,True,https://cdn.example.com/covers/079.jpg
2024-04-22,48,Quiet Summers,Lorna Sky,74.0,120004,Single,1,False,https://cdn.example.com/covers/092.jpg
2024-04-22,49,Lonely Vices,Trey Nakamura feat. Deja Monroe,67.0,220669,Album,14,False,https://cdn.example.com/covers/066.jpg
2024-04-22,50,Bitter Summers,Ruben Castellanos,72.0,173228,Single,1,True,https://cdn.example.com/covers/015.jpg
2024-04-23,1,Faded Cities,Jaxon Frey feat. Nova Reyes,100.0,282662,Album,10,False,https://cdn.example.com/covers/028.jpg
2024-04-23,2,Restless Daylight,Bea Whitlock feat. Kira Lindqvist,100.0,218322,Album,6,True,https://cdn.example.com/covers/095.jpg
2024-04-23,3,Electric Lines,Priya Anand feat. Milo & The Tides,100.0,264533,Album,18,False,https://cdn.example.com/covers/023.jpg
2024-04-23,4,Electric Engines,Saint Avery,100.0,208822,Single,1,True,https://cdn.example.com/covers/022.jpg
2024-04-23,5,Velvet Vices,Velvet Static,100.0,259460,Single,1,True,https://cdn.example.com/covers/138.jpg
2024-04-23,6,Faded Wires,Nova Reyes,100.0,180231,Album,19,False,https://cdn.example.com/covers/039.jpg
2024-04-23,7,Neon Highways,Kira Lindqvist,100.0,257162,Single,1,True,https://cdn.example.com/covers/075.jpg
2024-04-23,8,Wildflower Ghosts,Bea Whitlock feat. Halcyon Youth,98.0,203198,Album,7,True,https://cdn.example.com/covers/142.jpg
2024-04-23,9,Electric Bones,Dust & Ember,97.0,169515,Album,10,False,https://cdn.example.com/covers/021.jpg
2024-04-23,10,Restless Engines,Milo & The Tides feat. The Lantern Club,100.0,181237,Single,1,True,https://cdn.example.com/covers/096.jpg
2024-04-23,11,Faded Summers,The Paper Kites Co.,100.0,238446,Single,1,False,https://cdn.example.com/covers/036.jpg
2024-04-23,12,Neon Engines,Ruben Castellanos,98.0,245992,Single,1,False,https://cdn.example.com/covers/074.jpg
2024-04-23,13,Golden Rooms,Nova Reyes,98.0,174403,Album,20,True,https://cdn.example.com/covers/045.jpg
2024-04-23,14,Bitter Rooms,Milo & The Tides,95.0,314913,Single,1,True,https://cdn.example.com/covers/013.jpg
2024-04-23,15,Silver Machines,The Paper Kites Co.,93.0,155826,Single,1,True,https://cdn.example.com/covers/106.jpg
2024-04-23,16,Sunlit Daylight,Trey Nakamura,98.0,250117,Album,13,False,https://cdn.example.com/covers/124.jpg
2024-04-23,17,Paper Summers,The Lantern Club,95.0,182828,Single,1,False,https://cdn.example.com/covers/087.jpg
2024-04-23,18,Bitter Daylight,Lorna Sky,95.0,223885,Album,16,True,https://cdn.example.com/covers/008.jpg
2024-04-23,19,Wildflower Summers,Dust & Ember,94.0,216493,Single,1,True,https://cdn.example.com/covers/147.jpg
2024-04-23,20,Restless Vices,Omar Diallo,92.0,207503,Single,1,False,https://cdn.example.com/covers/101.jpg
2024-04-23,21,Faded Signals,Deja Monroe,91.0,208865,Album,20,False,https://cdn.example.com/covers/035.jpg
2024-04-23,22,Ivory Cities,Dust & Ember,89.0,197153,Album,8,False,https://cdn.example.com/covers/054.jpg
2024-04-23,23,Quiet Names,Deja Monroe,89.0,155216,Single,1,True,https://cdn.example.com/covers/090.jpg
2024-04-23,24,Ivory Weather,Cold Harbor,83.0,141107,Single,1,True,https://cdn.example.com/covers/059.jpg
2024-04-23,25,Midnight Summers,The Lantern Club feat. Bea Whitlock,89.0,206872,Album,16,False,https://cdn.example.com/covers/073.jpg
2024-04-23,26,Paper Cities,Velvet Static,83.0,195370,Album,16,False,https://cdn.example.com/covers/081.jpg
2024-04-23,27,Sugar Names,Trey Nakamura,86.0,242733,Album,15,True,https://cdn.example.com/covers/121.jpg
2024-04-23,28,Crimson Daylight,Dust & Ember feat. Trey Nakamura,84.0,203830,Album,16,False,https://cdn.example.com/covers/017.jpg
2024-04-23,29,Ivory Engines,Nova Reyes,83.0,218049,Album,9,False,https://cdn.example.com/covers/055.jpg
2024-04-23,30,Velvet Signals,Jaxon Frey,80.0,248290,Single,1,False,https://cdn.example.com/covers/137.jpg
2024-04-23,31,Restless Highways,Halcyon Youth,83.0,171215,Single,1,False,https://cdn.example.com/covers/098.jpg
2024-04-23,32,Silver Hours,Nova Reyes,81.0,228733,Single,1,True,https://cdn.example.com/covers/104.jpg
2024-04-23,33,Static Lines,Dust & Ember,84.0,191100,Single,1,True,https://cdn.example.com/covers/112.jpg
2024-04-23,34,Hollow Summers,Ruben Castellanos,87.0,143513,Single,1,False,https://cdn.example.com/covers/052.jpg
2024-04-23,35,Crimson Ghosts,Velvet Static feat. Dust & Ember,86.0,207632,Single,1,False,https://cdn.example.com/covers/018.jpg
2024-04-23,36,Neon Rooms,Bea Whitlock,78.0,178843,Album,18,True,https://cdn.example.com/covers/078.jpg
2024-04-23,37,Sugar Cities,Velvet Static,82.0,262484,Single,1,False,https://cdn.example.com/covers/117.jpg
2024-04-23,38,Wildflower Letters,Omar Diallo,81.0,270093,Single,1,False,https://cdn.example.com/covers/143.jpg
2024-04-23,39,Sugar Hours,Bea Whitlock,76.0,157479,Single,1,True,https://cdn.example.com/covers/120.jpg
2024-04-23,40,Ashen Rooms,Saint Avery feat. The Paper Kites Co.,83.0,221034,Album,20,True,https://cdn.example.com/covers/006.jpg
2024-04-23,41,Ivory Letters,Saint Avery,75.0,230277,Single,1,False,https://cdn.example.com/covers/057.jpg
2024-04-23,42,Silver Letters,Kira Lindqvist,74.0,135608,Single,1,False,https://cdn.example.com/covers/105.jpg
2024-04-23,43,Ivory Summers,Saint Avery,72.0,277100,Album,17,True,https://cdn.example.com/covers/058.jpg
2024-04-23,44,Bitter Signals,Jaxon Frey,77.0,168881,Single,1,False,https://cdn.example.com/covers/014.jpg
2024-04-23,45,Hollow Ghosts,Dust & Ember,72.0,181921,Album,10,True,https://cdn.example.com/covers/048.jpg
2024-04-23,46,Neon Summers,Dust & Ember feat. Saint Avery,72.0,172623,Single,1,True,https://cdn.example.com/covers/079.jpg
2024-04-23,47,Quiet Summers,Lorna Sky,74.0,120004,Single,1,False,https://cdn.example.com/covers/092.jpg
2024-04-23,48,Paper Engines,Lorna Sky,72.0,202440,Album,18,True,https://cdn.example.com/covers/082.jpg
2024-04-23,49,Sunlit Highways,Kira Lindqvist,75.0,259501,Album,7,True,https://cdn.example.com/covers/125.jpg
2024-04-23,50,Golden Machines,Omar Diallo,69.0,209334,Single,1,True,https://cdn.example.com/covers/043.jpg
2024-04-24,1,Restless Daylight,Bea Whitlock feat. Kira Lindqvist,100.0,218322,Album,6,True,https://cdn.example.com/covers/095.jpg
2024-04-24,2,Electric Lines,Priya Anand feat. Milo & The Tides,100.0,264533,Album,18,False,https://cdn.example.com/covers/023.jpg
2024-04-24,3,Faded Cities,Jaxon Frey feat. Nova Reyes,100.0,282662,Album,10,False,https://cdn.example.com/covers/028.jpg
2024-04-24,4,Wildflower Ghosts,Bea Whitlock feat. Halcyon Youth,100.0,203198,Album,7,True,https://cdn.example.com/covers/142.jpg
2024-04-24,5,Electric Engines,Saint Avery,100.0,208822,Single,1,True,https://cdn.example.com/covers/022.jpg
2024-04-24,6,Faded Wires,Nova Reyes,99.0,180231,Album,19,False,https://cdn.example.com/covers/039.jpg
2024-04-24,7,Velvet Vices,Velvet Static,100.0,259460,Single,1,True,https://cdn.example.com/covers/138.jpg
2024-04-24,8,Neon Highways,Kira Lindqvist,100.0,257162,Single,1,True,https://cdn.example.com/covers/075.jpg
2024-04-24,9,Electric Bones,Dust & Ember,100.0,169515,Album,10,False,https://cdn.example.com/covers/021.jpg
2024-04-24,10,Neon Engines,Ruben Castellanos,96.0,245992,Single,1,False,https://cdn.example.com/covers/074.jpg
2024-04-24,11,Restless Vices,Omar Diallo,95.0,207503,Single,1,False,https://cdn.example.com/covers/101.jpg
2024-04-24,12,Bitter Rooms,Milo & The Tides,98.0,314913,Single,1,True,https://cdn.example.com/covers/013.jpg
2024-04-24,13,Faded Summers,The Paper Kites Co.,99.0,238446,Single,1,False,https://cdn.example.com/covers/036.jpg
2024-04-24,14,Golden Rooms,Nova Reyes,96.0,174403,Album,20,True,https://cdn.example.com/covers/045.jpg
2024-04-24,15,Restless Engines,Milo & The Tides feat. The Lantern Club,97.0,181237,Single,1,True,https://cdn.example.com/covers/096.jpg
2024-04-24,16,Bitter Daylight,Lorna Sky,91.0,223885,Album,16,True,https://cdn.example.com/covers/008.jpg
2024-04-24,17,Paper Summers,The Lantern Club,100.0,182828,Single,1,False,https://cdn.example.com/covers/087.jpg
2024-04-24,18,Silver Machines,The Paper Kites Co.,87.0,155826,Single,1,True,https://cdn.example.com/covers/106.jpg
2024-04-24,19,Faded Signals,Deja Monroe,90.0,208865,Album,20,False,https://cdn.example.com/covers/035.jpg
2024-04-24,20,Ivory Weather,Cold Harbor,89.0,141107,Single,1,True,https://cdn.example.com/covers/059.jpg
2024-04-24,21,Ivory Cities,Dust & Ember,86.0,197153,Album,8,False,https://cdn.example.com/covers/054.jpg
2024-04-24,22,Sunlit Daylight,Trey Nakamura,87.0,250117,Album,13,False,https://cdn.example.com/covers/124.jpg
2024-04-24,23,Quiet Names,Deja Monroe,94.0,155216,Single,1,True,https://cdn.example.com/covers/090.jpg
2024-04-24,24,Hollow Summers,Ruben Castellanos,91.0,143513,Single,1,False,https://cdn.example.com/covers/052.jpg
2024-04-24,25,Static Lines,Dust & Ember,87.0,191100,Single,1,True,https://cdn.example.com/covers/112.jpg
2024-04-24,26,Midnight Summers,The Lantern Club feat. Bea Whitlock,87.0,206872,Album,16,False,https://cdn.example.com/covers/073.jpg
2024-04-24,27,Ivory Letters,Saint Avery,84.0,230277,Single,1,False,https://cdn.example.com/covers/057.jpg
2024-04-24,28,Wildflower Summers,Dust & Ember,86.0,216493,Single,1,True,https://cdn.example.com/covers/147.jpg
2024-04-24,29,Silver Letters,Kira Lindqvist,88.0,135608,Single,1,False,https://cdn.example.com/covers/105.jpg
2024-04-24,30,Sugar Names,Trey Nakamura,80.0,242733,Album,15,True,https://cdn.example.com/covers/121.jpg
2024-04-24,31,Ivory Engines,Nova Reyes,80.0,218049,Album,9,False,https://cdn.example.com/covers/055.jpg
2024-04-24,32,Restless Highways,Halcyon Youth,85.0,171215,Single,1,False,https://cdn.example.com/covers/098.jpg
2024-04-24,33,Crimson Ghosts,Velvet Static feat. Dust & Ember,80.0,207632,Single,1,False,https://cdn.example.com/covers/018.jpg
2024-04-24,34,Crimson Daylight,Dust & Ember feat. Trey Nakamura,84.0,203830,Album,16,False,https://cdn.example.com/covers/017.jpg
2024-04-24,35,Paper Cities,Velvet Static,86.0,195370,Album,16,False,https://cdn.example.com/covers/081.jpg
2024-04-24,36,Sugar Hours,Bea Whitlock,78.0,157479,Single,1,True,https://cdn.example.com/covers/120.jpg
2024-04-24,37,Velvet Signals,Jaxon Frey,80.0,248290,Single,1,False,https://cdn.example.com/covers/137.jpg
2024-04-24,38,Golden Machines,Omar Diallo,76.0,209334,Single,1,True,https://cdn.example.com/covers/043.jpg
2024-04-24,39,Neon Rooms,Bea Whitlock,77.0,178843,Album,18,True,https://cdn.example.com/covers/078.jpg
2024-04-24,40,Ivory Summers,Saint Avery,82.0,277100,Album,17,True,https://cdn.example.com/covers/058.jpg
2024-04-24,41,Silver Hours,Nova Reyes,74.0,228733,Single,1,True,https://cdn.example.com/covers/104.jpg
2024-04-24,42,Wildflower Letters,Omar Diallo,74.0,270093,Single,1,False,https://cdn.example.com/covers/143.jpg
2024-04-24,43,Paper Engines,Lorna Sky,80.0,202440,Album,18,True,https://cdn.example.com/covers/082.jpg
2024-04-24,44,Neon Summers,Dust & Ember feat. Saint Avery,75.0,172623,Single,1,True,https://cdn.example.com/covers/079.jpg
2024-04-24,45,Quiet Summers,Lorna Sky,70.0,120004,Single,1,False,https://cdn.example.com/covers/092.jpg
2024-04-24,46,Sunlit Highways,Kira Lindqvist,74.0,259501,Album,7,True,https://cdn.example.com/covers/125.jpg
2024-04-24,47,Sugar Cities,Velvet Static,70.0,262484,Single,1,False,https://cdn.example.com/covers/117.jpg
2024-04-24,48,Hollow Ghosts,Dust & Ember,78.0,181921,Album,10,True,https://cdn.example.com/covers/048.jpg
2024-04-24,49,Lonely Vices,Trey Nakamura feat. Deja Monroe,73.0,220669,Album,14,False,https://cdn.example.com/covers/066.jpg
2024-04-24,50,Static Cities,Bea Whitlock,74.0,202076,Single,1,True,https://cdn.example.com/covers/110.jpg
2024-04-25,1,Faded Cities,Jaxon Frey feat. Nova Reyes,100.0,282662,Album,10,False,https://cdn.example.com/covers/028.jpg
2024-04-25,2,Electric Engines,Saint Avery,100.0,208822,Single,1,True,https://cdn.example.com/covers/022.jpg
2024-04-25,3,Restless Daylight,Bea Whitlock feat. Kira Lindqvist,100.0,218322,Album,6,True,https://cdn.example.com/covers/095.jpg
2024-04-25,4,Electric Lines,Priya Anand feat. Milo & The Tides,100.0,264533,Album,18,False,https://cdn.example.com/covers/023.jpg
2024-04-25,5,Faded Wires,Nova Reyes,100.0,180231,Album,19,False,https://cdn.example.com/covers/039.jpg
2024-04-25,6,Neon Highways,Kira Lindqvist,100.0,257162,Single,1,True,https://cdn.example.com/covers/075.jpg
2024-04-25,7,Wildflower Ghosts,Bea Whitlock feat. Halcyon Youth,100.0,203198,Album,7,True,https://cdn.example.com/covers/142.jpg
2024-04-25,8,Velvet Vices,Velvet Static,100.0,259460,Single,1,True,https://cdn.example.com/covers/138.jpg
2024-04-25,9,Electric Bones,Dust & Ember,100.0,169515,Album,10,False,https://cdn.example.com/covers/021.jpg
2024-04-25,10,Bitter Rooms,Milo & The Tides,97.0,314913,Single,1,True,https://cdn.example.com/covers/013.jpg
2024-04-25,11,Faded Summers,The Paper Kites Co.,100.0,238446,Single,1,False,https://cdn.example.com/covers/036.jpg
2024-04-25,12,Neon Engines,Ruben Castellanos,98.0,245992,Single,1,False,https://cdn.example.com/covers/074.jpg
2024-04-25,13,Silver Machines,The Paper Kites Co.,96.0,155826,Single,1,True,https://cdn.example.com/covers/106.jpg
2024-04-25,14,Restless Engines,Milo & The Tides feat. The Lantern Club,92.0,181237,Single,1,True,https://cdn.example.com/covers/096.jpg
2024-04-25,15,Restless Vices,Omar Diallo,95.0,207503,Single,1,False,https://cdn.example.com/covers/101.jpg
2024-04-25,16,Paper Summers,The Lantern Club,99.0,182828,Single,1,False,https://cdn.example.com/covers/087.jpg
2024-04-25,17,Golden Rooms,Nova Reyes,94.0,174403,Album,20,True,https://cdn.example.com/covers/045.jpg
2024-04-25,18,Ivory Weather,Cold Harbor,90.0,141107,Single,1,True,https://cdn.example.com/covers/059.jpg
2024-04-25,19,Sunlit Daylight,Trey Nakamura,92.0,250117,Album,13,False,https://cdn.example.com/covers/124.jpg
2024-04-25,20,Faded Signals,Deja Monroe,92.0,208865,Album,20,False,https://cdn.example.com/covers/035.jpg
2024-04-25,21,Ivory Cities,Dust & Ember,92.0,197153,Album,8,False,https://cdn.example.com/covers/054.jpg
2024-04-25,22,Bitter Daylight,Lorna Sky,94.0,223885,Album,16,True,https://cdn.example.com/covers/008.jpg
2024-04-25,23,Quiet Names,Deja Monroe,88.0,155216,Single,1,True,https://cdn.example.com/covers/090.jpg
2024-04-25,24,Velvet Signals,Jaxon Frey,86.0,248290,Single,1,False,https://cdn.example.com/covers/137.jpg
2024-04-25,25,Static Lines,Dust & Ember,83.0,191100,Single,1,True,https://cdn.example.com/covers/112.jpg
2024-04-25,26,Neon Rooms,Bea Whitlock,85.0,178843,Album,18,True,https://cdn.example.com/covers/078.jpg
2024-04-25,27,Wildflower Summers,Dust & Ember,83.0,216493,Single,1,True,https://cdn.example.com/covers/147.jpg
2024-04-25,28,Sugar Hours,Bea Whitlock,85.0,157479,Single,1,True,https://cdn.example.com/covers/120.jpg
2024-04-25,29,Paper Cities,Velvet Static,82.0,195370,Album,16,False,https://cdn.example.com/covers/081.jpg
2024-04-25,30,Midnight Summers,The Lantern Club feat. Bea Whitlock,89.0,206872,Album,16,False,https://cdn.example.com/covers/073.jpg
2024-04-25,31,Ivory Engines,Nova Reyes,86.0,218049,Album,9,False,https://cdn.example.com/covers/055.jpg
2024-04-25,32,Ivory Letters,Saint Avery,78.0,230277,Single,1,False,https://cdn.example.com/covers/057.jpg
2024-04-25,33,Sugar Names,Trey Nakamura,80.0,242733,Album,15,True,https://cdn.example.com/covers/121.jpg
2024-04-25,34,Ivory Summers,Saint Avery,84.0,277100,Album,17,True,https://cdn.example.com/covers/058.jpg
2024-04-25,35,Crimson Ghosts,Velvet Static feat. Dust & Ember,80.0,207632,Single,1,False,https://cdn.example.com/covers/018.jpg
2024-04-25,36,Silver Hours,Nova Reyes,79.0,228733,Single,1,True,https://cdn.example.com/covers/104.jpg
2024-04-25,37,Crimson Daylight,Dust & Ember feat. Trey Nakamura,83.0,203830,Album,16,False,https://cdn.example.com/covers/017.jpg
2024-04-25,38,Hollow Summers,Ruben Castellanos,79.0,143513,Single,1,False,https://cdn.example.com/covers/052.jpg
2024-04-25,39,Restless Highways,Halcyon Youth,80.0,171215,Single,1,False,https://cdn.example.com/covers/098.jpg
2024-04-25,40,Silver Letters,Kira Lindqvist,76.0,135608,Single,1,False,https://cdn.example.com/covers/105.jpg
2024-04-25,41,Wildflower Letters,Omar Diallo,74.0,270093,Single,1,False,https://cdn.example.com/covers/143.jpg
2024-04-25,42,Static Cities,Bea Whitlock,77.0,202076,Single,1,True,https://cdn.example.com/covers/110.jpg
2024-04-25,43,Paper Engines,Lorna Sky,80.0,202440,Album,18,True,https://cdn.example.com/covers/082.jpg
2024-04-25,44,Sunlit Highways,Kira Lindqvist,75.0,259501,Album,7,True,https://cdn.example.com/covers/125.jpg
2024-04-25,45,Quiet Summers,Lorna Sky,79.0,120004,Single,1,False,https://cdn.example.com/covers/092.jpg
2024-04-25,46,Hollow Ghosts,Dust & Ember,73.0,181921,Album,10,True,https://cdn.example.com/covers/048.jpg
2024-04-25,47,Ashen Rooms,Saint Avery feat. The Paper Kites Co.,77.0,221034,Album,20,True,https://cdn.example.com/covers/006.jpg
2024-04-25,48,Golden Machines,Omar Diallo,71.0,209334,Single,1,True,https://cdn.example.com/covers/043.jpg
2024-04-25,49,Neon Summers,Dust & Ember feat. Saint Avery,67.0,172623,Single,1,True,https://cdn.example.com/covers/079.jpg
2024-04-25,50,Lonely Vices,Trey Nakamura feat. Deja Monroe,71.0,220669,Album,14,False,https://cdn.example.com/covers/066.jpg
2024-04-26,1,Faded Cities,Jaxon Frey feat. Nova Reyes,100.0,282662,Album,10,False,https://cdn.example.com/covers/028.jpg
2024-04-26,2,Restless Daylight,Bea Whitlock feat. Kira Lindqvist,100.0,218322,Album,6,True,https://cdn.example.com/covers/095.jpg
2024-04-26,3,Electric Engines,Saint Avery,100.0,208822,Single,1,True,https://cdn.example.com/covers/022.jpg
2024-04-26,4,Electric Lines,Priya Anand feat. Milo & The Tides,100.0,264533,Album,18,False,https://cdn.example.com/covers/023.jpg
2024-04-26,5,Neon Highways,Kira Lindqvist,100.0,257162,Single,1,True,https://cdn.example.com/covers/075.jpg
2024-04-26,6,Electric Bones,Dust & Ember,100.0,169515,Album,10,False,https://cdn.example.com/covers/021.jpg
2024-04-26,7,Wildflower Ghosts,Bea Whitlock feat. Halcyon Youth,100.0,203198,Album,7,True,https://cdn.example.com/covers/142.jpg
2024-04-26,8,Faded Wires,Nova Reyes,97.0,180231,Album,19,False,https://cdn.example.com/covers/039.jpg
2024-04-26,9,Velvet Vices,Velvet Static,100.0,259460,Single,1,True,https://cdn.example.com/covers/138.jpg
2024-04-26,10,Restless Engines,Milo & The Tides feat. The Lantern Club,100.0,181237,Single,1,True,https://cdn.example.com/covers/096.jpg
2024-04-26,11,Bitter Rooms,Milo & The Tides,100.0,314913,Single,1,True,https://cdn.example.com/covers/013.jpg
2024-04-26,12,Neon Engines,Ruben Castellanos,100.0,245992,Single,1,False,https://cdn.example.com/covers/074.jpg
2024-04-26,13,Sunlit Daylight,Trey Nakamura,100.0,250117,Album,13,False,https://cdn.example.com/covers/124.jpg
2024-04-26,14,Faded Signals,Deja Monroe,97.0,208865,Album,20,False,https://cdn.example.com/covers/035.jpg
2024-04-26,15,Faded Summers,The Paper Kites Co.,96.0,238446,Single,1,False,https://cdn.example.com/covers/036.jpg
2024-04-26,16,Golden Rooms,Nova Reyes,94.0,174403,Album,20,True,https://cdn.example.com/covers/045.jpg
2024-04-26,17,Ivory Weather,Cold Harbor,96.0,141107,Single,1,True,https://cdn.example.com/covers/059.jpg
2024-04-26,18,Restless Vices,Omar Diallo,94.0,207503,Single,1,False,https://cdn.example.com/covers/101.jpg
2024-04-26,19,Bitter Daylight,Lorna Sky,93.0,223885,Album,16,True,https://cdn.example.com/covers/008.jpg
2024-04-26,20,Paper Summers,The Lantern Club,98.0,182828,Single,1,False,https://cdn.example.com/covers/087.jpg
2024-04-26,21,Silver Machines,The Paper Kites Co.,95.0,155826,Single,1,True,https://cdn.example.com/covers/106.jpg
2024-04-26,22,Hollow Summers,Ruben Castellanos,96.0,143513,Single,1,False,https://cdn.example.com/covers/052.jpg
2024-04-26,23,Ivory Cities,Dust & Ember,97.0,197153,Album,8,False,https://cdn.example.com/covers/054.jpg
2024-04-26,24,Quiet Names,Deja Monroe,91.0,155216,Single,1,True,https://cdn.example.com/covers/090.jpg
2024-04-26,25,Velvet Signals,Jaxon Frey,87.0,248290,Single,1,False,https://cdn.example.com/covers/137.jpg
2024-04-26,26,Midnight Summers,The Lantern Club feat. Bea Whitlock,86.0,206872,Album,16,False,https://cdn.example.com/covers/073.jpg
2024-04-26,27,Wildflower Letters,Omar Diallo,83.0,270093,Single,1,False,https://cdn.example.com/covers/143.jpg
2024-04-26,28,Wildflower Summers,Dust & Ember,88.0,216493,Single,1,True,https://cdn.example.com/covers/147.jpg
2024-04-26,29,Sugar Hours,Bea Whitlock,87.0,157479,Single,1,True,https://cdn.example.com/covers/120.jpg
2024-04-26,30,Static Lines,Dust & Ember,88.0,191100,Single,1,True,https://cdn.example.com/covers/112.jpg
2024-04-26,31,Restless Highways,Halcyon Youth,84.0,171215,Single,1,False,https://cdn.example.com/covers/098.jpg
2024-04-26,32,Crimson Ghosts,Velvet Static feat. Dust & Ember,84.0,207632,Single,1,False,https://cdn.example.com/covers/018.jpg
2024-04-26,33,Paper Cities,Velvet Static,84.0,195370,Album,16,False,https://cdn.example.com/covers/081.jpg
2024-04-26,34,Ivory Letters,Saint Avery,80.0,230277,Single,1,False,https://cdn.example.com/covers/057.jpg
2024-04-26,35,Hollow Ghosts,Dust & Ember,83.0,181921,Album,10,True,https://cdn.example.com/covers/048.jpg
2024-04-26,36,Neon Rooms,Bea Whitlock,81.0,178843,Album,18,True,https://cdn.example.com/covers/078.jpg
2024-04-26,37,Ivory Engines,Nova Reyes,81.0,218049,Album,9,False,https://cdn.example.com/covers/055.jpg
2024-04-26,38,Silver Hours,Nova Reyes,69.0,228733,Single,1,True,https://cdn.example.com/covers/104.jpg
2024-04-26,39,Sugar Names,Trey Nakamura,75.0,242733,Album,15,True,https://cdn.example.com/covers/121.jpg
2024-04-26,40,Ivory Summers,Saint Avery,79.0,277100,Album,17,True,https://cdn.example.com/covers/058.jpg
2024-04-26,41,Crimson Daylight,Dust & Ember feat. Trey Nakamura,78.0,203830,Album,16,False,https://cdn.example.com/covers/017.jpg
2024-04-26,42,Golden Machines,Omar Diallo,73.0,209334,Single,1,True,https://cdn.example.com/covers/043.jpg
2024-04-26,43,Paper Engines,Lorna Sky,78.0,202440,Album,18,True,https://cdn.example.com/covers/082.jpg
2024-04-26,44,Quiet Summers,Lorna Sky,69.0,120004,Single,1,False,https://cdn.example.com/covers/092.jpg
2024-04-26,45,Silver Letters,Kira Lindqvist,72.0,135608,Single,1,False,https://cdn.example.com/covers/105.jpg
2024-04-26,46,Static Cities,Bea Whitlock,74.0,202076,Single,1,True,https://cdn.example.com/covers/110.jpg
2024-04-26,47,Bitter Signals,Jaxon Frey,74.0,168881,Single,1,False,https://cdn.example.com/covers/014.jpg
2024-04-26,48,Lonely Vices,Trey Nakamura feat. Deja Monroe,69.0,220669,Album,14,False,https://cdn.example.com/covers/066.jpg
2024-04-26,49,Neon Summers,Dust & Ember feat. Saint Avery,68.0,172623,Single,1,True,https://cdn.example.com/covers/079.jpg
2024-04-26,50,Ashen Rooms,Saint Avery feat. The Paper Kites Co.,70.0,221034,Album,20,True,https://cdn.example.com/covers/006.jpg
2024-04-27,1,Faded Cities,Jaxon Frey feat. Nova Reyes,100.0,282662,Album,10,False,https://cdn.example.com/covers/028.jpg
2024-04-27,2,Electric Engines,Saint Avery,100.0,208822,Single,1,True,https://cdn.example.com/covers/022.jpg
2024-04-27,3,Restless Daylight,Bea Whitlock feat. Kira Lindqvist,100.0,218322,Album,6,True,https://cdn.example.com/covers/095.jpg
2024-04-27,4,Electric Lines,Priya Anand feat. Milo & The Tides,100.0,264533,Album,18,False,https://cdn.example.com/covers/023.jpg
2024-04-27,5,Velvet Vices,Velvet Static,100.0,259460,Single,1,True,https://cdn.example.com/covers/138.jpg
2024-04-27,6,Faded Wires,Nova Reyes,100.0,180231,Album,19,False,https://cdn.example.com/covers/039.jpg
2024-04-27,7,Wildflower Ghosts,Bea Whitlock feat. Halcyon Youth,100.0,203198,Album,7,True,https://cdn.example.com/covers/142.jpg
2024-04-27,8,Neon Highways,Kira Lindqvist,100.0,257162,Single,1,True,https://cdn.example.com/covers/075.jpg
2024-04-27,9,Electric Bones,Dust & Ember,97.0,169515,Album,10,False,https://cdn.example.com/covers/021.jpg
2024-04-27,10,Neon Engines,Ruben Castellanos,100.0,245992,Single,1,False,https://cdn.example.com/covers/074.jpg
2024-04-27,11,Bitter Rooms,Milo & The Tides,94.0,314913,Single,1,True,https://cdn.example.com/covers/013.jpg
2024-04-27,12,Faded Summers,The Paper Kites Co.,99.0,238446,Single,1,False,https://cdn.example.com/covers/036.jpg
2024-04-27,13,Silver Machines,The Paper Kites Co.,91.0,155826,Single,1,True,https://cdn.example.com/covers/106.jpg
2024-04-27,14,Restless Engines,Milo & The Tides feat. The Lantern Club,96.0,181237,Single,1,True,https://cdn.example.com/covers/096.jpg
2024-04-27,15,Paper Summers,The Lantern Club,94.0,182828,Single,1,False,https://cdn.example.com/covers/087.jpg
2024-04-27,16,Sunlit Daylight,Trey Nakamura,95.0,250117,Album,13,False,https://cdn.example.com/covers/124.jpg
2024-04-27,17,Bitter Daylight,Lorna Sky,94.0,223885,Album,16,True,https://cdn.example.com/covers/008.jpg
2024-04-27,18,Restless Vices,Omar Diallo,99.0,207503,Single,1,False,https://cdn.example.com/covers/101.jpg
2024-04-27,19,Golden Rooms,Nova Reyes,94.0,174403,Album,20,True,https://cdn.example.com/covers/045.jpg
2024-04-27,20,Faded Signals,Deja Monroe,88.0,208865,Album,20,False,https://cdn.example.com/covers/035.jpg
2024-04-27,21,Ivory Weather,Cold Harbor,90.0,141107,Single,1,True,https://cdn.example.com/covers/059.jpg
2024-04-27,22,Ivory Cities,Dust & Ember,92.0,197153,Album,8,False,https://cdn.example.com/covers/054.jpg
2024-04-27,23,Quiet Names,Deja Monroe,92.0,155216,Single,1,True,https://cdn.example.com/covers/090.jpg
2024-04-27,24,Velvet Signals,Jaxon Frey,90.0,248290,Single,1,False,https://cdn.example.com/covers/137.jpg
2024-04-27,25,Static Lines,Dust & Ember,83.0,191100,Single,1,True,https://cdn.example.com/covers/112.jpg
2024-04-27,26,Restless Highways,Halcyon Youth,79.0,171215,Single,1,False,https://cdn.example.com/covers/098.jpg
2024-04-27,27,Hollow Summers,Ruben Castellanos,84.0,143513,Single,1,False,https://cdn.example.com/covers/052.jpg
2024-04-27,28,Wildflower Summers,Dust & Ember,85.0,216493,Single,1,True,https://cdn.example.com/covers/147.jpg
2024-04-27,29,Paper Engines,Lorna Sky,88.0,202440,Album,18,True,https://cdn.example.com/covers/082.jpg
2024-04-27,30,Sugar Names,Trey Nakamura,80.0,242733,Album,15,True,https://cdn.example.com/covers/121.jpg
2024-04-27,31,Paper Cities,Velvet Static,83.0,195370,Album,16,False,https://cdn.example.com/covers/081.jpg
2024-04-27,32,Silver Hours,Nova Reyes,80.0,228733,Single,1,True,https://cdn.example.com/covers/104.jpg
2024-04-27,33,Wildflower Letters,Omar Diallo,81.0,270093,Single,1,False,https://cdn.example.com/covers/143.jpg
2024-04-27,34,Midnight Summers,The Lantern Club feat. Bea Whitlock,84.0,206872,Album,16,False,https://cdn.example.com/covers/073.jpg
2024-04-27,35,Crimson Daylight,Dust & Ember feat. Trey Nakamura,77.0,203830,Album,16,False,https://cdn.example.com/covers/017.jpg
2024-04-27,36,Ivory Letters,Saint Avery,80.0,230277,Single,1,False,https://cdn.example.com/covers/057.jpg
2024-04-27,37,Neon Rooms,Bea Whitlock,80.0,178843,Album,18,True,https://cdn.example.com/covers/078.jpg
2024-04-27,38,Crimson Ghosts,Velvet Static feat. Dust & Ember,84.0,207632,Single,1,False,https://cdn.example.com/covers/018.jpg
2024-04-27,39,Quiet Summers,Lorna Sky,77.0,120004,Single,1,False,https://cdn.example.com/covers/092.jpg
2024-04-27,40,Ivory Summers,Saint Avery,79.0,277100,Album,17,True,https://cdn.example.com/covers/058.jpg
2024-04-27,41,Silver Letters,Kira Lindqvist,71.0,135608,Single,1,False,https://cdn.example.com/covers/105.jpg
2024-04-27,42,Sugar Hours,Bea Whitlock,84.0,157479,Single,1,True,https://cdn.example.com/covers/120.jpg
2024-04-27,43,Static Cities,Bea Whitlock,71.0,202076,Single,1,True,https://cdn.example.com/covers/110.jpg
2024-04-27,44,Lonely Vices,Trey Nakamura feat. Deja Monroe,73.0,220669,Album,14,False,https://cdn.example.com/covers/066.jpg
2024-04-27,45,Ivory Engines,Nova Reyes,78.0,218049,Album,9,False,https://cdn.example.com/covers/055.jpg
2024-04-27,46,Hollow Ghosts,Dust & Ember,75.0,181921,Album,10,True,https://cdn.example.com/covers/048.jpg
2024-04-27,47,Sugar Cities,Velvet Static,70.0,262484,Single,1,False,https://cdn.example.com/covers/117.jpg
2024-04-27,48,Golden Machines,Omar Diallo,,209334,Single,1,True,https://cdn.example.com/covers/043.jpg
2024-04-27,49,Bitter Signals,Jaxon Frey,66.0,168881,Single,1,False,https://cdn.example.com/covers/014.jpg
2024-04-27,50,Neon Summers,Dust & Ember feat. Saint Avery,66.0,172623,Single,1,True,https://cdn.example.com/covers/079.jpg
2024-04-28,1,Restless Daylight,Bea Whitlock feat. Kira Lindqvist,100.0,218322,Album,6,True,https://cdn.example.com/covers/095.jpg
2024-04-28,2,Faded Cities,Jaxon Frey feat. Nova Reyes,100.0,282662,Album,10,False,https://cdn.example.com/covers/028.jpg
2024-04-28,3,Electric Lines,Priya Anand feat. Milo & The Tides,100.0,264533,Album,18,False,https://cdn.example.com/covers/023.jpg
2024-04-28,4,Electric Engines,Saint Avery,100.0,208822,Single,1,True,https://cdn.example.com/covers/022.jpg
2024-04-28,5,Neon Highways,Kira Lindqvist,100.0,257162,Single,1,True,https://cdn.example.com/covers/075.jpg
2024-04-28,6,Faded Wires,Nova Reyes,100.0,180231,Album,19,False,https://cdn.example.com/covers/039.jpg
2024-04-28,7,Wildflower Ghosts,Bea Whitlock feat. Halcyon Youth,100.0,203198,Album,7,True,https://cdn.example.com/covers/142.jpg
2024-04-28,8,Velvet Vices,Velvet Static,99.0,259460,Single,1,True,https://cdn.example.com/covers/138.jpg
2024-04-28,9,Neon Engines,Ruben Castellanos,95.0,245992,Single,1,False,https://cdn.example.com/covers/074.jpg
2024-04-28,10,Restless Engines,Milo & The Tides feat. The Lantern Club,100.0,181237,Single,1,True,https://cdn.example.com/covers/096.jpg
2024-04-28,11,Electric Bones,Dust & Ember,96.0,169515,Album,10,False,https://cdn.example.com/covers/021.jpg
2024-04-28,12,Bitter Rooms,Milo & The Tides,98.0,314913,Single,1,True,https://cdn.example.com/covers/013.jpg
2024-04-28,13,Ivory Weather,Cold Harbor,95.0,141107,Single,1,True,https://cdn.example.com/covers/059.jpg
2024-04-28,14,Restless Vices,Omar Diallo,100.0,207503,Single,1,False,https://cdn.example.com/covers/101.jpg
2024-04-28,15,Paper Summers,The Lantern Club,90.0,182828,Single,1,False,https://cdn.example.com/covers/087.jpg
2024-04-28,16,Faded Summers,The Paper Kites Co.,89.0,238446,Single,1,False,https://cdn.example.com/covers/036.jpg
2024-04-28,17,Faded Signals,Deja Monroe,92.0,208865,Album,20,False,https://cdn.example.com/covers/035.jpg
2024-04-28,18,Bitter Daylight,Lorna Sky,99.0,223885,Album,16,True,https://cdn.example.com/covers/008.jpg
2024-04-28,19,Silver Machines,The Paper Kites Co.,94.0,155826,Single,1,True,https://cdn.example.com/covers/106.jpg
2024-04-28,20,Sunlit Daylight,Trey Nakamura,92.0,250117,Album,13,False,https://cdn.example.com/covers/124.jpg
2024-04-28,21,Static Lines,Dust & Ember,92.0,191100,Single,1,True,https://cdn.example.com/covers/112.jpg
2024-04-28,22,Golden Rooms,Nova Reyes,93.0,174403,Album,20,True,https://cdn.example.com/covers/045.jpg
2024-04-28,23,Hollow Summers,Ruben Castellanos,94.0,143513,Single,1,False,https://cdn.example.com/covers/052.jpg
2024-04-28,24,Ivory Cities,Dust & Ember,88.0,197153,Album,8,False,https://cdn.example.com/covers/054.jpg
2024-04-28,25,Quiet Names,Deja Monroe,87.0,155216,Single,1,True,https://cdn.example.com/covers/090.jpg
2024-04-28,26,Velvet Signals,Jaxon Frey,83.0,248290,Single,1,False,https://cdn.example.com/covers/137.jpg
2024-04-28,27,Wildflower Letters,Omar Diallo,80.0,270093,Single,1,False,https://cdn.example.com/covers/143.jpg
2024-04-28,28,Restless Highways,Halcyon Youth,84.0,171215,Single,1,False,https://cdn.example.com/covers/098.jpg
2024-04-28,29,Wildflower Summers,Dust & Ember,84.0,216493,Single,1,True,https://cdn.example.com/covers/147.jpg
2024-04-28,30,Neon Rooms,Bea Whitlock,79.0,178843,Album,18,True,https://cdn.example.com/covers/078.jpg
2024-04-28,31,Midnight Summers,The Lantern Club feat. Bea Whitlock,79.0,206872,Album,16,False,https://cdn.example.com/covers/073.jpg
2024-04-28,32,Sugar Hours,Bea Whitlock,84.0,157479,Single,1,True,https://cdn.example.com/covers/120.jpg
2024-04-28,33,Paper Engines,Lorna Sky,87.0,202440,Album,18,True,https://cdn.example.com/covers/082.jpg
2024-04-28,34,Quiet Summers,Lorna Sky,80.0,120004,Single,1,False,https://cdn.example.com/covers/092.jpg
2024-04-28,35,Golden Machines,Omar Diallo,81.0,209334,Single,1,True,https://cdn.example.com/covers/043.jpg
2024-04-28,36,Ivory Letters,Saint Avery,75.0,230277,Single,1,False,https://cdn.example.com/covers/057.jpg
2024-04-28,37,Ivory Summers,Saint Avery,80.0,277100,Album,17,True,https://cdn.example.com/covers/058.jpg
2024-04-28,38,Crimson Daylight,Dust & Ember feat. Trey Nakamura,72.0,203830,Album,16,False,https://cdn.example.com/covers/017.jpg
2024-04-28,39,Crimson Ghosts,Velvet Static feat. Dust & Ember,79.0,207632,Single,1,False,https://cdn.example.com/covers/018.jpg
2024-04-28,40,Lonely Vices,Trey Nakamura feat. Deja Monroe,77.0,220669,Album,14,False,https://cdn.example.com/covers/066.jpg
2024-04-28,41,Paper Cities,Velvet Static,78.0,195370,Album,16,False,https://cdn.example.com/covers/081.jpg
2024-04-28,42,Sugar Names,Trey Nakamura,81.0,242733,Album,15,True,https://cdn.example.com/covers/121.jpg
2024-04-28,43,Silver Hours,Nova Reyes,79.0,228733,Single,1,True,https://cdn.example.com/covers/104.jpg
2024-04-28,44,Ivory Engines,Nova Reyes,73.0,218049,Album,9,False,https://cdn.example.com/covers/055.jpg
2024-04-28,45,Silver Letters,Kira Lindqvist,71.0,135608,Single,1,False,https://cdn.example.com/covers/105.jpg
2024-04-28,46,Hollow Ghosts,Dust & Ember,72.0,181921,Album,10,True,https://cdn.example.com/covers/048.jpg
2024-04-28,47,Static Cities,Bea Whitlock,76.0,202076,Single,1,True,https://cdn.example.com/covers/110.jpg
2024-04-28,48,Sugar Cities,Velvet Static,71.0,262484,Single,1,False,https://cdn.example.com/covers/117.jpg
2024-04-28,49,Sunlit Highways,Kira Lindqvist,71.0,259501,Album,7,True,https://cdn.example.com/covers/125.jpg
2024-04-28,50,Bitter Signals,Jaxon Frey,73.0,168881,Single,1,False,https://cdn.example.com/covers/014.jpg
2024-04-29,1,Electric Engines,Saint Avery,100.0,208822,Single,1,True,https://cdn.example.com/covers/022.jpg
2024-04-29,2,Electric Lines,Priya Anand feat. Milo & The Tides,100.0,264533,Album,18,False,https://cdn.example.com/covers/023.jpg
2024-04-29,3,Faded Cities,Jaxon Frey feat. Nova Reyes,100.0,282662,Album,10,False,https://cdn.example.com/covers/028.jpg
2024-04-29,4,Restless Daylight,Bea Whitlock feat. Kira Lindqvist,100.0,218322,Album,6,True,https://cdn.example.com/covers/095.jpg
2024-04-29,5,Faded Wires,Nova Reyes,100.0,180231,Album,19,False,https://cdn.example.com/covers/039.jpg
2024-04-29,6,Neon Highways,Kira Lindqvist,100.0,257162,Single,1,True,https://cdn.example.com/covers/075.jpg
2024-04-29,7,Wildflower Ghosts,Bea Whitlock feat. Halcyon Youth,100.0,203198,Album,7,True,https://cdn.example.com/covers/142.jpg
2024-04-29,8,Neon Engines,Ruben Castellanos,97.0,245992,Single,1,False,https://cdn.example.com/covers/074.jpg
2024-04-29,9,Velvet Vices,Velvet Static,99.0,259460,Single,1,True,https://cdn.example.com/covers/138.jpg
2024-04-29,10,Electric Bones,Dust & Ember,100.0,169515,Album,10,False,https://cdn.example.com/covers/021.jpg
2024-04-29,11,Bitter Rooms,Milo & The Tides,100.0,314913,Single,1,True,https://cdn.example.com/covers/013.jpg
2024-04-29,12,Restless Engines,Milo & The Tides feat. The Lantern Club,100.0,181237,Single,1,True,https://cdn.example.com/covers/096.jpg
2024-04-29,13,Faded Signals,Deja Monroe,100.0,208865,Album,20,False,https://cdn.example.com/covers/035.jpg
2024-04-29,14,Sunlit Daylight,Trey Nakamura,93.0,250117,Album,13,False,https://cdn.example.com/covers/124.jpg
2024-04-29,15,Faded Summers,The Paper Kites Co.,95.0,238446,Single,1,False,https://cdn.example.com/covers/036.jpg
2024-04-29,16,Ivory Weather,Cold Harbor,96.0,141107,Single,1,True,https://cdn.example.com/covers/059.jpg
2024-04-29,17,Silver Machines,The Paper Kites Co.,95.0,155826,Single,1,True,https://cdn.example.com/covers/106.jpg
2024-04-29,18,Restless Vices,Omar Diallo,98.0,207503,Single,1,False,https://cdn.example.com/covers/101.jpg
2024-04-29,19,Bitter Daylight,Lorna Sky,93.0,223885,Album,16,True,https://cdn.example.com/covers/008.jpg
2024-04-29,20,Golden Rooms,Nova Reyes,91.0,174403,Album,20,True,https://cdn.example.com/covers/045.jpg
2024-04-29,21,Static Lines,Dust & Ember,85.0,191100,Single,1,True,https://cdn.example.com/covers/112.jpg
2024-04-29,22,Quiet Names,Deja Monroe,93.0,155216,Single,1,True,https://cdn.example.com/covers/090.jpg
2024-04-29,23,Ivory Cities,Dust & Ember,95.0,197153,Album,8,False,https://cdn.example.com/covers/054.jpg
2024-04-29,24,Paper Summers,The Lantern Club,83.0,182828,Single,1,False,https://cdn.example.com/covers/087.jpg
2024-04-29,25,Velvet Signals,Jaxon Frey,89.0,248290,Single,1,False,https://cdn.example.com/covers/137.jpg
2024-04-29,26,Restless Highways,Halcyon Youth,83.0,171215,Single,1,False,https://cdn.example.com/covers/098.jpg
2024-04-29,27,Wildflower Summers,Dust & Ember,89.0,216493,Single,1,True,https://cdn.example.com/covers/147.jpg
2024-04-29,28,Wildflower Letters,Omar Diallo,91.0,270093,Single,1,False,https://cdn.example.com/covers/143.jpg
2024-04-29,29,Hollow Summers,Ruben Castellanos,84.0,143513,Single,1,False,https://cdn.example.com/covers/052.jpg
2024-04-29,30,Quiet Summers,Lorna Sky,86.0,120004,Single,1,False,https://cdn.example.com/covers/092.jpg
2024-04-29,31,Ivory Letters,Saint Avery,78.0,230277,Single,1,False,https://cdn.example.com/covers/057.jpg
2024-04-29,32,Ivory Engines,Nova Reyes,84.0,218049,Album,9,False,https://cdn.example.com/covers/055.jpg
2024-04-29,33,Sugar Hours,Bea Whitlock,81.0,157479,Single,1,True,https://cdn.example.com/covers/120.jpg
2024-04-29,34,Paper Cities,Velvet Static,76.0,195370,Album,16,False,https://cdn.example.com/covers/081.jpg
2024-04-29,35,Midnight Summers,The Lantern Club feat. Bea Whitlock,79.0,206872,Album,16,False,https://cdn.example.com/covers/073.jpg
2024-04-29,36,Neon Rooms,Bea Whitlock,82.0,178843,Album,18,True,https://cdn.example.com/covers/078.jpg
2024-04-29,37,Silver Letters,Kira Lindqvist,82.0,135608,Single,1,False,https://cdn.example.com/covers/105.jpg
2024-04-29,38,Crimson Ghosts,Velvet Static feat. Dust & Ember,75.0,207632,Single,1,False,https://cdn.example.com/covers/018.jpg
2024-04-29,39,Paper Engines,Lorna Sky,77.0,202440,Album,18,True,https://cdn.example.com/covers/082.jpg
2024-04-29,40,Sugar Names,Trey Nakamura,75.0,242733,Album,15,True,https://cdn.example.com/covers/121.jpg
2024-04-29,41,Hollow Ghosts,Dust & Ember,81.0,181921,Album,10,True,https://cdn.example.com/covers/048.jpg
2024-04-29,42,Golden Machines,Omar Diallo,77.0,209334,Single,1,True,https://cdn.example.com/covers/043.jpg
2024-04-29,43,Ivory Summers,Saint Avery,71.0,277100,Album,17,True,https://cdn.example.com/covers/058.jpg
2024-04-29,44,Silver Hours,Nova Reyes,76.0,228733,Single,1,True,https://cdn.example.com/covers/104.jpg
2024-04-29,45,Crimson Daylight,Dust & Ember feat. Trey Nakamura,79.0,203830,Album,16,False,https://cdn.example.com/covers/017.jpg
2024-04-29,46,Static Cities,Bea Whitlock,77.0,202076,Single,1,True,https://cdn.example.com/covers/110.jpg
2024-04-29,47,Sunlit Highways,Kira Lindqvist,69.0,259501,Album,7,True,https://cdn.example.com/covers/125.jpg
2024-04-29,48,Lonely Vices,Trey Nakamura feat. Deja Monroe,71.0,220669,Album,14,False,https://cdn.example.com/covers/066.jpg
2024-04-29,49,Sugar Cities,Velvet Static,66.0,262484,Single,1,False,https://cdn.example.com/covers/117.jpg
2024-04-29,50,Bitter Signals,Jaxon Frey,68.0,168881,Single,1,False,https://cdn.example.com/covers/014.jpg
2024-03-07,47,Static Wires,The Paper Kites Co. feat. Ruben Castellanos,77.0,171130,Single,1,False,https://cdn.example.com/covers/115.jpg
2024-04-19,12,Bitter Daylight,Lorna Sky,93.0,223885,Album,16,True,https://cdn.example.com/covers/008.jpg
2024-02-17,3,Neon Summers,Dust & Ember feat. Saint Avery,100.0,172623,Single,1,True,https://cdn.example.com/covers/079.jpg
2024-03-27,21,Paper Summers,The Lantern Club,85.0,182828,Single,1,False,https://cdn.example.com/covers/087.jpg
2024-03-06,30,Wildflower Signals,Dust & Ember,85.0,277579,Single,1,True,https://cdn.example.com/covers/146.jpg
2024-03-14,26,Golden Engines,Saint Avery,85.0,237976,Album,18,True,https://cdn.example.com/covers/042.jpg
2024-01-04,30,Sunlit Crowns,Kira Lindqvist,86.0,189400,Single,1,False,https://cdn.example.com/covers/123.jpg
2024-01-19,6,Faded Crowns,Jaxon Frey,100.0,146551,Album,17,True,https://cdn.example.com/covers/029.jpg
2024-01-23,38,Quiet Cities,Halcyon Youth,79.0,190645,Album,11,True,https://cdn.example.com/covers/088.jpg
2024-02-10,44,Velvet Vices,Velvet Static,82.0,259460,Single,1,True,https://cdn.example.com/covers/138.jpg
2024-01-21,43,Lonely Machines,Lorna Sky,80.0,254785,Single,1,True,https://cdn.example.com/covers/062.jpg
2024-02-22,5,Golden Engines,Saint Avery,99.0,237976,Album,18,True,https://cdn.example.com/covers/042.jpg
2024-01-24,20,Neon Summers,Dust & Ember feat. Saint Avery,93.0,172623,Single,1,True,https://cdn.example.com/covers/079.jpg
2024-03-06,6,Velvet Vices,Velvet Static,100.0,259460,Single,1,True,https://cdn.example.com/covers/138.jpg
2024-03-29,50,Restless Ghosts,Milo & The Tides,75.0,132699,Single,1,True,https://cdn.example.com/covers/097.jpg
